Data	Nome da comum 	Moças	Moços	Meninas	Meninos
14/12/2019	Jd. Álamo	15	7	10	9
15/12/2019	Jd. Ponte Alta	20	20	15	15
15/12/2019	Jd. Triunfo	13	15	8	5
15/12/2019	Jd. Ponte Alta	18	23	15	18
15/12/2019	Jd. Ponte Alta	20	20	15	15
15/12/2019	Jd. Lavras	25	25	25	25
15/12/2019	Jd. Pres. Dutra	24	27	15	18
15/12/2019	Jd. Vila Rica	20	18	10	8
15/12/2019	Vila União	11	13	16	7
15/12/2019	Cid. Nova Soberana	24	22	19	15
17/12/2019	Inocoop I	40	35	50	45
17/12/2019	Inocoop II	20	16	30	42
17/12/2019	Soberana II	27	31	10	11
18/12/2019	Inocoop I	20	25	30	35
19/12/2019	Inocoop II	10	10	8	10
19/12/2019	Inocoop II	10	10	8	10
19/12/2019	Jd. Pres. Dutra	22	37	20	20
19/12/2019	Jd. Álamo	20	18	30	25
19/12/2019	Jd. Ponte Alta II	6	7	9	7
19/12/2019	Jd. Ponte Alta II	10	6	7	6
19/12/2019	Soberana I	30	20	20	15
19/12/2019	Inocoop I	37	38	27	28
19/12/2019	Jd. Novo Portugal	100	100	30	30
19/12/2019	Inocoop II	21	20	16	14
19/12/2019	Jd. Maria Dirce	12	4	4	4
19/12/2019	Jd. Fortaleza II	13	10	7	5
19/12/2019	Jd. Munira	19	15	20	23
19/12/2019	Soberana II	5	7	3	11
19/12/2019	Soberana I	18	18	20	16
19/12/2019	Pq. Residencial Bambi	20	20	15	15
19/12/2019	Pq. Santos Dumont	23	25	17	19
19/12/2019	Vila Carmela	10	10	10	10
19/12/2019	Jd. Fortaleza	18	14	12	11
19/12/2019	Jd. Fátima	20	22	15	10
19/12/2019	Jd. Fortaleza III	21	18	15	12
19/12/2019	Jd. Lavras	23	25	27	23
19/12/2019	Vila São José	25	28	30	20
19/12/2019	Vila Nova Bonsucesso	27	25	17	16
19/12/2019	Jd. St. Paula	20	20	15	15
19/12/2019	Inocoop I	37	38	27	28
20/12/2019	Jd. Lenize	14	11	12	8
22/12/2019	Jd. Triunfo	21	21	20	20
22/12/2019	Maria Paula	17	14	10	19
24/12/2019	Jd. Novo Portugal	40	35	30	40
01/01/2020	Soberana I	15	13	19	17
01/01/2020	Jd. Fátima	7	11	11	11
05/01/2020	Jd. Fortaleza II	10	10	5	5
05/01/2020	Jd. Ponte Alta II	9	6	11	6
05/01/2020	Vila Nova Bonsucesso	38	32	13	13
05/01/2020	Jd. Fortaleza III	18	20	7	12
05/01/2020	Jd. St. Paula	7	7	12	15
05/01/2020	Jd. Vila Rica	23	17	9	10
05/01/2020	Vila São José	18	17	12	20
05/01/2020	Maria Paula	32	15	8	13
05/01/2020	Jd. Triunfo	17	15	16	6
05/01/2020	Soberana I	20	13	24	22
05/01/2020	Jd. Pres. Dutra	18	25	16	14
05/01/2020	Jd. Novo Portugal	33	38	31	27
05/01/2020	Inocoop II	10	12	9	5
05/01/2020	Inocoop I	42	24	46	30
05/01/2020	Jd. Lavras	28	33	17	19
05/01/2020	Soberana II	7	11	10	15
05/01/2020	Pq. Santos Dumont	13	17	11	19
05/01/2020	Jd. Fortaleza III	18	20	7	12
05/01/2020	Jd. Lenize	16	5	5	11
05/01/2020	Cid. Nova Soberana	20	18	15	16
05/01/2020	Jd. Munira	20	22	15	16
05/01/2020	Jd. Fortaleza	12	16	14	12
05/01/2020	Vila Carmela	27	25	27	30
05/01/2020	Pq. Residencial Bambi	15	17	9	9
05/01/2020	Jd. Ponte Alta	19	13	9	13
05/01/2020	Jd. Ponte Alta	19	13	9	13
05/01/2020	Jd. Álamo	15	5	16	10
05/01/2020	Jd. Maria Dirce	7	4	8	3
05/01/2020	Vila União	6	4	18	7
12/01/2020	Jd. Álamo	10	16	17	23
12/01/2020	Inocoop I	26	23	44	26
12/01/2020	Cid. Nova Soberana	15	16	17	10
12/01/2020	Vila São José	16	17	14	21
12/01/2020	Jd. Triunfo	07	09	06	09
12/01/2020	Jd. Vila Rica	4	9	5	3
12/01/2020	Jd. Ponte Alta II	5	8	7	8
12/01/2020	Vila Nova Bonsucesso	42	26	12	9
12/01/2020	Jd. Fortaleza II	4	7	8	5
12/01/2020	Maria Paula	14	12	4	8
12/01/2020	Jd. Triunfo	07	09	06	09
12/01/2020	Jd. St. Paula	5	5	9	12
12/01/2020	Soberana II	6	9	8	14
12/01/2020	Jd. Maria Dirce	07	04	08	04
12/01/2020	Jd. Fortaleza	14	11	19	16
12/01/2020	Jd. Fátima	17	13	14	17
12/01/2020	Pq. Residencial Bambi	15	13	15	10
12/01/2020	Vila Carmela	24	32	30	23
12/01/2020	Jd. Lavras	28	29	26	28
12/01/2020	Jd. Fortaleza III	15	7	12	6
12/01/2020	Jd. Lenize	10	8	13	3
12/01/2020	Pq. Santos Dumont	23	21	15	16
12/01/2020	Jd. Ponte Alta	17	13	11	17
12/01/2020	Soberana I	32	20	16	14
12/01/2020	Inocoop II	16	12	5	13
12/01/2020	Soberana I	32	20	16	14
12/01/2020	Vila União	08	11	14	4
12/01/2020	Jd. Munira	29	11	18	17
19/01/2020	Inocoop II	16	14	7	15
19/01/2020	Inocoop II	16	14	7	15
19/01/2020	Vila São José	16	11	12	10
19/01/2020	Inocoop II	16	14	7	15
19/01/2020	Jd. Pres. Dutra	20	15	10	9
19/01/2020	Jd. Ponte Alta II	8	8	5	15
19/01/2020	Jd. Ponte Alta II	8	16	5	15
19/01/2020	Jd. Triunfo	30	40	20	11
19/01/2020	Jd. Vila Rica	10	5	4	4
19/01/2020	Jd. Triunfo	30	40	20	11
19/01/2020	Maria Paula	16	12	14	16
19/01/2020	Jd. Ponte Alta	18	21	5	4
19/01/2020	Soberana I	13	9	16	12
19/01/2020	Vila Carmela	33	39	43	19
19/01/2020	Jd. Maria Dirce	6	3	7	5
19/01/2020	Jd. Fortaleza III	13	18	9	10
19/01/2020	Inocoop I	25	21	27	25
19/01/2020	Jd. Fátima	13	16	13	14
19/01/2020	Jd. Fortaleza	14	14	12	10
19/01/2020	Jd. Lavras	20	30	12	16
19/01/2020	Jd. Novo Portugal	36	36	26	36
19/01/2020	Pq. Santos Dumont	23	22	23	18
19/01/2020	Jd. Álamo	19	17	12	11
19/01/2020	Cid. Nova Soberana	21	19	14	13
19/01/2020	Soberana II	11	11	5	9
19/01/2020	Pq. Residencial Bambi	17	17	17	17
19/01/2020	Jd. St. Paula	7	8	12	21
19/01/2020	Vila União	09	10	15	05
19/01/2020	Inocoop II	16	14	7	15
19/01/2020	Jd. Lenize	11	4	6	7
19/01/2020	Jd. Munira	24	11	19	10
24/01/2020	Jd. Lavras	23	25	18	15
25/01/2020	Jd. Novo Portugal	36	26	30	24
26/01/2020	Vila Nova Bonsucesso	30	26	14	11
26/01/2020	Vila Nova Bonsucesso	30	26	14	11
26/01/2020	Jd. Fortaleza II	10	05	09	05
26/01/2020	Jd. Fortaleza II	10	05	09	05
26/01/2020	Jd. Álamo	10	12	12	10
26/01/2020	Jd. Lavras	19	26	25	30
26/01/2020	Jd. Lenize	10	7	10	8
26/01/2020	Soberana II	8	9	12	17
26/01/2020	Maria Paula	48	52	13	13
26/01/2020	Jd. Ponte Alta II	17	25	18	19
26/01/2020	Jd. Vila Rica	13	12	6	4
26/01/2020	Jd. Triunfo	20	20	10	10
26/01/2020	Jd. Pres. Dutra	18	27	11	22
26/01/2020	Inocoop I	30	20	48	29
26/01/2020	Vila União	6	9	21	9
26/01/2020	Vila São José	18	10	16	22
26/01/2020	Pq. Residencial Bambi	14	15	14	13
26/01/2020	Cid. Nova Soberana	20	19	9	10
26/01/2020	Jd. Fátima	29	35	21	17
26/01/2020	Vila Carmela	24	26	38	26
26/01/2020	Soberana I	19	18	21	16
26/01/2020	Jd. Fortaleza III	16	15	11	8
26/01/2020	Jd. St. Paula	6	8	14	19
26/01/2020	Pq. Santos Dumont	30	32	15	21
26/01/2020	Jd. Munira	22	16	18	19
26/01/2020	Jd. Ponte Alta	12	16	10	17
26/01/2020	Jd. Maria Dirce	6	4	7	1
26/01/2020	Inocoop II	9	18	17	9
01/02/2020	Jd. Pres. Dutra	23	26	11	21
02/02/2020	Jd. Novo Portugal	32	35	22	15
02/02/2020	Jd. Álamo	26	33	28	17
02/02/2020	Jd. Vila Rica	23	24	8	10
02/02/2020	Jd. Lenize	8	6	6	2
02/02/2020	Jd. Fortaleza III	10	5	10	12
02/02/2020	Jd. Triunfo	21	28	05	04
02/02/2020	Jd. Ponte Alta II	14	20	15	20
02/02/2020	Jd. Fortaleza II	12	7	8	4
02/02/2020	Jd. Triunfo	21	28	05	04
02/02/2020	Maria Paula	40	31	14	15
02/02/2020	Maria Paula	40	31	14	15
02/02/2020	Maria Paula	40	31	14	15
02/02/2020	Vila São José	26	18	20	28
02/02/2020	Inocoop I	231	205	31	28
02/02/2020	Pq. Santos Dumont	18	27	14	18
02/02/2020	Soberana I	22	17	21	17
02/02/2020	Cid. Nova Soberana	20	20	13	15
02/02/2020	Jd. Fátima	17	14	17	14
02/02/2020	Jd. Fortaleza III	10	5	10	12
02/02/2020	Jd. Lavras	26	22	15	19
02/02/2020	Jd. Fortaleza	19	20	14	14
02/02/2020	Vila Nova Bonsucesso	27	22	18	11
02/02/2020	Vila Carmela	28	21	34	33
02/02/2020	Soberana II	8	10	8	1
02/02/2020	Jd. Maria Dirce	07	5	7	4
02/02/2020	Vila União	11	10	14	10
02/02/2020	Pq. Residencial Bambi	13	17	19	15
02/02/2020	Jd. St. Paula	6	8	11	16
02/02/2020	Inocoop II	13	17	10	17
02/02/2020	Jd. Ponte Alta	16	10	10	19
02/02/2020	Jd. Munira	19	15	21	25
09/02/2020	Jd. Lenize	07	11	12	07
09/02/2020	Jd. Fortaleza II	5	4	6	4
09/02/2020	Vila Nova Bonsucesso	34	30	20	28
09/02/2020	Jd. Lenize	7	11	12	7
09/02/2020	Jd. Pres. Dutra	22	34	16	21
09/02/2020	Soberana II	8	6	8	15
09/02/2020	Pq. Santos Dumont	31	29	26	20
09/02/2020	Vila São José	20	21	17	24
09/02/2020	Jd. Triunfo	4	11	8	5
09/02/2020	Inocoop I	38	24	38	31
09/02/2020	Jd. Ponte Alta II	9	15	17	15
09/02/2020	Jd. Vila Rica	6	12	7	8
09/02/2020	Maria Paula	11	11	12	9
09/02/2020	Cid. Nova Soberana	24	16	18	16
09/02/2020	Jd. Maria Dirce	5	4	5	1
09/02/2020	Jd. Fátima	16	14	28	22
09/02/2020	Jd. Lavras	27	32	22	27
09/02/2020	Jd. Novo Portugal	27	23	33	35
09/02/2020	Vila União	09	10	18	10
09/02/2020	Jd. Fortaleza III	22	19	10	15
09/02/2020	Jd. Fortaleza	11	14	17	14
09/02/2020	Jd. Álamo	17	11	23	14
09/02/2020	Jd. Munira	33	17	17	18
09/02/2020	Soberana I	18	14	18	20
09/02/2020	Jd. Ponte Alta	24	17	12	13
09/02/2020	Inocoop II	11	12	12	11
09/02/2020	Pq. Residencial Bambi	20	18	19	18
09/02/2020	Jd. St. Paula	9	6	11	20
16/02/2020	Jd. Fortaleza II	5	6	7	3
16/02/2020	Soberana II	7	12	12	16
16/02/2020	Jd. Vila Rica	16	14	11	10
16/02/2020	Vila Carmela	14	21	21	22
16/02/2020	Jd. Lenize	9	7	6	11
16/02/2020	Jd. Fortaleza III	16	7	10	8
16/02/2020	Jd. Pres. Dutra	16	23	19	17
16/02/2020	Vila Nova Bonsucesso	26	24	14	13
16/02/2020	Vila São José	36	46	18	27
16/02/2020	Jd. Ponte Alta II	10	14	16	19
16/02/2020	Jd. Álamo	20	18	15	08
16/02/2020	Jd. Triunfo	29	27	12	8
16/02/2020	Cid. Nova Soberana	20	21	17	22
16/02/2020	Jd. Fátima	21	21	20	12
16/02/2020	Jd. Lenize	9	7	6	11
16/02/2020	Maria Paula	24	21	17	18
16/02/2020	Pq. Santos Dumont	30	35	21	14
16/02/2020	Jd. Novo Portugal	38	37	25	30
16/02/2020	Jd. Fortaleza	21	17	17	13
16/02/2020	Inocoop I	33	19	46	39
16/02/2020	Jd. Maria Dirce	28	24	8	5
16/02/2020	Inocoop II	09	13	16	12
16/02/2020	Jd. St. Paula	5	7	13	23
16/02/2020	Soberana I	28	22	19	17
16/02/2020	Vila União	08	10	17	03
16/02/2020	Pq. Residencial Bambi	16	22	20	19
16/02/2020	Jd. Ponte Alta	15	14	14	21
16/02/2020	Jd. Lavras	24	18	14	20
16/02/2020	Jd. Munira	23	15	17	19
22/02/2020	Jd. St. Paula	7	6	11	14
23/02/2020	Jd. Lenize	13	9	13	11
23/02/2020	Jd. Pres. Dutra	18	27	12	16
23/02/2020	Vila São José	42	31	15	34
23/02/2020	Vila Nova Bonsucesso	34	34	14	14
23/02/2020	Pq. Santos Dumont	23	27	12	20
23/02/2020	Jd. Fortaleza II	10	7	8	6
23/02/2020	Jd. Ponte Alta II	15	16	9	12
23/02/2020	Cid. Nova Soberana	19	18	10	15
23/02/2020	Jd. Vila Rica	17	10	9	15
23/02/2020	Jd. Novo Portugal	28	30	22	28
23/02/2020	Maria Paula	18	15	7	10
23/02/2020	Jd. Triunfo	23	22	07	05
23/02/2020	Soberana II	8	10	18	15
23/02/2020	Soberana I	29	26	14	17
23/02/2020	Inocoop I	62	110	50	12
23/02/2020	Jd. Fortaleza	15	15	14	13
23/02/2020	Vila Carmela	27	38	23	21
23/02/2020	Jd. Lavras	23	32	19	23
23/02/2020	Jd. Fátima	14	11	15	10
23/02/2020	Inocoop II	12	18	10	15
23/02/2020	Pq. Residencial Bambi	26	25	19	23
23/02/2020	Jd. Fortaleza III	16	12	11	5
23/02/2020	Jd. Munira	27	22	17	12
23/02/2020	Jd. Maria Dirce	5	4	2	5
23/02/2020	Jd. Álamo	08	07	11	09
23/02/2020	Vila União	09	06	15	05
23/02/2020	Jd. Ponte Alta	21	11	6	19
01/03/2020	Jd. Pres. Dutra	24	23	8	20
01/03/2020	Vila São José	38	42	18	17
01/03/2020	Jd. Fortaleza II	7	8	6	5
01/03/2020	Cid. Nova Soberana	20	21	15	21
01/03/2020	Vila Nova Bonsucesso	34	24	14	19
01/03/2020	Vila Nova Bonsucesso	37	24	14	19
01/03/2020	Inocoop II	13	17	14	16
01/03/2020	Jd. Ponte Alta II	14	20	13	13
01/03/2020	Jd. Fortaleza III	26	22	10	6
01/03/2020	Jd. Vila Rica	16	20	10	10
01/03/2020	Maria Paula	17	15	21	15
01/03/2020	Inocoop I	39	24	53	49
01/03/2020	Jd. Triunfo	18	19	11	8
01/03/2020	Jd. Fátima	16	17	14	8
01/03/2020	Jd. Novo Portugal	27	21	23	25
01/03/2020	Vila Carmela	39	29	27	14
01/03/2020	Inocoop II	13	17	14	16
01/03/2020	Pq. Residencial Bambi	15	14	14	16
01/03/2020	Inocoop I	41	22	31	35
01/03/2020	Jd. Lavras	26	29	15	26
01/03/2020	Pq. Santos Dumont	25	26	18	19
01/03/2020	Soberana II	7	10	14	19
01/03/2020	Jd. Álamo	17	15	14	14
01/03/2020	Jd. St. Paula	3	4	7	18
01/03/2020	Jd. Maria Dirce	4	3	1	3
01/03/2020	Vila União	08	08	17	04
01/03/2020	Jd. Lenize	5	9	8	3
01/03/2020	Jd. Ponte Alta	18	14	11	13
01/03/2020	Jd. Munira	20	23	11	10
01/03/2020	Jd. Fortaleza	17	16	15	12
08/03/2020	Jd. Ponte Alta II	9	14	10	15
08/03/2020	Vila São José	23	16	13	18
08/03/2020	Cid. Nova Soberana	23	23	14	16
08/03/2020	Jd. Fortaleza II	6	4	5	3
08/03/2020	Vila Nova Bonsucesso	37	36	17	15
08/03/2020	Vila Carmela	19	25	24	25
08/03/2020	Jd. Novo Portugal	38	35	28	29
08/03/2020	Jd. Vila Rica	9	7	8	10
08/03/2020	Jd. Lavras	28	26	16	16
08/03/2020	Jd. Lavras	28	26	16	16
08/03/2020	Jd. Pres. Dutra	23	25	9	15
08/03/2020	Jd. Triunfo	12	11	9	08
08/03/2020	Pq. Santos Dumont	26	27	12	19
08/03/2020	Jd. Triunfo	12	11	9	08
08/03/2020	Maria Paula	06	06	13	14
08/03/2020	Inocoop II	16	16	13	16
08/03/2020	Soberana I	26	20	10	13
08/03/2020	Jd. St. Paula	7	5	12	16
08/03/2020	Jd. Ponte Alta	19	18	15	19
08/03/2020	Jd. Fátima	17	20	21	14
08/03/2020	Soberana II	9	8	2	13
08/03/2020	Pq. Residencial Bambi	18	21	17	16
08/03/2020	Jd. Maria Dirce	7	4	5	6
08/03/2020	Jd. Álamo	19	14	18	08
08/03/2020	Jd. Fortaleza	15	18	18	20
08/03/2020	Jd. Fortaleza III	21	12	11	7
08/03/2020	Vila União	3	12	10	7
08/03/2020	Jd. St. Paula	7	5	12	16
08/03/2020	Jd. Munira	15	21	20	12
12/05/2020	Jd. Pres. Dutra	23	24	13	14
06/12/2020	Maria Paula	15	14	1	0
06/12/2020	Jd. Pres. Dutra	27	31	1	0
06/12/2020	Jd. Lavras	26	28	1	0
06/12/2020	Soberana I	21	16	5	10
06/12/2020	Jd. St. Paula	5	5	1	6
06/12/2020	Jd. Vila Rica	16	10	1	0
06/12/2020	Jd. Ponte Alta	15	19	1	0
06/12/2020	Vila Carmela	21	25	5	6
06/12/2020	Inocoop I	58	47	1	0
06/12/2020	Jd. Fortaleza III	15	7	1	0
06/12/2020	Jd. Fortaleza	12	12	1	0
13/12/2020	Jd. Munira	17	18	1	0
13/12/2020	Soberana I	27	16	12	10
13/12/2020	Soberana I	27	16	12	10
13/12/2020	Maria Paula	16	10	1	1
13/12/2020	Jd. Pres. Dutra	19	32	1	0
13/12/2020	Vila Nova Bonsucesso	32	29	1	0
13/12/2020	Jd. Ponte Alta II	5	5	2	5
13/12/2020	Inocoop I	73	44	1	0
13/12/2020	Pq. Residencial Bambi	21	25	1	0
13/12/2020	Jd. Lavras	23	27	1	0
13/12/2020	Jd. Fortaleza	12	8	1	1
13/12/2020	Jd. Munira	17	18	1	0
13/12/2020	Pq. Santos Dumont	28	20	1	0
13/12/2020	Cid. Nova Soberana	29	22	1	0
13/12/2020	Jd. Álamo	13	12	1	0
13/12/2020	Soberana II	3	5	7	5
13/12/2020	Jd. Maria Dirce	6	3	1	0
13/12/2020	Vila Carmela	19	14	1	4
13/12/2020	Jd. St. Paula	5	4	1	6
13/12/2020	Vila União	12	8	04	02
13/12/2020	Jd. Vila Rica	13	13	1	0
13/12/2020	Jd. Triunfo	14	19	1	0
13/12/2020	Jd. Fortaleza III	5	13	1	0
13/12/2020	Jd. Ponte Alta	15	16	2	5
20/12/2020	Jd. Pres. Dutra	25	25	1	0
20/12/2020	Jd. Munira	24	24	1	0
20/12/2020	Soberana I	20	20	9	7
20/12/2020	Jd. Ponte Alta	19	20	1	0
20/12/2020	Soberana I	20	20	9	7
20/12/2020	Cid. Nova Soberana	30	21	1	0
20/12/2020	Jd. Novo Portugal	26	14	22	18
20/12/2020	Jd. Ponte Alta II	6	9	3	3
20/12/2020	Vila Nova Bonsucesso	29	37	1	0
20/12/2020	Jd. Lavras	17	24	1	0
20/12/2020	Jd. Fortaleza III	10	11	1	0
20/12/2020	Soberana II	6	7	5	6
20/12/2020	Jd. St. Paula	4	6	4	4
20/12/2020	Inocoop I	46	28	1	0
20/12/2020	Jd. Fortaleza	14	10	1	0
20/12/2020	Pq. Santos Dumont	25	27	1	0
20/12/2020	Maria Paula	10	6	1	0
20/12/2020	Jd. Vila Rica	11	13	1	0
20/12/2020	Vila União	12	10	1	0
20/12/2020	Jd. Triunfo	13	14	1	0
20/12/2020	Pq. Residencial Bambi	16	13	1	0
20/12/2020	Jd. Munira	24	24	1	0
20/12/2020	Jd. Ponte Alta	19	20	1	0
20/12/2020	Jd. Lavras	17	24	1	0
26/12/2020	Jd. Fortaleza	14	15	10	8
17/01/2021	Jd. Álamo	10	05	11	11
17/01/2021	Jd. Vila Rica	17	11	8	11
17/01/2021	Jd. Pres. Dutra	17	39	11	15
17/01/2021	Vila Nova Bonsucesso	26	24	13	15
17/01/2021	Maria Paula	14	13	18	15
17/01/2021	Pq. Residencial Bambi	9	10	13	13
17/01/2021	Jd. Ponte Alta	10	11	6	9
17/01/2021	Inocoop I	51	44	18	13
17/01/2021	Jd. Ponte Alta	10	11	6	9
20/01/2021	Jd. Novo Portugal	14	16	22	22
24/01/2021	Jd. Álamo	7	8	14	12
24/01/2021	Jd. Triunfo	11	10	1	0
24/01/2021	Jd. Vila Rica	7	8	9	9
24/01/2021	Jd. Pres. Dutra	14	29	7	10
24/01/2021	Vila Nova Bonsucesso	28	23	12	8
24/01/2021	Jd. Fortaleza III	12	7	8	9
24/01/2021	Inocoop I	60	25	16	12
24/01/2021	Maria Paula	10	12	9	16
24/01/2021	Pq. Residencial Bambi	22	12	6	9
31/01/2021	Jd. Álamo	7	8	12	3
31/01/2021	Jd. Triunfo	13	14	1	0
31/01/2021	Jd. Pres. Dutra	12	16	7	10
31/01/2021	Vila Nova Bonsucesso	24	23	15	12
31/01/2021	Pq. Residencial Bambi	24	20	6	19
31/01/2021	Jd. Ponte Alta	15	10	9	10
31/01/2021	Inocoop I	74	30	24	20
31/01/2021	Jd. Ponte Alta	15	10	9	10
07/02/2021	Jd. Ponte Alta	24	16	7	8
07/02/2021	Jd. Álamo	13	11	15	7
07/02/2021	Jd. Triunfo	13	12	1	0
07/02/2021	Jd. Vila Rica	8	15	4	5
07/02/2021	Jd. Pres. Dutra	22	23	10	11
07/02/2021	Vila Nova Bonsucesso	29	27	13	15
07/02/2021	Jd. Lavras	32	35	11	12
07/02/2021	Jd. Fortaleza III	14	10	5	2
07/02/2021	Inocoop I	44	21	17	14
07/02/2021	Pq. Residencial Bambi	17	18	11	12
14/02/2021	Jd. Ponte Alta	13	14	11	14
14/02/2021	Jd. Ponte Alta	13	14	11	14
14/02/2021	Jd. Ponte Alta II	13	14	8	8
14/02/2021	Jd. Ponte Alta II	13	14	8	8
14/02/2021	Jd. Álamo	10	05	11	11
14/02/2021	Vila Nova Bonsucesso	26	27	11	13
14/02/2021	Maria Paula	19	10	7	7
14/02/2021	Jd. Fortaleza III	13	9	10	5
14/02/2021	Jd. Triunfo	13	10	1	0
14/02/2021	Jd. Vila Rica	13	9	6	7
14/02/2021	Jd. Pres. Dutra	23	20	12	10
14/02/2021	Soberana II	10	15	1	0
14/02/2021	Jd. Lavras	29	28	12	16
14/02/2021	Inocoop I	44	47	19	20
14/02/2021	Pq. Residencial Bambi	26	13	12	15
21/02/2021	Jd. Vila Rica	9	10	6	7
21/02/2021	Soberana II	6	7	12	7
21/02/2021	Jd. Fortaleza III	09	08	06	05
21/02/2021	Jd. Fortaleza	12	11	8	13
21/02/2021	Inocoop I	50	39	19	18
21/02/2021	Pq. Residencial Bambi	13	13	9	7
21/02/2021	Jd. Ponte Alta	20	15	3	12
28/02/2021	Maria Paula	13	14	9	17
28/02/2021	Jd. Vila Rica	10	10	9	7
28/02/2021	Soberana II	7	8	20	5
28/02/2021	Vila Carmela	24	26	27	23
28/02/2021	Inocoop I	48	33	15	19
28/02/2021	Jd. Fortaleza	14	9	8	7
28/02/2021	Pq. Residencial Bambi	24	17	17	15
28/02/2021	Jd. Ponte Alta	19	14	8	10
25/03/2021	Jd. Lenize	8	6	7	5
02/04/2021	Jd. Lenize	5	4	6	4
25/04/2021	Jd. Ponte Alta II	09	17	10	10
25/04/2021	Vila São José	20	23	15	14
25/04/2021	Jd. St. Paula	7	9	10	14
25/04/2021	Jd. Álamo	10	09	08	10
25/04/2021	Jd. Pres. Dutra	9	10	6	17
25/04/2021	Vila União	8	5	7	3
25/04/2021	Jd. Munira	15	14	8	8
25/04/2021	Pq. Santos Dumont	22	13	14	12
25/04/2021	Jd. Ponte Alta	14	13	3	8
25/04/2021	Jd. Ponte Alta	14	13	3	8
25/04/2021	Jd. Ponte Alta II	09	17	10	10
25/04/2021	Vila Nova Bonsucesso	24	28	10	11
25/04/2021	Jd. Vila Rica	11	10	3	6
25/04/2021	Jd. Triunfo	16	15	3	3
25/04/2021	Jd. Triunfo	16	15	3	3
25/04/2021	Soberana II	4	6	17	14
25/04/2021	Cid. Nova Soberana	18	20	16	14
25/04/2021	Jd. Lavras	22	20	5	6
25/04/2021	Maria Paula	14	8	11	14
25/04/2021	Soberana I	20	12	13	11
25/04/2021	Inocoop I	50	40	15	13
25/04/2021	Pq. Residencial Bambi	21	14	13	9
25/04/2021	Jd. Fortaleza	7	13	12	11
25/04/2021	Jd. Fortaleza III	12	10	6	6
02/05/2021	Jd. Lenize	5	8	3	2
02/05/2021	Vila São José	17	15	12	14
02/05/2021	Cid. Nova Soberana	22	18	10	7
02/05/2021	Jd. Pres. Dutra	18	17	8	11
02/05/2021	Soberana I	23	24	14	9
02/05/2021	Vila Nova Bonsucesso	21	20	8	7
02/05/2021	Jd. St. Paula	7	8	10	12
02/05/2021	Jd. St. Paula	7	8	10	12
02/05/2021	Jd. Ponte Alta	15	11	5	7
02/05/2021	Jd. Ponte Alta	15	11	5	7
02/05/2021	Jd. Ponte Alta	15	11	5	7
02/05/2021	Jd. Vila Rica	19	16	7	8
02/05/2021	Jd. Ponte Alta II	18	15	06	06
02/05/2021	Jd. Triunfo	17	14	2	3
02/05/2021	Soberana II	06	08	20	18
02/05/2021	Jd. Álamo	10	08	09	12
02/05/2021	Vila União	11	6	7	4
02/05/2021	Vila União	11	6	7	4
02/05/2021	Inocoop I	39	30	14	12
02/05/2021	Maria Paula	11	8	8	11
02/05/2021	Jd. Lavras	20	28	13	12
02/05/2021	Pq. Santos Dumont	16	13	13	12
02/05/2021	Jd. Fortaleza III	10	8	4	4
02/05/2021	Vila Carmela	31	23	15	13
02/05/2021	Pq. Residencial Bambi	20	13	10	15
02/05/2021	Jd. Fortaleza	17	8	11	11
02/05/2021	Jd. Munira	15	18	11	10
02/05/2021	Jd. Ponte Alta	15	11	5	7
09/05/2021	Jd. Lenize	6	5	8	3
09/05/2021	Vila São José	21	18	10	10
09/05/2021	Jd. Munira	17	16	11	11
09/05/2021	Jd. Ponte Alta	14	13	7	9
09/05/2021	Cid. Nova Soberana	17	19	3	17
09/05/2021	Jd. Ponte Alta II	3	5	5	6
09/05/2021	Inocoop I	32	27	11	12
09/05/2021	Vila Nova Bonsucesso	22	22	8	7
09/05/2021	Maria Paula	12	11	10	8
09/05/2021	Jd. Vila Rica	7	8	5	7
09/05/2021	Vila Carmela	23	28	14	11
09/05/2021	Jd. Triunfo	7	11	1	3
09/05/2021	Jd. St. Paula	6	5	8	8
09/05/2021	Vila União	6	10	9	2
09/05/2021	Soberana II	3	8	12	13
09/05/2021	Soberana I	21	16	10	10
09/05/2021	Vila União	6	10	9	2
09/05/2021	Jd. Pres. Dutra	10	13	9	10
09/05/2021	Jd. St. Paula	6	5	8	8
09/05/2021	Jd. Fortaleza	20	10	7	8
09/05/2021	Jd. Álamo	04	07	09	09
09/05/2021	Jd. Novo Portugal	13	27	14	15
09/05/2021	Jd. Fortaleza III	14	12	4	4
09/05/2021	Pq. Residencial Bambi	12	16	04	11
09/05/2021	Jd. Ponte Alta	14	13	7	9
09/05/2021	Jd. Lavras	23	20	7	13
16/05/2021	Vila São José	10	14	10	11
16/05/2021	Jd. Lenize	3	3	1	2
16/05/2021	Vila São José	10	14	10	11
16/05/2021	Vila Nova Bonsucesso	24	25	5	7
16/05/2021	Jd. Ponte Alta	18	7	3	13
16/05/2021	Maria Paula	12	8	8	11
16/05/2021	Jd. Pres. Dutra	18	23	8	6
16/05/2021	Jd. Lavras	22	24	5	8
16/05/2021	Jd. Lavras	22	24	5	8
16/05/2021	Jd. Ponte Alta	17	7	3	13
16/05/2021	Jd. Ponte Alta	18	7	3	13
16/05/2021	Jd. Ponte Alta	18	7	3	13
16/05/2021	Jd. Triunfo	20	17	4	2
16/05/2021	Pq. Santos Dumont	19	17	13	11
16/05/2021	Soberana I	29	17	9	8
16/05/2021	Jd. Munira	14	16	9	10
16/05/2021	Jd. Ponte Alta II	11	19	4	12
16/05/2021	Jd. Vila Rica	11	14	8	10
16/05/2021	Jd. Novo Portugal	16	16	17	24
16/05/2021	Vila Carmela	20	26	13	8
16/05/2021	Pq. Residencial Bambi	21	16	6	15
16/05/2021	Inocoop I	51	41	8	15
16/05/2021	Soberana II	5	7	15	7
16/05/2021	Pq. Residencial Bambi	21	16	6	15
16/05/2021	Vila União	10	05	08	3
16/05/2021	Vila União	10	05	08	3
16/05/2021	Cid. Nova Soberana	20	15	14	9
16/05/2021	Jd. Fortaleza III	13	9	8	5
16/05/2021	Jd. Maria Dirce	3	3	4	3
16/05/2021	Jd. Fortaleza	15	10	4	6
16/05/2021	Jd. Ponte Alta	17	7	3	13
16/05/2021	Jd. St. Paula	4	3	7	14
23/05/2021	Vila São José	21	20	12	12
23/05/2021	Jd. Lenize	6	7	6	4
23/05/2021	Jd. Munira	14	17	13	9
23/05/2021	Vila Nova Bonsucesso	18	16	8	9
23/05/2021	Jd. Fortaleza	14	9	10	5
23/05/2021	Jd. Ponte Alta	13	13	5	11
23/05/2021	Jd. Vila Rica	11	16	2	8
23/05/2021	Maria Paula	10	9	7	6
23/05/2021	Cid. Nova Soberana	20	17	8	11
23/05/2021	Inocoop I	28	35	28	16
23/05/2021	Jd. Triunfo	19	17	3	4
23/05/2021	Jd. Ponte Alta II	15	15	5	7
23/05/2021	Soberana II	4	4	16	11
23/05/2021	Vila União	10	09	3	04
23/05/2021	Soberana I	23	24	12	17
23/05/2021	Jd. Maria Dirce	2	3	4	2
23/05/2021	Jd. Novo Portugal	19	16	24	19
23/05/2021	Jd. Lavras	22	20	9	13
23/05/2021	Vila Carmela	23	21	13	13
23/05/2021	Jd. Fortaleza	14	9	10	5
23/05/2021	Pq. Residencial Bambi	18	14	12	8
23/05/2021	Jd. Fortaleza III	14	11	8	2
23/05/2021	Vila União	10	09	3	04
23/05/2021	Jd. Ponte Alta	13	13	5	11
23/05/2021	Jd. St. Paula	6	2	8	14
30/05/2021	Vila São José	15	17	14	15
30/05/2021	Jd. Lenize	7	6	6	7
30/05/2021	Jd. Novo Portugal	9	13	18	23
30/05/2021	Jd. Álamo	9	4	10	6
30/05/2021	Jd. Munira	25	16	10	18
30/05/2021	Jd. St. Paula	11	10	16	15
30/05/2021	Soberana II	8	8	21	15
30/05/2021	Jd. Ponte Alta	11	4	4	17
30/05/2021	Soberana I	21	17	12	11
30/05/2021	Jd. Vila Rica	12	11	6	7
30/05/2021	Jd. Ponte Alta II	23	27	7	10
30/05/2021	Jd. Triunfo	9	17	2	1
30/05/2021	Jd. Fortaleza III	10	5	6	3
30/05/2021	Jd. Novo Portugal	9	15	18	23
30/05/2021	Jd. Fortaleza	18	14	4	8
30/05/2021	Jd. Pres. Dutra	15	27	11	8
30/05/2021	Inocoop I	40	37	11	12
30/05/2021	Vila União	10	08	05	02
30/05/2021	Vila Nova Bonsucesso	21	23	6	6
30/05/2021	Vila União	10	08	05	02
30/05/2021	Soberana I	21	17	12	11
30/05/2021	Jd. Maria Dirce	6	2	6	4
30/05/2021	Pq. Residencial Bambi	19	16	14	13
30/05/2021	Jd. Ponte Alta	11	4	4	17
30/05/2021	Vila Carmela	24	23	11	16
30/05/2021	Jd. Lavras	26	22	10	15
06/06/2021	Vila São José	12	17	14	15
06/06/2021	Jd. Lenize	9	8	2	3
06/06/2021	Jd. Pres. Dutra	13	26	9	11
06/06/2021	Cid. Nova Soberana	11	16	14	5
06/06/2021	Jd. Novo Portugal	8	15	17	24
06/06/2021	Vila Nova Bonsucesso	22	25	5	14
06/06/2021	Jd. Álamo	7	5	5	8
06/06/2021	Jd. Ponte Alta II	19	23	10	13
06/06/2021	Jd. Triunfo	14	17	5	4
06/06/2021	Vila União	10	5	11	2
06/06/2021	Vila União	10	5	11	2
06/06/2021	Jd. Vila Rica	12	17	8	8
06/06/2021	Inocoop I	67	60	13	10
06/06/2021	Jd. Pres. Dutra	20	27	8	10
06/06/2021	Soberana II	5	8	18	15
06/06/2021	Vila União	10	5	11	2
06/06/2021	Vila União	10	5	11	2
06/06/2021	Soberana I	22	18	9	13
06/06/2021	Jd. Ponte Alta	15	13	4	10
06/06/2021	Vila Carmela	24	20	19	13
06/06/2021	Soberana I	21	13	09	13
06/06/2021	Pq. Residencial Bambi	26	17	11	10
06/06/2021	Jd. Munira	19	16	16	14
06/06/2021	Jd. St. Paula	4	5	12	18
06/06/2021	Jd. Lavras	23	22	7	12
06/06/2021	Jd. Fortaleza III	13	10	5	10
06/06/2021	Vila União	10	5	11	2
06/06/2021	Jd. Maria Dirce	5	4	5	5
06/06/2021	Jd. Fortaleza	18	12	5	9
11/06/2021	Soberana II	5	8	22	10
13/06/2021	Vila São José	13	12	8	9
13/06/2021	Jd. Lenize	8	6	3	4
13/06/2021	Jd. Pres. Dutra	20	27	8	10
13/06/2021	Jd. Triunfo	15	22	3	4
13/06/2021	Cid. Nova Soberana	19	17	15	11
13/06/2021	Maria Paula	23	10	8	9
13/06/2021	Jd. Ponte Alta	17	15	4	7
13/06/2021	Jd. Ponte Alta	17	15	4	7
13/06/2021	Vila União	15	12	05	05
13/06/2021	Jd. Munira	18	15	14	12
13/06/2021	Jd. Triunfo	14	23	3	3
13/06/2021	Jd. Ponte Alta II	11	19	7	9
13/06/2021	Jd. Vila Rica	13	10	3	7
13/06/2021	Soberana II	6	4	10	10
13/06/2021	Jd. Álamo	9	1	4	3
13/06/2021	Vila Carmela	33	35	18	15
13/06/2021	Inocoop I	39	32	7	11
13/06/2021	Vila União	15	12	05	05
13/06/2021	Pq. Santos Dumont	19	16	19	13
13/06/2021	Jd. Lavras	21	27	9	13
13/06/2021	Vila Nova Bonsucesso	19	26	13	7
13/06/2021	Soberana I	23	12	8	12
13/06/2021	Jd. St. Paula	11	6	8	20
13/06/2021	Pq. Residencial Bambi	16	15	10	9
13/06/2021	Jd. Fortaleza III	12	11	7	4
13/06/2021	Jd. Ponte Alta	17	15	4	7
13/06/2021	Jd. Maria Dirce	3	6	6	3
13/06/2021	Jd. Fortaleza	14	10	9	7
18/06/2021	Soberana II	4	7	23	12
19/06/2021	Jd. Ponte Alta	22	21	8	5
19/06/2021	Jd. Ponte Alta	22	21	8	5
19/06/2021	Jd. Ponte Alta	22	21	8	5
19/06/2021	Jd. Ponte Alta	22	21	8	5
19/06/2021	Jd. Ponte Alta	22	21	8	5
19/06/2021	Jd. Ponte Alta	22	21	8	5
19/06/2021	Jd. Ponte Alta	22	21	8	5
20/06/2021	Vila São José	17	16	11	14
20/06/2021	Jd. Lenize	7	5	3	3
20/06/2021	Jd. Pres. Dutra	18	18	13	9
20/06/2021	Jd. Munira	18	17	5	9
20/06/2021	Jd. Munira	18	17	5	9
20/06/2021	Jd. Triunfo	28	34	4	8
20/06/2021	Cid. Nova Soberana	17	17	6	8
20/06/2021	Jd. Ponte Alta II	17	20	6	8
20/06/2021	Jd. Vila Rica	10	14	6	7
20/06/2021	Soberana II	4	8	18	13
20/06/2021	Vila Nova Bonsucesso	24	21	10	10
20/06/2021	Maria Paula	17	22	10	14
20/06/2021	Vila Carmela	26	17	19	18
20/06/2021	Jd. Fortaleza	20	13	6	10
20/06/2021	Inocoop I	38	35	16	15
20/06/2021	Jd. Álamo	5	4	4	4
20/06/2021	Pq. Residencial Bambi	18	17	12	8
20/06/2021	Soberana I	25	17	9	16
20/06/2021	Vila União	09	08	5	3
20/06/2021	Vila União	09	08	5	3
20/06/2021	Jd. Maria Dirce	5	4	4	2
20/06/2021	Vila União	09	08	5	3
20/06/2021	Jd. Lavras	21	24	6	7
20/06/2021	Jd. Fortaleza III	8	6	3	3
20/06/2021	Jd. St. Paula	7	4	14	19
20/06/2021	Pq. Santos Dumont	18	22	11	5
27/06/2021	Vila São José	14	23	17	12
27/06/2021	Jd. Novo Portugal	35	23	19	18
27/06/2021	Vila Nova Bonsucesso	25	23	9	7
27/06/2021	Jd. Lenize	6	9	5	3
27/06/2021	Jd. Pres. Dutra	35	25	12	15
27/06/2021	Jd. Munira	14	15	11	8
27/06/2021	Jd. Munira	14	15	11	8
27/06/2021	Inocoop I	48	50	12	18
27/06/2021	Soberana I	22	13	11	11
27/06/2021	Jd. St. Paula	6	4	11	17
27/06/2021	Pq. Santos Dumont	21	25	15	12
27/06/2021	Jd. Fátima	25	22	18	10
27/06/2021	Vila Carmela	22	28	24	15
27/06/2021	Soberana I	22	13	11	11
27/06/2021	Pq. Residencial Bambi	16	16	18	13
27/06/2021	Vila União	07	06	08	04
27/06/2021	Soberana II	5	7	22	11
27/06/2021	Cid. Nova Soberana	20	19	16	7
27/06/2021	Soberana I	22	13	11	11
27/06/2021	Jd. Fortaleza III	10	8	6	3
27/06/2021	Jd. Maria Dirce	2	2	4	2
27/06/2021	Jd. Fortaleza	20	15	7	11
27/06/2021	Vila União	07	06	08	04
27/06/2021	Jd. Ponte Alta	16	21	11	8
27/06/2021	Jd. Lavras	18	25	11	13
27/06/2021	Jd. St. Paula	6	4	11	17
04/07/2021	Vila São José	16	18	8	10
04/07/2021	Jd. Pres. Dutra	17	20	11	10
04/07/2021	Jd. Fátima	12	09	11	07
04/07/2021	Jd. Novo Portugal	25	14	17	24
04/07/2021	Vila Nova Bonsucesso	20	20	9	13
04/07/2021	Jd. Lenize	7	8	4	5
04/07/2021	Soberana I	21	13	11	11
04/07/2021	Jd. Álamo	17	10	14	10
04/07/2021	Jd. Fortaleza II	7	6	8	5
04/07/2021	Inocoop I	137	130	21	31
04/07/2021	Jd. Munira	16	16	10	13
04/07/2021	Jd. Vila Rica	9	11	5	10
04/07/2021	Soberana II	5	5	16	12
04/07/2021	Vila União	6	7	10	07
04/07/2021	Cid. Nova Soberana	23	22	13	8
04/07/2021	Pq. Santos Dumont	25	25	13	8
04/07/2021	Inocoop II	14	16	5	6
04/07/2021	Jd. Ponte Alta	26	14	3	10
04/07/2021	Pq. Residencial Bambi	21	14	12	13
04/07/2021	Vila Carmela	24	31	23	12
04/07/2021	Vila União	6	7	10	07
04/07/2021	Soberana I	21	13	11	11
04/07/2021	Jd. St. Paula	7	4	13	17
04/07/2021	Jd. Fortaleza III	8	7	2	6
04/07/2021	Jd. Maria Dirce	3	4	6	5
04/07/2021	Jd. Lavras	19	21	7	13
04/07/2021	Jd. Fortaleza	21	15	8	10
11/07/2021	Vila São José	14	14	18	16
11/07/2021	Jd. Pres. Dutra	21	22	12	8
11/07/2021	Jd. Fátima	13	09	06	09
11/07/2021	Jd. Vila Rica	11	14	5	7
11/07/2021	Soberana I	18	18	11	8
11/07/2021	Jd. Novo Portugal	15	14	21	18
11/07/2021	Vila Nova Bonsucesso	28	23	12	8
11/07/2021	Jd. Fortaleza II	18	9	10	08
11/07/2021	Jd. Ponte Alta	19	16	6	14
11/07/2021	Inocoop I	165	120	33	26
11/07/2021	Maria Paula	20	13	7	10
11/07/2021	Jd. Fortaleza III	11	10	7	5
11/07/2021	Vila Carmela	26	16	14	13
11/07/2021	Jd. Álamo	10	9	10	9
11/07/2021	Cid. Nova Soberana	18	16	14	11
11/07/2021	Jd. Ponte Alta	19	16	6	14
11/07/2021	Inocoop II	13	13	5	6
11/07/2021	Vila União	10	09	08	10
11/07/2021	Pq. Residencial Bambi	15	15	14	8
11/07/2021	Jd. Lavras	24	23	8	18
11/07/2021	Jd. Fortaleza	17	13	10	6
11/07/2021	Pq. Santos Dumont	17	17	11	12
11/07/2021	Jd. Maria Dirce	3	4	5	0
11/07/2021	Jd. Fortaleza III	11	10	7	5
11/07/2021	Jd. St. Paula	6	4	11	21
18/07/2021	Vila São José	20	18	16	10
18/07/2021	Jd. Pres. Dutra	19	22	11	12
18/07/2021	Jd. Fátima	16	10	11	05
18/07/2021	Jd. Álamo	5	3	8	5
18/07/2021	Jd. Vila Rica	8	10	5	11
18/07/2021	Jd. St. Paula	7	2	15	20
18/07/2021	Jd. Lenize	6	5	3	8
18/07/2021	Maria Paula	12	14	10	13
18/07/2021	Jd. Ponte Alta	7	6	14	18
18/07/2021	Jd. Novo Portugal	16	19	14	26
18/07/2021	Cid. Nova Soberana	28	20	18	11
18/07/2021	Jd. Lenize	6	5	3	8
18/07/2021	Inocoop I	103	108	14	32
18/07/2021	Soberana I	25	21	11	16
18/07/2021	Jd. Fortaleza	15	10	7	6
18/07/2021	Jd. Fortaleza III	11	10	4	4
18/07/2021	Maria Paula	12	14	10	13
18/07/2021	Soberana I	25	21	11	16
18/07/2021	Vila União	07	13	08	05
18/07/2021	Vila Carmela	26	36	16	13
18/07/2021	Vila União	13	13	11	08
18/07/2021	Jd. Álamo	8	10	8	3
18/07/2021	Jd. Fortaleza II	11	13	4	8
18/07/2021	Pq. Santos Dumont	19	20	14	12
18/07/2021	Jd. Fortaleza III	11	10	4	4
18/07/2021	Pq. Residencial Bambi	14	17	11	10
18/07/2021	Inocoop II	13	14	7	5
18/07/2021	Jd. Lavras	25	28	7	10
20/07/2021	Jd. Maria Dirce	4	4	4	6
25/07/2021	Vila São José	21	19	18	15
25/07/2021	Jd. Pres. Dutra	15	16	7	13
25/07/2021	Jd. Fátima	14	10	08	05
25/07/2021	Jd. Ponte Alta	14	17	5	6
25/07/2021	Jd. Novo Portugal	10	14	16	15
25/07/2021	Inocoop I	166	135	10	10
25/07/2021	Jd. Vila Rica	1	4	6	6
25/07/2021	Jd. Novo Portugal	10	14	16	15
25/07/2021	Jd. St. Paula	5	8	8	17
25/07/2021	Jd. Vila Rica	11	14	3	7
25/07/2021	Jd. Lavras	23	29	7	15
25/07/2021	Jd. Lenize	8	1	2	5
25/07/2021	Jd. Maria Dirce	3	3	7	3
25/07/2021	Inocoop II	19	18	3	6
25/07/2021	Jd. Fortaleza II	16	7	9	4
25/07/2021	Soberana II	5	6	14	10
25/07/2021	Pq. Santos Dumont	19	19	11	9
25/07/2021	Pq. Residencial Bambi	15	12	12	19
25/07/2021	Jd. Álamo	11	5	12	4
25/07/2021	Jd. Fortaleza III	6	7	14	4
25/07/2021	Jd. Ponte Alta	14	17	5	6
25/07/2021	Soberana I	22	19	9	11
25/07/2021	Maria Paula	13	14	8	7
25/07/2021	Jd. Fortaleza	15	9	5	8
26/07/2021	Vila Carmela	26	27	19	16
01/08/2021	Jd. Munira	11	23	14	12
01/08/2021	Vila São José	20	18	16	11
01/08/2021	Vila Nova Bonsucesso	24	26	7	7
01/08/2021	Jd. Ponte Alta	18	11	2	7
01/08/2021	Jd. Pres. Dutra	21	16	9	9
01/08/2021	Jd. Lenize	4	4	3	5
01/08/2021	Jd. Fátima	15	11	07	06
01/08/2021	Soberana I	17	17	14	22
01/08/2021	Inocoop I	123	107	12	11
01/08/2021	Jd. Ponte Alta	18	11	2	7
01/08/2021	Jd. Fortaleza III	9	9	3	3
01/08/2021	Vila Carmela	25	30	11	8
01/08/2021	Vila Nova Bonsucesso	21	24	8	6
01/08/2021	Jd. Vila Rica	14	15	7	12
01/08/2021	Jd. Álamo	9	8	7	3
01/08/2021	Soberana II	5	7	13	8
01/08/2021	Jd. St. Paula	6	4	4	13
01/08/2021	Jd. Fortaleza II	14	18	4	4
01/08/2021	Maria Paula	18	16	8	6
01/08/2021	Pq. Residencial Bambi	15	17	10	15
01/08/2021	Inocoop II	13	18	5	6
01/08/2021	Jd. Lavras	23	25	8	11
01/08/2021	Jd. Fortaleza III	9	9	3	3
01/08/2021	Pq. Santos Dumont	22	23	11	9
01/08/2021	Jd. Fortaleza	17	14	6	9
02/08/2021	Jd. Maria Dirce	3	4	7	4
08/08/2021	Jd. Munira	13	15	8	9
08/08/2021	Vila São José	17	21	11	13
08/08/2021	Vila Nova Bonsucesso	28	25	9	10
08/08/2021	Vila Nova Bonsucesso	22	38	9	7
08/08/2021	Jd. Pres. Dutra	19	23	7	11
08/08/2021	Jd. Fortaleza III	15	14	2	7
08/08/2021	Inocoop I	98	98	8	12
08/08/2021	Jd. Fortaleza II	18	15	7	6
08/08/2021	Vila Carmela	26	34	22	18
08/08/2021	Inocoop II	16	17	5	6
08/08/2021	Soberana II	4	5	18	9
08/08/2021	Soberana I	22	25	10	8
08/08/2021	Jd. Fátima	17	15	10	5
08/08/2021	Jd. Fortaleza III	15	14	2	7
08/08/2021	Pq. Residencial Bambi	20	18	9	6
08/08/2021	Jd. Álamo	14	12	9	5
08/08/2021	Pq. Santos Dumont	21	20	18	16
08/08/2021	Jd. Maria Dirce	5	3	4	5
08/08/2021	Jd. St. Paula	3	4	8	13
08/08/2021	Jd. Lavras	24	23	8	7
08/08/2021	Jd. Fortaleza	17	10	10	11
15/08/2021	Jd. Munira	20	24	16	14
15/08/2021	Vila São José	25	21	21	17
15/08/2021	Jd. Pres. Dutra	16	22	12	12
15/08/2021	Vila Nova Bonsucesso	31	30	8	15
15/08/2021	Soberana I	14	15	8	11
15/08/2021	Jd. Fortaleza II	13	12	5	6
15/08/2021	Jd. Álamo	12	9	10	8
15/08/2021	Jd. Pres. Dutra	16	22	12	12
15/08/2021	Inocoop I	133	121	27	19
15/08/2021	Vila Carmela	24	30	30	18
15/08/2021	Jd. Vila Rica	14	13	8	12
15/08/2021	Pq. Santos Dumont	13	17	10	5
15/08/2021	Jd. Fortaleza	20	10	10	12
15/08/2021	Jd. Fortaleza III	10	8	9	7
15/08/2021	Inocoop II	17	19	7	9
15/08/2021	Pq. Residencial Bambi	17	15	10	10
15/08/2021	Jd. Ponte Alta	26	17	2	12
15/08/2021	Jd. St. Paula	6	6	8	17
15/08/2021	Jd. Lavras	25	28	8	11
22/08/2021	Jd. Munira	23	21	17	17
22/08/2021	Vila São José	17	15	16	20
22/08/2021	Jd. Pres. Dutra	18	19	13	11
22/08/2021	Vila Nova Bonsucesso	23	26	9	12
22/08/2021	Vila União	5	9	8	9
22/08/2021	Vila Carmela	23	30	27	13
22/08/2021	Inocoop I	109	102	17	23
22/08/2021	Jd. Ponte Alta	21	15	6	7
22/08/2021	Soberana I	23	21	14	14
22/08/2021	Jd. Fortaleza II	8	5	7	8
22/08/2021	Maria Paula	10	12	8	7
22/08/2021	Jd. Álamo	9	6	14	11
22/08/2021	Jd. Ponte Alta	21	15	7	6
22/08/2021	Jd. Álamo	13	11	14	11
22/08/2021	Inocoop II	21	22	7	9
22/08/2021	Pq. Santos Dumont	20	24	16	13
22/08/2021	Pq. Residencial Bambi	16	15	9	9
22/08/2021	Jd. Fortaleza III	12	8	10	5
22/08/2021	Jd. Lavras	26	30	13	16
22/08/2021	Jd. Fortaleza	19	14	9	11
22/08/2021	Jd. St. Paula	7	4	14	19
22/08/2021	Jd. Maria Dirce	4	3	1	1
26/08/2021	Pq. Residencial Bambi	17	19	12	14
29/08/2021	Jd. Munira	16	20	19	13
29/08/2021	Vila São José	15	17	16	15
29/08/2021	Jd. Pres. Dutra	21	22	15	8
29/08/2021	Vila Nova Bonsucesso	30	36	13	10
29/08/2021	Jd. Ponte Alta	17	16	2	3
29/08/2021	Vila União	9	8	5	10
29/08/2021	Vila Carmela	20	24	16	16
29/08/2021	Jd. Fortaleza II	14	13	5	3
29/08/2021	Soberana I	23	23	10	14
29/08/2021	Inocoop II	13	19	8	14
29/08/2021	Inocoop I	113	180	9	28
29/08/2021	Jd. Vila Rica	10	15	6	8
29/08/2021	Pq. Santos Dumont	22	22	18	26
29/08/2021	Jd. Álamo	10	4	4	4
29/08/2021	Jd. Fortaleza	13	11	8	10
29/08/2021	Soberana II	5	6	13	8
29/08/2021	Jd. Maria Dirce	4	3	6	4
29/08/2021	Jd. Lavras	19	21	9	14
29/08/2021	Jd. Fortaleza III	8	7	5	6
29/08/2021	Pq. Residencial Bambi	14	16	8	11
29/08/2021	Jd. St. Paula	7	3	10	16
05/09/2021	Jd. Munira	19	17	13	12
05/09/2021	Maria Paula	13	15	8	15
05/09/2021	Jd. Fortaleza II	14	18	5	4
05/09/2021	Jd. Pres. Dutra	23	25	8	12
05/09/2021	Vila São José	17	16	12	14
05/09/2021	Jd. Álamo	6	7	6	9
05/09/2021	Soberana I	26	23	9	11
05/09/2021	Pq. Santos Dumont	25	27	17	19
05/09/2021	Jd. Vila Rica	17	17	9	12
05/09/2021	Vila Carmela	18	33	16	26
05/09/2021	Inocoop I	90	82	15	15
05/09/2021	Jd. Ponte Alta II	19	21	11	11
05/09/2021	Inocoop II	14	21	6	8
05/09/2021	Pq. Residencial Bambi	14	16	8	8
05/09/2021	Jd. Fortaleza III	9	4	8	6
05/09/2021	Jd. Lavras	28	26	8	17
05/09/2021	Soberana II	7	5	9	7
05/09/2021	Jd. Álamo	13	16	5	6
05/09/2021	Jd. Ponte Alta	19	21	8	13
05/09/2021	Jd. St. Paula	5	5	8	15
05/09/2021	Jd. Maria Dirce	4	4	6	5
05/09/2021	Jd. Fortaleza	15	9	4	6
12/09/2021	Jd. Munira	25	31	17	23
12/09/2021	Jd. Vila Rica	5	4	2	10
12/09/2021	Maria Paula	18	11	10	11
12/09/2021	Jd. Fortaleza II	12	13	5	4
12/09/2021	Jd. Fátima	29	27	25	4
12/09/2021	Vila União	10	5	12	6
12/09/2021	Vila São José	17	19	9	13
12/09/2021	Jd. Ponte Alta	18	17	7	13
12/09/2021	Jd. Pres. Dutra	21	27	12	16
12/09/2021	Inocoop I	210	200	20	25
12/09/2021	Jd. Ponte Alta II	3	8	10	9
12/09/2021	Jd. Fortaleza	17	13	9	8
12/09/2021	Vila Carmela	17	28	32	13
12/09/2021	Soberana II	9	7	12	12
12/09/2021	Pq. Santos Dumont	28	27	22	23
12/09/2021	Jd. Fortaleza III	13	9	10	3
12/09/2021	Pq. Residencial Bambi	13	17	14	12
12/09/2021	Jd. Lavras	33	28	10	12
12/09/2021	Inocoop II	16	15	6	8
12/09/2021	Jd. St. Paula	4	3	13	19
12/09/2021	Soberana I	25	22	14	13
13/09/2021	Jd. Maria Dirce	7	5	6	4
19/09/2021	Jd. Ponte Alta	14	16	10	9
19/09/2021	Jd. Munira	21	15	19	25
19/09/2021	Jd. Pres. Dutra	17	30	15	16
19/09/2021	Vila São José	11	12	14	19
19/09/2021	Jd. Maria Dirce	7	2	1	4
19/09/2021	Vila Carmela	38	33	20	17
19/09/2021	Jd. Vila Rica	9	10	4	7
19/09/2021	Inocoop I	156	114	34	19
19/09/2021	Maria Paula	17	17	9	7
19/09/2021	Jd. Ponte Alta II	13	19	10	9
19/09/2021	Soberana II	5	5	10	8
19/09/2021	Soberana I	16	10	10	10
19/09/2021	Vila União	6	12	12	3
19/09/2021	Inocoop II	13	20	9	9
19/09/2021	Jd. Álamo	25	17	16	9
19/09/2021	Jd. Lavras	24	19	19	23
19/09/2021	Pq. Santos Dumont	27	20	19	12
19/09/2021	Pq. Residencial Bambi	16	21	16	16
19/09/2021	Jd. Fortaleza II	8	6	8	6
19/09/2021	Jd. St. Paula	5	5	17	21
19/09/2021	Jd. Fortaleza III	10	9	10	4
19/09/2021	Jd. Fortaleza	20	10	9	10
26/09/2021	Jd. Munira	20	17	18	17
26/09/2021	Vila São José	23	10	21	19
26/09/2021	Jd. Ponte Alta II	12	17	9	6
26/09/2021	Jd. Vila Rica	11	14	9	14
26/09/2021	Jd. Munira	20	17	18	17
26/09/2021	Inocoop I	121	84	27	30
26/09/2021	Soberana II	3	7	11	14
26/09/2021	Jd. Lavras	23	17	18	17
26/09/2021	Pq. Santos Dumont	27	20	21	20
26/09/2021	Inocoop II	14	18	9	7
26/09/2021	Vila União	10	8	15	7
26/09/2021	Soberana I	29	14	10	14
26/09/2021	Jd. Fortaleza III	17	9	10	10
26/09/2021	Jd. St. Paula	13	12	16	21
03/10/2021	Jd. Ponte Alta	23	18	4	16
03/10/2021	Jd. Munira	20	29	21	21
03/10/2021	Jd. Pres. Dutra	25	24	18	17
03/10/2021	Jd. Vila Rica	15	18	12	17
03/10/2021	Jd. Fortaleza II	10	10	5	3
03/10/2021	Vila São José	16	11	20	21
03/10/2021	Vila Carmela	40	30	22	18
03/10/2021	Inocoop II	26	21	8	9
03/10/2021	Soberana II	9	7	13	6
03/10/2021	Jd. Maria Dirce	6	6	4	5
03/10/2021	Pq. Santos Dumont	24	25	20	12
03/10/2021	Pq. Residencial Bambi	17	15	12	14
03/10/2021	Soberana I	25	18	12	19
03/10/2021	Jd. Fortaleza	13	14	8	9
03/10/2021	Jd. Fortaleza III	12	7	12	13
10/10/2021	Jd. Munira	17	16	11	15
10/10/2021	Jd. Pres. Dutra	24	24	21	22
10/10/2021	Inocoop II	21	21	7	9
10/10/2021	Jd. Fortaleza II	8	6	7	4
10/10/2021	Jd. Maria Dirce	5	4	1	0
10/10/2021	Inocoop I	54	39	18	15
10/10/2021	Soberana II	10	5	16	10
10/10/2021	Jd. Fortaleza	17	15	8	6
10/10/2021	Jd. Vila Rica	2	7	6	8
10/10/2021	Soberana I	21	19	18	17
10/10/2021	Pq. Santos Dumont	29	31	3	8
10/10/2021	Jd. Lavras	19	16	12	12
10/10/2021	Jd. Álamo	23	15	11	8
10/10/2021	Jd. Fortaleza III	6	8	4	8
10/10/2021	Pq. Residencial Bambi	15	8	7	15
10/10/2021	Jd. St. Paula	8	9	12	15
17/10/2021	Jd. Ponte Alta	24	10	9	30
17/10/2021	Jd. Munira	36	43	26	29
17/10/2021	Jd. Pres. Dutra	25	26	22	24
17/10/2021	Jd. Fátima	15	10	14	8
17/10/2021	Jd. Álamo	13	9	10	11
17/10/2021	Inocoop I	82	102	23	24
17/10/2021	Inocoop II	21	17	10	10
17/10/2021	Pq. Residencial Bambi	18	19	14	24
17/10/2021	Jd. Fortaleza II	9	3	6	4
17/10/2021	Jd. Fortaleza III	10	14	14	13
17/10/2021	Vila União	8	13	17	9
17/10/2021	Jd. Maria Dirce	5	4	3	6
17/10/2021	Jd. Lavras	39	35	17	17
17/10/2021	Jd. St. Paula	11	8	15	28
17/10/2021	Soberana I	20	18	16	20
24/10/2021	Jd. Ponte Alta	21	20	3	16
24/10/2021	Jd. Munira	17	18	13	9
24/10/2021	Jd. Maria Dirce	5	3	2	4
24/10/2021	Jd. Fortaleza II	4	11	5	2
24/10/2021	Maria Paula	14	11	10	9
24/10/2021	Inocoop II	18	11	19	15
24/10/2021	Inocoop I	330	330	20	30
24/10/2021	Soberana I	13	18	19	11
24/10/2021	Jd. Álamo	10	8	9	3
24/10/2021	Jd. Ponte Alta II	18	23	10	19
24/10/2021	Jd. Álamo	14	12	9	3
24/10/2021	Vila Carmela	29	34	15	14
24/10/2021	Pq. Santos Dumont	21	34	11	14
24/10/2021	Jd. Lavras	20	16	19	17
24/10/2021	Jd. Fortaleza	13	12	10	13
24/10/2021	Jd. Fortaleza III	9	8	5	8
24/10/2021	Jd. St. Paula	8	7	10	13
31/10/2021	Jd. Ponte Alta	24	16	7	19
31/10/2021	Jd. Munira	21	14	13	25
31/10/2021	Jd. Vila Rica	8	7	4	4
31/10/2021	Jd. Maria Dirce	6	3	6	6
31/10/2021	Jd. Fortaleza II	6	6	5	3
31/10/2021	Jd. Pres. Dutra	21	28	22	20
31/10/2021	Vila Carmela	27	24	27	22
31/10/2021	Inocoop I	182	150	20	34
31/10/2021	Jd. Ponte Alta II	26	20	7	13
31/10/2021	Inocoop II	26	25	16	12
31/10/2021	Soberana II	9	6	20	10
31/10/2021	Jd. Fortaleza III	20	15	15	10
31/10/2021	Jd. Álamo	12	13	12	8
31/10/2021	Maria Paula	13	13	9	10
31/10/2021	Vila União	9	13	12	5
31/10/2021	Jd. Lavras	25	10	18	27
31/10/2021	Jd. Fortaleza	25	11	15	20
31/10/2021	Pq. Residencial Bambi	12	13	13	13
31/10/2021	Pq. Santos Dumont	40	41	9	6
31/10/2021	Jd. St. Paula	7	4	9	18
03/11/2021	Jd. Ponte Alta	23	18	4	16
07/11/2021	Jd. Ponte Alta	18	21	8	20
07/11/2021	Jd. Pres. Dutra	18	29	18	20
07/11/2021	Jd. Munira	9	10	21	30
07/11/2021	Jd. Fortaleza II	21	18	9	8
07/11/2021	Vila União	8	12	15	7
07/11/2021	Inocoop I	86	82	33	19
07/11/2021	Jd. Lavras	24	15	20	29
07/11/2021	Soberana II	8	12	22	20
07/11/2021	Jd. Vila Rica	9	13	7	12
07/11/2021	Soberana I	13	21	21	13
07/11/2021	Jd. Álamo	10	12	9	10
07/11/2021	Vila Carmela	29	25	29	27
07/11/2021	Pq. Santos Dumont	29	26	14	21
07/11/2021	Pq. Residencial Bambi	14	16	12	13
07/11/2021	Jd. Fortaleza	19	11	18	15
07/11/2021	Jd. Fortaleza III	11	10	9	10
07/11/2021	Jd. St. Paula	3	3	8	22
07/11/2021	Jd. Lenize	11	5	2	4
14/11/2021	Jd. Pres. Dutra	17	19	15	20
14/11/2021	Jd. Munira	30	21	17	16
14/11/2021	Vila União	8	7	10	8
14/11/2021	Vila Carmela	20	38	22	14
14/11/2021	Inocoop I	136	110	33	25
14/11/2021	Jd. Lavras	14	8	9	6
14/11/2021	Jd. Vila Rica	1	5	3	10
14/11/2021	Soberana I	16	18	13	14
14/11/2021	Maria Paula	14	15	14	17
14/11/2021	Jd. Fortaleza	24	14	14	9
14/11/2021	Inocoop II	13	12	7	5
14/11/2021	Pq. Santos Dumont	21	19	14	13
14/11/2021	Jd. Fortaleza III	9	11	13	5
14/11/2021	Jd. St. Paula	9	9	13	17
17/11/2021	Jd. Ponte Alta	24	10	9	30
21/11/2021	Jd. Ponte Alta	22	14	4	17
21/11/2021	Jd. Munira	35	34	10	8
21/11/2021	Jd. Vila Rica	9	10	7	9
21/11/2021	Jd. Álamo	12	11	12	5
21/11/2021	Soberana II	5	8	14	23
21/11/2021	Pq. Santos Dumont	18	16	11	16
21/11/2021	Vila União	12	8	7	6
21/11/2021	Inocoop II	15	16	7	18
21/11/2021	Inocoop I	129	147	26	22
21/11/2021	Jd. Lavras	21	22	14	11
21/11/2021	Jd. Fortaleza III	5	7	7	6
21/11/2021	Maria Paula	12	11	12	15
21/11/2021	Jd. Fortaleza	17	14	9	9
21/11/2021	Soberana I	27	25	15	13
21/11/2021	Pq. Residencial Bambi	14	12	11	12
21/11/2021	Jd. St. Paula	6	4	13	13
28/11/2021	Jd. Munira	24	21	19	21
28/11/2021	Jd. Álamo	11	12	10	6
28/11/2021	Inocoop I	148	119	21	23
28/11/2021	Jd. Vila Rica	23	16	4	10
28/11/2021	Jd. Maria Dirce	5	5	5	3
28/11/2021	Maria Paula	10	9	5	9
28/11/2021	Soberana II	11	8	16	20
28/11/2021	Pq. Santos Dumont	22	23	16	14
28/11/2021	Jd. Lavras	36	35	22	21
28/11/2021	Inocoop II	19	21	10	12
28/11/2021	Vila União	10	10	13	12
28/11/2021	Pq. Residencial Bambi	15	15	21	17
28/11/2021	Jd. Fortaleza III	8	8	9	8
28/11/2021	Jd. St. Paula	9	4	17	20
28/11/2021	Jd. Fortaleza	18	7	13	12
05/12/2021	Inocoop I	130	111	27	22
05/12/2021	Jd. Álamo	19	14	12	6
05/12/2021	Vila Carmela	31	25	27	18
05/12/2021	Pq. Residencial Bambi	16	14	14	25
05/12/2021	Jd. Vila Rica	19	20	8	18
05/12/2021	Soberana I	23	16	13	9
05/12/2021	Jd. Ponte Alta II	13	16	6	7
05/12/2021	Maria Paula	14	14	11	11
05/12/2021	Inocoop II	16	16	6	10
05/12/2021	Jd. Pres. Dutra	19	26	15	19
05/12/2021	Pq. Santos Dumont	38	38	24	17
05/12/2021	Jd. Lavras	21	29	31	25
05/12/2021	Jd. Fortaleza III	9	7	9	2
05/12/2021	Jd. Fortaleza	14	12	10	11
05/12/2021	Jd. St. Paula	9	7	11	13
06/12/2021	Vila União	10	11	14	9
12/12/2021	Jd. Ponte Alta	19	21	9	16
12/12/2021	Vila Carmela	20	18	25	24
12/12/2021	Soberana I	27	21	12	15
12/12/2021	Inocoop I	92	64	31	25
12/12/2021	Jd. Álamo	13	12	8	10
12/12/2021	Jd. Lavras	26	26	24	16
12/12/2021	Jd. Munira	33	28	8	10
12/12/2021	Inocoop II	15	17	9	9
12/12/2021	Jd. Vila Rica	2	6	6	7
12/12/2021	Pq. Santos Dumont	29	23	19	16
12/12/2021	Jd. Fortaleza	19	19	12	11
12/12/2021	Jd. Fortaleza III	3	3	6	7
12/12/2021	Vila União	12	12	10	9
12/12/2021	Pq. Residencial Bambi	18	9	14	15
19/12/2021	Jd. Ponte Alta	14	8	9	5
19/12/2021	Jd. Pres. Dutra	19	18	13	18
19/12/2021	Jd. St. Paula	5	1	9	11
19/12/2021	Jd. Maria Dirce	6	3	6	5
19/12/2021	Jd. Vila Rica	3	6	4	8
19/12/2021	Inocoop I	73	36	18	15
19/12/2021	Jd. Álamo	14	15	10	12
19/12/2021	Jd. Ponte Alta II	14	20	7	13
19/12/2021	Jd. Fortaleza III	12	8	11	11
19/12/2021	Vila União	9	7	4	3
19/12/2021	Vila União	9	8	4	4
19/12/2021	Jd. Lavras	20	31	16	23
19/12/2021	Soberana I	16	11	5	11
19/12/2021	Vila Carmela	18	12	23	14
19/12/2021	Inocoop II	14	16	12	13
19/12/2021	Jd. Fortaleza	16	8	6	9
19/12/2021	Pq. Residencial Bambi	13	15	17	17
19/12/2021	Pq. Santos Dumont	14	13	7	12
25/12/2021	Jd. Fortaleza	7	11	4	1
26/12/2021	Jd. Ponte Alta	17	16	10	12
26/12/2021	Jd. Vila Rica	10	11	4	5
26/12/2021	Jd. Pres. Dutra	16	21	9	17
26/12/2021	Jd. St. Paula	4	5	9	13
26/12/2021	Inocoop I	43	28	22	25
26/12/2021	Jd. Álamo	10	6	6	6
26/12/2021	Maria Paula	14	7	10	4
26/12/2021	Jd. Ponte Alta II	8	16	5	7
26/12/2021	Vila União	11	8	9	6
26/12/2021	Inocoop II	20	25	14	15
26/12/2021	Vila Carmela	26	18	25	11
26/12/2021	Jd. Maria Dirce	3	1	1	1
26/12/2021	Pq. Santos Dumont	22	20	11	8
26/12/2021	Jd. Fortaleza III	14	12	11	12
26/12/2021	Jd. Lavras	22	21	10	13
26/12/2021	Pq. Residencial Bambi	15	12	14	18
01/01/2022	Vila União	3	4	5	2
02/01/2022	Jd. Maria Dirce	4	3	6	3
02/01/2022	Vila São José	12	15	18	20
02/01/2022	Jd. Ponte Alta	16	18	8	10
02/01/2022	Orquidiama	5	6	1	1
02/01/2022	Jd. Fátima	15	11	10	7
02/01/2022	Maria Paula	15	9	13	9
02/01/2022	Jd. Munira	16	12	11	15
02/01/2022	Jd. Triunfo	12	11	4	3
02/01/2022	Jd. Novo Portugal	11	15	11	14
02/01/2022	Jd. Novo Portugal	11	15	11	14
02/01/2022	Soberana II	5	7	20	18
02/01/2022	Cid. Nova Soberana	17	11	10	7
02/01/2022	Jd. Lenize	3	4	1	3
02/01/2022	Jd. Fortaleza II	11	4	6	7
02/01/2022	Vila Carmela	19	12	19	21
02/01/2022	Jd. Ponte Alta II	15	14	7	10
02/01/2022	Jd. Vila Rica	10	12	7	9
02/01/2022	Jd. Álamo	7	8	5	4
02/01/2022	Inocoop I	35	27	23	21
02/01/2022	Jd. Pres. Dutra	15	20	12	16
02/01/2022	Vila União	9	8	6	3
02/01/2022	Soberana II	4	5	13	10
02/01/2022	Jd. Fortaleza	13	9	9	14
02/01/2022	Pq. Santos Dumont	24	18	10	7
02/01/2022	Jd. Lavras	23	22	12	20
02/01/2022	Inocoop II	14	14	8	5
02/01/2022	Jd. Fortaleza III	8	6	5	1
02/01/2022	Pq. Residencial Bambi	13	13	8	3
02/01/2022	Jd. St. Paula	5	5	4	11
02/01/2022	Soberana I	18	13	12	11
08/01/2022	Jd. Lenize	8	2	11	8
08/01/2022	Vila União	10	6	6	6
09/01/2022	Vila São José	18	16	24	19
09/01/2022	Vila São José	28	12	14	25
09/01/2022	Jd. Ponte Alta	60	64	9	25
09/01/2022	Orquidiama	9	7	4	3
09/01/2022	Jd. Fátima	9	20	16	11
09/01/2022	Jd. Munira	14	16	11	11
09/01/2022	Jd. Lenize	5	7	6	4
09/01/2022	Jd. Triunfo	18	17	8	6
09/01/2022	Jd. Ponte Alta II	6	5	7	9
09/01/2022	Soberana II	5	5	20	18
09/01/2022	Cid. Nova Soberana	13	17	15	9
09/01/2022	Jd. Fortaleza II	13	8	9	6
09/01/2022	Jd. Vila Rica	2	8	1	4
09/01/2022	Jd. Álamo	16	10	4	5
09/01/2022	Inocoop I	45	32	20	14
09/01/2022	Pq. Santos Dumont	20	23	2	6
09/01/2022	Inocoop II	25	24	10	10
09/01/2022	Jd. Lavras	29	18	11	15
09/01/2022	Vila União	14	15	10	3
09/01/2022	Soberana I	16	7	15	14
09/01/2022	Jd. Fortaleza	22	11	7	11
09/01/2022	Maria Paula	13	10	11	4
09/01/2022	Pq. Residencial Bambi	15	16	13	11
09/01/2022	Jd. Fortaleza III	19	16	9	4
09/01/2022	Jd. Maria Dirce	6	5	4	3
09/01/2022	Jd. St. Paula	4	4	8	10
16/01/2022	Jd. Maria Dirce	6	4	6	2
16/01/2022	Vila São José	24	15	22	10
16/01/2022	Vila São José	15	13	19	16
16/01/2022	Jd. Pres. Dutra	13	9	9	9
16/01/2022	Orquidiama	6	6	2	2
16/01/2022	Jd. Fátima	17	13	11	13
16/01/2022	Jd. Munira	20	11	12	16
16/01/2022	Soberana I	15	9	6	10
16/01/2022	Jd. Lenize	4	6	11	6
16/01/2022	Jd. Triunfo	15	18	7	4
16/01/2022	Jd. Novo Portugal	13	11	15	16
16/01/2022	Soberana II	5	6	14	17
16/01/2022	Cid. Nova Soberana	15	13	17	7
16/01/2022	Jd. Fortaleza II	11	16	9	5
16/01/2022	Jd. Vila Rica	8	4	5	13
16/01/2022	Pq. Residencial Bambi	15	10	12	6
16/01/2022	Vila Carmela	25	24	33	14
16/01/2022	Inocoop I	25	15	28	21
16/01/2022	Jd. Fortaleza	12	11	10	10
16/01/2022	Jd. Ponte Alta II	20	26	7	13
16/01/2022	Maria Paula	15	9	13	9
16/01/2022	Pq. Santos Dumont	23	19	20	2
16/01/2022	Inocoop II	10	16	7	11
16/01/2022	Jd. Lavras	26	18	13	18
16/01/2022	Jd. Álamo	12	7	7	10
16/01/2022	Vila União	6	7	8	5
16/01/2022	Jd. Fortaleza III	5	2	4	3
16/01/2022	Jd. St. Paula	6	7	9	10
23/01/2022	Vila São José	18	19	20	19
23/01/2022	Vila São José	18	17	22	19
23/01/2022	Jd. Maria Dirce	6	2	6	1
23/01/2022	Vila São José	10	8	23	20
23/01/2022	Orquidiama	8	7	7	1
23/01/2022	Jd. Fátima	13	12	18	6
23/01/2022	Soberana I	18	10	9	13
23/01/2022	Jd. Munira	21	17	17	23
23/01/2022	Jd. Vila Rica	9	16	4	6
23/01/2022	Jd. Lenize	8	8	9	4
23/01/2022	Jd. Triunfo	17	16	5	5
23/01/2022	Jd. Novo Portugal	25	25	26	17
23/01/2022	Jd. Ponte Alta II	14	16	9	8
23/01/2022	Jd. Álamo	13	12	12	14
23/01/2022	Soberana II	4	6	14	20
23/01/2022	Cid. Nova Soberana	13	17	12	9
23/01/2022	Jd. Fortaleza II	11	8	5	3
23/01/2022	Vila Carmela	23	19	23	13
23/01/2022	Inocoop I	89	49	26	17
23/01/2022	Pq. Santos Dumont	19	27	14	18
23/01/2022	Jd. Pres. Dutra	8	14	9	12
23/01/2022	Jd. Fortaleza	19	18	5	10
23/01/2022	Inocoop II	23	24	11	12
23/01/2022	Jd. Lavras	22	31	14	15
23/01/2022	Maria Paula	13	10	10	11
23/01/2022	Jd. Fortaleza III	10	6	8	9
23/01/2022	Vila União	11	8	9	5
23/01/2022	Pq. Residencial Bambi	16	16	14	13
23/01/2022	Jd. St. Paula	4	3	11	14
30/01/2022	Vila São José	12	14	19	11
30/01/2022	Inocoop I	66	76	27	23
30/01/2022	Jd. Maria Dirce	7	6	6	1
30/01/2022	Soberana I	15	7	7	7
30/01/2022	Vila São José	5	7	10	9
30/01/2022	Orquidiama	8	5	5	2
30/01/2022	Jd. Fátima	0	0	1	0
30/01/2022	Vila Carmela	22	19	14	14
30/01/2022	Jd. Munira	14	14	9	9
30/01/2022	Jd. Vila Rica	7	8	6	8
30/01/2022	Jd. Lenize	4	2	9	3
30/01/2022	Jd. Novo Portugal	10	12	11	11
30/01/2022	Jd. Ponte Alta II	13	16	6	9
30/01/2022	Jd. Triunfo	14	15	6	4
30/01/2022	Vila Carmela	22	19	14	14
30/01/2022	Jd. Pres. Dutra	16	21	8	5
30/01/2022	Soberana II	6	5	7	6
30/01/2022	Cid. Nova Soberana	13	15	6	6
30/01/2022	Jd. Fortaleza II	26	17	11	8
30/01/2022	Jd. Álamo	18	12	8	7
30/01/2022	Pq. Residencial Bambi	16	11	12	11
30/01/2022	Pq. Santos Dumont	17	16	6	2
30/01/2022	Inocoop II	14	17	10	8
30/01/2022	Jd. Fortaleza	20	13	3	8
30/01/2022	Vila União	9	5	7	3
30/01/2022	Jd. Fortaleza III	8	7	6	5
30/01/2022	Jd. Lavras	26	30	8	12
30/01/2022	Jd. St. Paula	6	8	4	8
06/02/2022	Vila São José	15	16	17	26
06/02/2022	Vila Nova Bonsucesso	21	16	15	21
06/02/2022	Jd. Triunfo	15	16	7	4
06/02/2022	Vila São José	14	16	26	17
06/02/2022	Jd. Maria Dirce	7	4	3	3
06/02/2022	Soberana II	12	5	4	18
06/02/2022	Cid. Nova Soberana	19	12	17	11
06/02/2022	Jd. Vila Rica	20	23	2	12
06/02/2022	Jd. Ponte Alta	18	22	6	10
06/02/2022	Jd. Ponte Alta II	11	24	10	10
06/02/2022	Jd. Munira	19	17	13	16
06/02/2022	Jd. Fortaleza II	10	6	12	6
06/02/2022	Jd. Novo Portugal	22	25	25	18
06/02/2022	Vila Carmela	20	25	27	23
06/02/2022	Inocoop I	56	46	31	21
06/02/2022	Maria Paula	17	11	10	9
06/02/2022	Jd. Fortaleza	17	14	8	6
06/02/2022	Pq. Residencial Bambi	18	16	9	20
06/02/2022	Jd. Fátima	56	65	10	12
06/02/2022	Pq. Santos Dumont	26	28	14	15
06/02/2022	Jd. Lavras	29	26	20	27
06/02/2022	Jd. Pres. Dutra	21	23	14	19
06/02/2022	Inocoop II	12	19	9	9
06/02/2022	Jd. Álamo	8	12	9	10
06/02/2022	Jd. Fortaleza III	8	10	8	12
06/02/2022	Jd. Lenize	5	4	6	6
06/02/2022	Soberana I	23	17	14	13
06/02/2022	Orquidiama	9	6	8	2
06/02/2022	Jd. St. Paula	8	4	11	14
06/02/2022	Vila União	13	4	12	4
12/02/2022	Jd. Fortaleza III	11	11	8	7
13/02/2022	Vila São José	11	12	21	24
13/02/2022	Vila Nova Bonsucesso	23	18	14	23
13/02/2022	Jd. Triunfo	11	13	5	3
13/02/2022	Jd. Ponte Alta II	8	5	11	10
13/02/2022	Jd. Munira	28	22	15	18
13/02/2022	Jd. Fortaleza II	22	12	9	5
13/02/2022	Vila São José	21	12	21	12
13/02/2022	Jd. Ponte Alta	18	14	8	18
13/02/2022	Jd. Vila Rica	3	5	4	12
13/02/2022	Jd. Pres. Dutra	18	28	21	22
13/02/2022	Cid. Nova Soberana	18	19	26	16
13/02/2022	Inocoop I	140	135	15	10
13/02/2022	Vila Carmela	14	17	33	19
13/02/2022	Jd. Álamo	16	4	10	14
13/02/2022	Vila União	32	32	10	7
13/02/2022	Orquidiama	8	9	7	2
13/02/2022	Jd. Lenize	7	8	6	8
13/02/2022	Jd. Fortaleza	18	19	11	10
13/02/2022	Jd. Novo Portugal	24	19	23	23
13/02/2022	Soberana II	13	6	19	22
13/02/2022	Pq. Residencial Bambi	14	17	14	17
13/02/2022	Maria Paula	16	15	12	12
13/02/2022	Pq. Santos Dumont	25	23	19	15
13/02/2022	Jd. Fátima	16	14	17	12
13/02/2022	Soberana I	21	13	13	9
13/02/2022	Jd. St. Paula	4	5	9	18
13/02/2022	Jd. Maria Dirce	4	5	6	1
13/02/2022	Jd. Fortaleza III	8	7	7	8
13/02/2022	Inocoop II	16	17	12	16
20/02/2022	Vila São José	18	19	17	21
20/02/2022	Jd. Munira	25	20	15	22
20/02/2022	Jd. Triunfo	38	30	12	8
20/02/2022	Jd. Maria Dirce	7	5	5	3
20/02/2022	Cid. Nova Soberana	16	15	16	10
20/02/2022	Inocoop I	60	43	12	27
20/02/2022	Vila Nova Bonsucesso	23	22	12	20
20/02/2022	Jd. Pres. Dutra	22	22	19	18
20/02/2022	Jd. Vila Rica	9	12	5	11
20/02/2022	Vila Carmela	28	23	33	24
20/02/2022	Jd. Novo Portugal	21	24	34	37
20/02/2022	Soberana II	9	6	10	11
20/02/2022	Jd. Lenize	12	10	12	9
20/02/2022	Jd. Ponte Alta II	19	19	9	14
20/02/2022	Orquidiama	9	8	3	4
20/02/2022	Jd. Ponte Alta	23	17	12	17
20/02/2022	Jd. Fortaleza	17	15	10	8
20/02/2022	Jd. Fortaleza II	18	17	4	6
20/02/2022	Jd. Álamo	9	8	12	10
20/02/2022	Maria Paula	9	11	9	8
20/02/2022	Vila União	15	12	14	5
20/02/2022	Jd. Ponte Alta	23	19	12	17
20/02/2022	Pq. Santos Dumont	23	20	17	20
20/02/2022	Soberana I	23	19	9	14
20/02/2022	Pq. Residencial Bambi	15	14	17	20
20/02/2022	Jd. St. Paula	7	5	11	19
20/02/2022	Jd. Fortaleza III	8	11	5	11
20/02/2022	Jd. Lavras	24	20	15	37
20/02/2022	Inocoop II	15	17	9	13
20/02/2022	Jd. Fátima	13	12	17	14
26/02/2022	Jd. Fortaleza II	3	7	7	4
27/02/2022	Jd. Lenize	09	04	08	07
27/02/2022	Jd. Fátima	21	14	18	18
27/02/2022	Vila São José	9	9	14	21
27/02/2022	Jd. Triunfo	14	15	5	1
27/02/2022	Cid. Nova Soberana	19	15	12	15
27/02/2022	Soberana II	7	6	11	16
27/02/2022	Jd. Ponte Alta II	15	20	5	12
27/02/2022	Jd. Pres. Dutra	13	19	16	20
27/02/2022	Jd. Novo Portugal	23	18	27	33
27/02/2022	Jd. Maria Dirce	4	2	1	1
27/02/2022	Jd. Álamo	8	6	11	11
27/02/2022	Jd. Fortaleza II	9	7	5	3
27/02/2022	Inocoop I	34	32	32	35
27/02/2022	Jd. Vila Rica	11	8	6	15
27/02/2022	Vila Carmela	27	29	28	16
27/02/2022	Jd. Munira	27	19	15	18
27/02/2022	Vila Nova Bonsucesso	158	147	34	28
27/02/2022	Inocoop II	15	13	7	10
27/02/2022	Jd. Fortaleza	19	12	8	8
27/02/2022	Orquidiama	7	8	6	2
27/02/2022	Soberana I	19	14	13	20
27/02/2022	Pq. Residencial Bambi	12	18	24	20
27/02/2022	Jd. Lavras	30	27	19	15
27/02/2022	Pq. Santos Dumont	24	20	14	16
27/02/2022	Vila União	8	7	9	8
27/02/2022	Jd. Fortaleza III	8	7	11	6
27/02/2022	Maria Paula	16	11	17	7
27/02/2022	Jd. St. Paula	5	4	14	16
27/02/2022	Jd. Ponte Alta	20	24	9	12
06/03/2022	Jd. Triunfo	11	11	5	2
06/03/2022	Jd. Lenize	08	06	07	07
06/03/2022	Jd. Fátima	21	23	14	16
06/03/2022	Vila São José	11	7	24	13
06/03/2022	Vila Nova Bonsucesso	22	17	14	25
06/03/2022	Vila Nova Bonsucesso	21	16	15	21
06/03/2022	Jd. Maria Dirce	6	2	1	4
06/03/2022	Jd. Novo Portugal	20	8	28	25
06/03/2022	Soberana II	7	10	14	16
06/03/2022	Jd. Munira	23	18	13	14
06/03/2022	Vila Carmela	26	21	30	18
06/03/2022	Jd. Vila Rica	9	7	6	13
06/03/2022	Inocoop I	35	16	24	14
06/03/2022	Jd. Álamo	14	12	16	11
06/03/2022	Jd. Pres. Dutra	20	28	16	15
06/03/2022	Vila Nova Bonsucesso	22	17	14	25
06/03/2022	Orquidiama	8	10	8	3
06/03/2022	Jd. Fortaleza	16	13	12	2
06/03/2022	Jd. Ponte Alta II	15	16	8	11
06/03/2022	Soberana I	21	16	14	14
06/03/2022	Jd. Fortaleza II	8	5	6	4
06/03/2022	Jd. Fortaleza III	13	11	12	6
06/03/2022	Pq. Residencial Bambi	13	17	26	21
06/03/2022	Maria Paula	10	16	11	12
06/03/2022	Vila União	30	22	14	8
06/03/2022	Pq. Santos Dumont	25	24	12	18
06/03/2022	Jd. Lavras	28	21	17	29
06/03/2022	Jd. St. Paula	6	8	15	16
06/03/2022	Jd. Ponte Alta	11	10	10	12
06/03/2022	Cid. Nova Soberana	18	18	18	12
06/03/2022	Inocoop II	22	13	9	6
12/03/2022	Jd. Fátima	22	23	17	19
13/03/2022	Cid. Nova Soberana	19	21	15	16
13/03/2022	Jd. Triunfo	11	11	2	1
13/03/2022	Jd. Ponte Alta II	6	5	10	11
13/03/2022	Jd. Ponte Alta	16	15	8	14
13/03/2022	Inocoop I	28	43	20	24
13/03/2022	Jd. Lavras	28	26	30	21
13/03/2022	Jd. Lenize	09	04	09	10
13/03/2022	Vila Carmela	24	28	26	24
13/03/2022	Jd. Pres. Dutra	19	25	15	21
13/03/2022	Jd. Fátima	15	15	10	10
13/03/2022	Vila São José	16	7	27	28
13/03/2022	Jd. Vila Rica	3	3	12	7
13/03/2022	Pq. Residencial Bambi	12	22	25	25
13/03/2022	Jd. Fortaleza II	12	5	5	3
13/03/2022	Soberana II	8	9	13	10
13/03/2022	Orquidiama	10	5	5	1
13/03/2022	Jd. Álamo	10	11	07	09
13/03/2022	Vila Nova Bonsucesso	17	19	14	13
13/03/2022	Jd. Munira	16	11	11	17
13/03/2022	Jd. Fortaleza	16	10	8	13
13/03/2022	Jd. Maria Dirce	4	5	5	2
13/03/2022	Jd. Fortaleza III	8	8	9	7
13/03/2022	Pq. Santos Dumont	13	18	14	11
13/03/2022	Maria Paula	11	8	15	15
13/03/2022	Inocoop II	19	17	10	15
13/03/2022	Vila União	11	11	13	07
13/03/2022	Jd. St. Paula	7	5	14	23
13/03/2022	Soberana I	16	10	14	12
20/03/2022	Jd. Munira	22	11	16	20
20/03/2022	Jd. Triunfo	14	13	10	5
20/03/2022	Jd. Lenize	5	7	6	4
20/03/2022	Soberana II	5	4	9	24
20/03/2022	Soberana I	20	09	13	16
20/03/2022	Jd. Ponte Alta II	11	14	9	10
20/03/2022	Jd. Fátima	16	10	13	16
20/03/2022	Vila Nova Bonsucesso	24	21	10	12
20/03/2022	Cid. Nova Soberana	7	6	12	9
20/03/2022	Jd. Maria Dirce	4	4	5	1
20/03/2022	Jd. Vila Rica	9	6	4	13
20/03/2022	Jd. Pres. Dutra	19	27	13	15
20/03/2022	Pq. Santos Dumont	24	19	12	15
20/03/2022	Inocoop I	36	30	18	25
20/03/2022	Orquidiama	9	7	3	2
20/03/2022	Jd. Fortaleza	12	8	6	3
20/03/2022	Jd. Fortaleza	12	3	6	8
20/03/2022	Jd. Ponte Alta	13	11	7	18
20/03/2022	Jd. Novo Portugal	28	22	24	34
20/03/2022	Inocoop II	15	19	9	12
20/03/2022	Jd. Fortaleza II	3	2	10	4
20/03/2022	Vila União	9	8	13	8
20/03/2022	Jd. Fortaleza III	5	4	8	4
20/03/2022	Pq. Residencial Bambi	13	8	18	29
20/03/2022	Maria Paula	10	7	11	8
20/03/2022	Jd. Lavras	22	24	18	18
20/03/2022	Jd. St. Paula	3	3	7	8
20/03/2022	Vila São José	20	14	13	19
27/03/2022	Vila São José	13	11	20	25
27/03/2022	Vila Nova Bonsucesso	23	21	18	22
27/03/2022	Jd. Ponte Alta	20	13	12	23
27/03/2022	Jd. Lenize	6	4	7	6
27/03/2022	Jd. Lavras	36	26	22	29
27/03/2022	Jd. Maria Dirce	7	4	5	6
27/03/2022	Jd. Munira	16	20	15	18
27/03/2022	Jd. Fátima	23	22	11	18
27/03/2022	Jd. Novo Portugal	28	16	21	33
27/03/2022	Jd. Triunfo	16	19	12	7
27/03/2022	Cid. Nova Soberana	17	21	20	10
27/03/2022	Jd. Pres. Dutra	32	35	28	23
27/03/2022	Pq. Residencial Bambi	8	15	23	22
27/03/2022	Jd. Vila Rica	9	12	8	12
27/03/2022	Jd. Álamo	15	17	13	16
27/03/2022	Vila Carmela	29	21	26	22
27/03/2022	Inocoop II	20	18	14	15
27/03/2022	Inocoop I	24	30	21	15
27/03/2022	Jd. Fortaleza	15	12	8	11
27/03/2022	Soberana II	9	8	15	17
27/03/2022	Jd. Fortaleza II	4	4	11	5
27/03/2022	Soberana I	17	12	16	11
27/03/2022	Jd. Fortaleza III	14	17	7	9
27/03/2022	Pq. Santos Dumont	20	28	29	18
27/03/2022	Orquidiama	9	6	3	2
27/03/2022	Vila União	09	07	08	07
27/03/2022	Maria Paula	12	4	13	10
27/03/2022	Jd. St. Paula	4	8	15	14
27/03/2022	Vila São José	9	9	14	211
29/03/2022	Jd. Triunfo	13	10	10	7
03/04/2022	Vila São José	7	12	18	24
03/04/2022	Jd. Triunfo	14	14	7	4
03/04/2022	Jd. Fátima	16	12	10	15
03/04/2022	Jd. Álamo	8	10	6	13
03/04/2022	Jd. Novo Portugal	35	54	36	27
03/04/2022	Jd. Maria Dirce	5	4	4	5
03/04/2022	Jd. Munira	18	18	12	17
03/04/2022	Cid. Nova Soberana	16	14	15	10
03/04/2022	Jd. Pres. Dutra	20	32	19	18
03/04/2022	Vila Carmela	25	15	30	32
03/04/2022	Jd. Vila Rica	17	16	6	14
03/04/2022	Vila Nova Bonsucesso	24	31	16	12
03/04/2022	Inocoop I	33	30	22	22
03/04/2022	Soberana II	6	5	11	12
03/04/2022	Jd. Ponte Alta II	14	13	3	5
03/04/2022	Jd. Fortaleza II	7	5	4	5
03/04/2022	Soberana I	25	17	09	16
03/04/2022	Inocoop II	25	32	10	13
03/04/2022	Pq. Residencial Bambi	12	15	22	18
03/04/2022	Jd. Fortaleza	19	14	8	11
03/04/2022	Jd. Lenize	6	3	6	8
03/04/2022	Pq. Santos Dumont	24	17	17	16
03/04/2022	Maria Paula	10	7	11	8
03/04/2022	Orquidiama	13	11	5	6
03/04/2022	Jd. Fortaleza II	4	5	5	3
03/04/2022	Vila União	16	11	15	5
03/04/2022	Jd. Fortaleza III	12	13	6	10
03/04/2022	Jd. St. Paula	7	9	14	15
03/04/2022	Jd. Lavras	28	32	18	18
03/04/2022	Jd. Ponte Alta	16	8	11	13
10/04/2022	Vila São José	8	12	20	23
10/04/2022	Jd. Triunfo	7	11	4	6
10/04/2022	Jd. Lenize	6	3	10	8
10/04/2022	Jd. Munira	22	17	14	20
10/04/2022	Jd. Novo Portugal	52	38	20	22
10/04/2022	Jd. Álamo	10	06	10	09
10/04/2022	Jd. Fátima	19	15	13	10
10/04/2022	Inocoop I	51	45	14	28
10/04/2022	Jd. Pres. Dutra	17	25	21	20
10/04/2022	Jd. Ponte Alta II	7	4	8	7
10/04/2022	Orquidiama	48	35	10	7
10/04/2022	Jd. Vila Rica	4	5	5	16
10/04/2022	Vila União	28	25	6	5
10/04/2022	Cid. Nova Soberana	17	18	16	12
10/04/2022	Inocoop II	17	24	12	17
10/04/2022	Soberana II	5	4	15	15
10/04/2022	Vila Carmela	25	19	34	18
10/04/2022	Pq. Residencial Bambi	9	18	31	26
10/04/2022	Jd. Fortaleza	16	11	10	14
10/04/2022	Jd. Ponte Alta	23	27	9	7
10/04/2022	Maria Paula	12	7	12	11
10/04/2022	Jd. Fortaleza III	6	11	5	7
10/04/2022	Jd. Maria Dirce	5	2	4	2
10/04/2022	Jd. Fortaleza II	5	5	5	3
10/04/2022	Pq. Santos Dumont	29	30	11	5
10/04/2022	Soberana I	21	20	17	16
10/04/2022	Jd. St. Paula	4	4	19	20
10/04/2022	Jd. Lavras	24	25	14	17
17/04/2022	Vila São José	8	11	17	10
17/04/2022	Jd. Triunfo	15	15	8	8
17/04/2022	Vila Nova Bonsucesso	22	23	9	12
17/04/2022	Jd. Novo Portugal	17	14	21	19
17/04/2022	Jd. Lenize	8	8	7	11
17/04/2022	Jd. Maria Dirce	7	3	3	1
17/04/2022	Cid. Nova Soberana	17	15	13	11
17/04/2022	Jd. Ponte Alta II	20	24	4	4
17/04/2022	Jd. Vila Rica	15	15	9	16
17/04/2022	Jd. Ponte Alta	14	10	11	15
17/04/2022	Jd. Pres. Dutra	19	31	18	17
17/04/2022	Vila Carmela	18	21	27	7
17/04/2022	Jd. Novo Portugal	17	14	21	19
17/04/2022	Soberana II	7	7	11	12
17/04/2022	Jd. Álamo	12	08	12	13
17/04/2022	Inocoop I	90	65	20	20
17/04/2022	Soberana II	8	7	13	12
17/04/2022	Jd. Fátima	17	11	8	12
17/04/2022	Jd. Munira	20	23	12	17
17/04/2022	Orquidiama	6	5	6	3
17/04/2022	Pq. Santos Dumont	26	18	19	8
17/04/2022	Jd. Fortaleza	17	8	4	6
17/04/2022	Jd. Fortaleza III	14	8	7	10
17/04/2022	Pq. Residencial Bambi	12	15	21	18
17/04/2022	Soberana I	16	16	9	14
17/04/2022	Jd. St. Paula	7	4	16	21
17/04/2022	Jd. Fortaleza II	8	5	7	4
17/04/2022	Jd. Lavras	17	19	16	25
17/04/2022	Inocoop II	22	19	11	9
17/04/2022	Maria Paula	9	8	7	6
17/04/2022	Vila União	12	8	12	2
24/04/2022	Vila São José	10	9	16	18
24/04/2022	Jd. Novo Portugal	21	19	20	18
24/04/2022	Jd. Triunfo	19	13	7	4
24/04/2022	Vila Nova Bonsucesso	29	27	13	19
24/04/2022	Pq. Santos Dumont	22	20	12	18
24/04/2022	Inocoop II	18	20	12	14
24/04/2022	Jd. Vila Rica	7	11	7	7
24/04/2022	Jd. Lenize	6	3	5	7
24/04/2022	Jd. Fátima	12	14	15	12
24/04/2022	Cid. Nova Soberana	20	21	20	16
24/04/2022	Jd. Pres. Dutra	24	29	21	12
24/04/2022	Jd. Álamo	6	7	11	13
24/04/2022	Vila Carmela	18	21	28	16
24/04/2022	Inocoop I	48	45	24	26
24/04/2022	Soberana II	8	5	11	11
24/04/2022	Jd. Ponte Alta II	9	18	6	10
24/04/2022	Jd. Fortaleza	19	12	6	14
24/04/2022	Jd. Ponte Alta	19	10	13	20
24/04/2022	Soberana I	23	17	13	17
24/04/2022	Orquidiama	8	6	5	4
24/04/2022	Jd. Fortaleza II	6	4	7	2
24/04/2022	Pq. Residencial Bambi	10	17	17	24
24/04/2022	Vila União	11	06	12	07
24/04/2022	Maria Paula	8	9	7	9
24/04/2022	Jd. Lavras	36	33	15	17
24/04/2022	Jd. Fortaleza III	17	10	7	4
24/04/2022	Jd. St. Paula	8	5	18	18
24/04/2022	Jd. Maria Dirce	6	6	3	1
01/05/2022	Vila São José	12	8	17	21
01/05/2022	Jd. Triunfo	10	9	8	5
01/05/2022	Jd. Munira	21	17	15	24
01/05/2022	Vila Nova Bonsucesso	18	22	12	11
01/05/2022	Jd. Novo Portugal	16	18	21	20
01/05/2022	Jd. Ponte Alta	14	7	12	17
01/05/2022	Jd. Pres. Dutra	18	28	23	22
01/05/2022	Cid. Nova Soberana	15	19	21	14
01/05/2022	Vila Carmela	11	8	5	9
01/05/2022	Jd. Fátima	50	40	22	20
01/05/2022	Soberana II	6	4	14	8
01/05/2022	Inocoop I	37	30	23	27
01/05/2022	Jd. Lenize	7	8	4	11
01/05/2022	Jd. Ponte Alta II	23	30	21	17
01/05/2022	Jd. Vila Rica	7	9	2	10
01/05/2022	Jd. Álamo	10	8	12	11
01/05/2022	Orquidiama	8	7	8	6
01/05/2022	Jd. Maria Dirce	7	5	4	1
01/05/2022	Jd. Fortaleza	21	10	7	10
01/05/2022	Soberana I	20	14	15	20
01/05/2022	Maria Paula	11	14	10	13
01/05/2022	Jd. Lavras	25	22	17	26
01/05/2022	Jd. Álamo	6	5	12	11
01/05/2022	Inocoop II	21	18	9	19
01/05/2022	Jd. Fortaleza II	6	6	3	1
01/05/2022	Jd. Fortaleza II	8	3	3	4
01/05/2022	Pq. Santos Dumont	29	18	9	19
01/05/2022	Jd. Fortaleza III	12	10	7	8
01/05/2022	Pq. Residencial Bambi	9	19	25	25
01/05/2022	Vila União	10	9	13	7
01/05/2022	Jd. St. Paula	6	6	15	21
08/05/2022	Vila São José	8	11	18	20
08/05/2022	Inocoop II	13	16	15	16
08/05/2022	Vila Nova Bonsucesso	15	20	11	14
08/05/2022	Jd. Novo Portugal	19	18	20	20
08/05/2022	Vila Carmela	18	10	20	16
08/05/2022	Jd. Ponte Alta II	9	12	6	4
08/05/2022	Soberana II	5	4	13	17
08/05/2022	Jd. Ponte Alta	13	11	9	10
08/05/2022	Soberana I	13	15	16	16
08/05/2022	Jd. Álamo	0	8	7	8
08/05/2022	Jd. Triunfo	04	05	01	03
08/05/2022	Jd. Lenize	5	3	5	5
08/05/2022	Jd. Álamo	2	9	7	9
08/05/2022	Maria Paula	10	14	10	13
08/05/2022	Jd. Vila Rica	6	11	1	3
08/05/2022	Jd. Fátima	11	16	18	14
08/05/2022	Inocoop I	28	22	14	20
08/05/2022	Jd. Pres. Dutra	45	31	18	15
08/05/2022	Cid. Nova Soberana	14	14	15	9
08/05/2022	Jd. Fortaleza	14	15	5	5
08/05/2022	Orquidiama	7	8	2	3
08/05/2022	Pq. Santos Dumont	24	22	12	9
08/05/2022	Vila União	10	11	09	04
08/05/2022	Jd. Fortaleza II	9	5	3	1
08/05/2022	Jd. Lavras	31	30	8	11
08/05/2022	Pq. Residencial Bambi	10	19	13	15
08/05/2022	Jd. Fortaleza III	8	11	5	6
08/05/2022	Jd. Munira	15	13	12	10
08/05/2022	Jd. Munira	15	13	12	10
08/05/2022	Jd. St. Paula	4	4	9	10
15/05/2022	Jd. Triunfo	25	18	4	11
15/05/2022	Vila São José	13	14	26	33
15/05/2022	Jd. Fátima	52	67	16	14
15/05/2022	Jd. Lenize	12	4	6	5
15/05/2022	Inocoop I	39	40	22	20
15/05/2022	Jd. Munira	21	16	9	22
15/05/2022	Jd. Triunfo	25	18	11	4
15/05/2022	Soberana II	7	5	15	12
15/05/2022	Jd. Vila Rica	8	9	5	12
15/05/2022	Cid. Nova Soberana	13	6	10	12
15/05/2022	Jd. Pres. Dutra	14	23	20	14
15/05/2022	Vila Carmela	45	34	34	17
15/05/2022	Jd. Ponte Alta II	8	15	3	5
15/05/2022	Maria Paula	14	13	14	14
15/05/2022	Vila União	11	05	12	05
15/05/2022	Jd. Álamo	4	5	12	11
15/05/2022	Jd. Fortaleza	14	13	10	11
15/05/2022	Pq. Santos Dumont	25	19	11	13
15/05/2022	Orquidiama	6	5	3	2
15/05/2022	Inocoop II	19	17	8	20
15/05/2022	Jd. Fortaleza II	6	4	10	3
15/05/2022	Pq. Residencial Bambi	13	22	18	17
15/05/2022	Jd. Fortaleza III	14	6	10	9
15/05/2022	Jd. Fortaleza II	6	5	10	3
15/05/2022	Jd. St. Paula	5	4	10	12
15/05/2022	Jd. Maria Dirce	8	6	3	6
15/05/2022	Jd. Lavras	25	22	9	10
15/05/2022	Jd. Ponte Alta	13	13	10	5
22/05/2022	Jd. Novo Portugal	21	12	17	20
22/05/2022	Jd. Triunfo	12	17	9	7
22/05/2022	Jd. Fátima	14	12	13	6
22/05/2022	Vila São José	10	11	17	17
22/05/2022	Vila Nova Bonsucesso	21	24	7	10
22/05/2022	Jd. Lenize	5	6	12	11
22/05/2022	Vila Carmela	11	9	8	20
22/05/2022	Soberana I	14	16	12	10
22/05/2022	Jd. Novo Portugal	21	12	17	20
22/05/2022	Jd. Álamo	06	11	07	11
22/05/2022	Jd. Pres. Dutra	20	27	12	14
22/05/2022	Jd. Vila Rica	13	16	3	12
22/05/2022	Jd. Ponte Alta II	15	19	8	8
22/05/2022	Inocoop I	54	45	25	30
22/05/2022	Maria Paula	14	10	9	12
22/05/2022	Cid. Nova Soberana	19	16	14	9
22/05/2022	Jd. Fortaleza	14	10	5	10
22/05/2022	Jd. Munira	13	12	16	14
22/05/2022	Pq. Santos Dumont	21	29	14	6
22/05/2022	Vila União	12	6	11	9
22/05/2022	Jd. Lavras	31	25	11	9
22/05/2022	Pq. Residencial Bambi	13	18	14	18
22/05/2022	Jd. Fortaleza III	13	10	6	3
22/05/2022	Jd. Fortaleza II	4	2	6	3
22/05/2022	Orquidiama	8	7	6	1
22/05/2022	Jd. Maria Dirce	4	6	1	6
22/05/2022	Jd. Ponte Alta	15	11	4	9
22/05/2022	Jd. St. Paula	5	6	10	14
29/05/2022	Jd. Triunfo	13	10	10	7
29/05/2022	Jd. Ponte Alta	16	12	10	19
29/05/2022	Vila São José	15	23	21	29
29/05/2022	Jd. Álamo	09	06	10	07
29/05/2022	Inocoop I	140	135	20	16
29/05/2022	Pq. Santos Dumont	25	21	11	15
29/05/2022	Jd. Munira	12	14	15	15
29/05/2022	Jd. Ponte Alta II	40	24	14	14
29/05/2022	Vila Nova Bonsucesso	24	24	13	21
29/05/2022	Cid. Nova Soberana	17	21	16	9
29/05/2022	Jd. Lenize	10	5	5	5
29/05/2022	Jd. Vila Rica	6	9	5	14
29/05/2022	Vila Carmela	25	19	25	16
29/05/2022	Inocoop II	22	30	12	14
29/05/2022	Jd. Fortaleza	12	13	9	9
29/05/2022	Jd. Fortaleza II	5	5	9	3
29/05/2022	Soberana II	7	5	16	17
29/05/2022	Pq. Residencial Bambi	7	17	22	14
29/05/2022	Jd. Fortaleza II	14	5	5	6
29/05/2022	Soberana I	21	18	14	18
29/05/2022	Orquidiama	9	3	9	5
29/05/2022	Jd. Fortaleza III	13	10	8	4
29/05/2022	Vila União	9	7	5	5
29/05/2022	Maria Paula	7	5	7	8
29/05/2022	Jd. St. Paula	15	11	20	22
29/05/2022	Jd. Lavras	34	35	19	23
05/06/2022	Vila São José	11	14	18	23
05/06/2022	Jd. Lenize	13	5	3	6
05/06/2022	Jd. Novo Portugal	20	18	20	19
05/06/2022	Vila Nova Bonsucesso	16	19	12	10
05/06/2022	Jd. Triunfo	19	21	6	4
05/06/2022	Jd. Ponte Alta II	13	9	8	8
05/06/2022	Jd. Ponte Alta	17	11	5	18
05/06/2022	Jd. Triunfo	19	21	6	4
05/06/2022	Jd. Fátima	42	33	21	18
05/06/2022	Jd. Pres. Dutra	27	32	22	16
05/06/2022	Jd. Álamo	09	06	10	07
05/06/2022	Jd. Novo Portugal	20	18	20	19
05/06/2022	Inocoop I	40	11	18	19
05/06/2022	Vila União	5	6	16	3
05/06/2022	Cid. Nova Soberana	48	45	20	20
05/06/2022	Jd. Vila Rica	16	14	4	11
05/06/2022	Maria Paula	8	6	7	8
05/06/2022	Vila Carmela	11	26	27	18
05/06/2022	Jd. Fortaleza	19	9	5	7
05/06/2022	Jd. Munira	20	17	10	11
05/06/2022	Soberana II	7	3	8	11
05/06/2022	Soberana I	17	14	16	15
05/06/2022	Inocoop II	13	18	8	15
05/06/2022	Orquidiama	11	9	4	2
05/06/2022	Pq. Santos Dumont	28	32	12	5
05/06/2022	Jd. Fortaleza III	12	12	13	14
05/06/2022	Pq. Residencial Bambi	10	14	16	16
05/06/2022	Jd. Lavras	26	18	13	24
05/06/2022	Jd. St. Paula	3	4	11	11
12/06/2022	Vila São José	8	10	19	17
12/06/2022	Jd. Pres. Dutra	18	24	13	20
12/06/2022	Vila Nova Bonsucesso	23	18	12	9
12/06/2022	Jd. Munira	13	22	10	18
12/06/2022	Jd. Triunfo	11	8	4	4
12/06/2022	Cid. Nova Soberana	14	14	10	10
12/06/2022	Jd. Lenize	7	8	11	4
12/06/2022	Soberana II	5	4	5	12
12/06/2022	Jd. Fátima	8	8	16	14
12/06/2022	Jd. Ponte Alta II	20	16	10	9
12/06/2022	Jd. Álamo	5	4	8	7
12/06/2022	Inocoop I	135	125	15	25
12/06/2022	Soberana I	18	18	15	15
12/06/2022	Jd. Vila Rica	3	5	3	11
12/06/2022	Soberana I	18	18	15	15
12/06/2022	Jd. Fortaleza	18	12	5	11
12/06/2022	Maria Paula	13	11	12	14
12/06/2022	Vila União	11	09	09	09
12/06/2022	Jd. Fortaleza III	09	10	06	4
12/06/2022	Pq. Santos Dumont	20	23	13	14
12/06/2022	Jd. Lavras	30	32	17	14
12/06/2022	Orquidiama	9	8	2	5
12/06/2022	Inocoop II	19	21	16	14
12/06/2022	Pq. Residencial Bambi	12	20	13	13
12/06/2022	Jd. Fortaleza II	8	5	7	5
12/06/2022	Jd. St. Paula	4	8	8	13
12/06/2022	Jd. Ponte Alta	19	18	3	12
19/06/2022	Vila São José	12	12	14	19
19/06/2022	Jd. Pres. Dutra	20	29	17	14
19/06/2022	Jd. Vila Rica	20	15	9	11
19/06/2022	Vila Nova Bonsucesso	19	22	12	14
19/06/2022	Vila Carmela	28	57	20	48
19/06/2022	Jd. Triunfo	10	19	6	5
19/06/2022	Cid. Nova Soberana	15	15	13	9
19/06/2022	Jd. Lenize	9	5	6	7
19/06/2022	Soberana II	6	7	7	12
19/06/2022	Jd. Fátima	12	10	12	16
19/06/2022	Jd. Ponte Alta	19	11	10	13
19/06/2022	Jd. Ponte Alta II	18	31	12	10
19/06/2022	Jd. Álamo	11	7	7	9
19/06/2022	Inocoop I	205	206	30	10
19/06/2022	Jd. Lavras	21	23	20	14
19/06/2022	Jd. Fortaleza	17	12	6	7
19/06/2022	Pq. Santos Dumont	29	25	12	14
19/06/2022	Maria Paula	9	10	15	15
19/06/2022	Pq. Residencial Bambi	9	15	15	14
19/06/2022	Vila União	19	8	7	3
19/06/2022	Orquidiama	9	9	5	4
19/06/2022	Jd. Fortaleza III	14	12	17	16
19/06/2022	Soberana I	18	12	13	18
19/06/2022	Jd. Fortaleza II	8	4	4	1
19/06/2022	Jd. St. Paula	6	8	18	16
19/06/2022	Jd. Maria Dirce	6	6	4	0
19/06/2022	Jd. Munira	13	12	16	14
26/06/2022	Vila São José	9	9	17	18
26/06/2022	Jd. Lenize	11	4	14	11
26/06/2022	Jd. Fátima	20	18	12	14
26/06/2022	Jd. Maria Dirce	7	4	5	4
26/06/2022	Jd. Novo Portugal	16	11	19	24
26/06/2022	Jd. Triunfo	10	4	6	4
26/06/2022	Jd. Ponte Alta II	32	18	10	5
26/06/2022	Jd. Pres. Dutra	18	35	18	12
26/06/2022	Jd. Vila Rica	14	17	4	10
26/06/2022	Vila Nova Bonsucesso	23	23	12	13
26/06/2022	Orquidiama	8	10	6	2
26/06/2022	Jd. Munira	21	20	12	16
26/06/2022	Soberana I	23	18	17	17
26/06/2022	Inocoop I	39	50	27	20
26/06/2022	Jd. Fortaleza	18	10	8	15
26/06/2022	Vila Carmela	48	46	32	22
26/06/2022	Jd. Álamo	7	9	5	8
26/06/2022	Inocoop II	20	16	14	15
26/06/2022	Jd. Maria Dirce	7	5	5	3
26/06/2022	Pq. Residencial Bambi	7	19	23	16
26/06/2022	Jd. Fortaleza III	13	10	10	13
26/06/2022	Maria Paula	10	13	14	15
26/06/2022	Jd. Lavras	26	30	12	18
26/06/2022	Vila União	07	11	11	07
26/06/2022	Pq. Santos Dumont	21	19	10	15
26/06/2022	Jd. St. Paula	10	15	14	15
03/07/2022	Jd. Lenize	9	3	5	4
03/07/2022	Vila São José	14	14	17	22
03/07/2022	Vila Carmela	18	20	25	25
03/07/2022	Jd. Ponte Alta II	9	8	7	9
03/07/2022	Soberana II	11	10	13	11
03/07/2022	Jd. Fátima	12	20	11	18
03/07/2022	Jd. Triunfo	11	11	07	04
03/07/2022	Jd. Álamo	9	5	7	10
03/07/2022	Jd. St. Paula	4	6	12	13
03/07/2022	Jd. Maria Dirce	8	5	7	1
03/07/2022	Jd. Novo Portugal	14	12	22	18
03/07/2022	Vila Nova Bonsucesso	18	40	25	16
03/07/2022	Jd. Munira	21	12	13	13
03/07/2022	Cid. Nova Soberana	16	14	13	11
03/07/2022	Jd. Pres. Dutra	21	30	22	20
03/07/2022	Inocoop I	36	20	19	17
03/07/2022	Pq. Santos Dumont	23	20	8	15
03/07/2022	Soberana I	21	19	12	14
03/07/2022	Jd. Fortaleza	20	21	11	14
03/07/2022	Pq. Residencial Bambi	10	16	15	13
03/07/2022	Jd. Lavras	27	32	16	18
03/07/2022	Inocoop II	15	16	9	12
03/07/2022	Orquidiama	10	8	5	4
03/07/2022	Jd. Fortaleza III	13	10	16	6
03/07/2022	Jd. Ponte Alta	18	11	4	6
03/07/2022	Jd. Vila Rica	10	10	11	14
03/07/2022	Vila União	11	5	10	12
10/07/2022	Vila São José	11	12	30	21
10/07/2022	Vila Nova Bonsucesso	21	24	9	11
10/07/2022	Jd. Lenize	15	6	6	8
10/07/2022	Soberana II	9	4	11	13
10/07/2022	Jd. Fátima	6	11	18	12
10/07/2022	Jd. Triunfo	8	9	6	3
10/07/2022	Cid. Nova Soberana	14	14	14	9
10/07/2022	Jd. Ponte Alta II	8	7	7	6
10/07/2022	Inocoop II	20	18	10	10
10/07/2022	Jd. Novo Portugal	17	7	20	18
10/07/2022	Soberana I	18	15	13	11
10/07/2022	Jd. Álamo	14	12	8	6
10/07/2022	Orquidiama	14	13	10	5
10/07/2022	Jd. Vila Rica	12	8	9	13
10/07/2022	Inocoop I	20	29	26	3
10/07/2022	Vila Carmela	20	15	23	17
10/07/2022	Pq. Santos Dumont	20	18	20	16
10/07/2022	Jd. Munira	23	11	14	20
10/07/2022	Maria Paula	16	14	12	18
10/07/2022	Jd. Lavras	26	24	12	17
10/07/2022	Jd. Fortaleza II	9	5	6	5
10/07/2022	Pq. Residencial Bambi	9	17	18	11
10/07/2022	Jd. Fortaleza III	9	10	8	15
10/07/2022	Jd. Ponte Alta	14	11	1	10
10/07/2022	Vila União	07	07	07	04
10/07/2022	Jd. St. Paula	3	6	11	14
17/07/2022	Vila São José	13	8	23	18
17/07/2022	Jd. Lenize	8	4	6	11
17/07/2022	Vila Nova Bonsucesso	23	26	11	11
17/07/2022	Inocoop I	398	400	20	25
17/07/2022	Vila Carmela	43	38	27	44
17/07/2022	Pq. Santos Dumont	26	16	10	17
17/07/2022	Soberana II	9	4	14	16
17/07/2022	Jd. Fátima	15	20	17	7
17/07/2022	Jd. Triunfo	12	09	06	02
17/07/2022	Jd. Novo Portugal	15	8	24	23
17/07/2022	Jd. Ponte Alta II	9	9	2	6
17/07/2022	Jd. Álamo	10	9	11	9
17/07/2022	Cid. Nova Soberana	15	6	15	17
17/07/2022	Jd. Fortaleza	17	18	6	10
17/07/2022	Inocoop II	6	8	8	8
17/07/2022	Jd. Vila Rica	16	11	6	6
17/07/2022	Jd. Lavras	29	24	12	16
17/07/2022	Jd. Fortaleza III	9	7	6	8
17/07/2022	Soberana I	19	13	18	17
17/07/2022	Vila União	12	9	11	4
17/07/2022	Jd. Ponte Alta	10	5	7	13
17/07/2022	Maria Paula	13	11	15	11
17/07/2022	Pq. Residencial Bambi	12	17	21	13
17/07/2022	Jd. Fortaleza II	11	5	7	5
17/07/2022	Jd. Munira	13	07	12	13
17/07/2022	Jd. St. Paula	4	9	15	15
17/07/2022	Jd. Maria Dirce	4	5	4	3
24/07/2022	Jd. Fátima	19	26	11	11
24/07/2022	Jd. Triunfo	14	13	5	5
24/07/2022	Jd. Lenize	7	2	5	9
24/07/2022	Cid. Nova Soberana	13	12	13	16
24/07/2022	Jd. Munira	13	14	16	14
24/07/2022	Vila São José	11	12	21	23
24/07/2022	Vila Nova Bonsucesso	22	20	9	12
24/07/2022	Jd. Pres. Dutra	20	31	20	20
24/07/2022	Inocoop I	65	36	29	21
24/07/2022	Jd. Álamo	11	05	07	05
24/07/2022	Vila Carmela	15	20	16	18
24/07/2022	Jd. Novo Portugal	19	20	32	24
24/07/2022	Soberana I	14	13	15	12
24/07/2022	Jd. Ponte Alta II	11	12	5	8
24/07/2022	Jd. Vila Rica	10	14	7	10
24/07/2022	Vila União	11	10	17	16
24/07/2022	Maria Paula	6	7	5	16
24/07/2022	Inocoop II	19	19	8	14
24/07/2022	Pq. Santos Dumont	27	29	19	12
24/07/2022	Jd. Ponte Alta	39	36	9	16
24/07/2022	Soberana II	6	4	14	12
24/07/2022	Jd. Fortaleza III	18	14	14	14
24/07/2022	Jd. Fortaleza II	10	5	6	7
24/07/2022	Orquidiama	8	8	6	2
24/07/2022	Pq. Residencial Bambi	15	19	21	24
24/07/2022	Jd. Fortaleza	21	21	12	14
24/07/2022	Jd. Lavras	18	31	14	24
24/07/2022	Jd. St. Paula	3	7	11	15
24/07/2022	Jd. Maria Dirce	7	4	5	3
31/07/2022	Vila Carmela	20	20	20	20
31/07/2022	Soberana II	18	8	16	19
31/07/2022	Soberana I	20	17	13	09
31/07/2022	Inocoop II	18	17	7	6
31/07/2022	Jd. Triunfo	8	13	12	4
31/07/2022	Jd. Fortaleza	21	14	7	6
31/07/2022	Vila São José	8	7	14	17
31/07/2022	Cid. Nova Soberana	11	16	7	9
31/07/2022	Jd. Lenize	6	3	2	3
31/07/2022	Jd. Novo Portugal	73	50	34	47
31/07/2022	Jd. Munira	20	15	13	9
31/07/2022	Jd. Vila Rica	14	7	9	12
31/07/2022	Jd. Ponte Alta	16	15	5	14
31/07/2022	Jd. Pres. Dutra	20	28	16	15
31/07/2022	Vila Nova Bonsucesso	25	23	9	22
31/07/2022	Orquidiama	10	11	7	3
31/07/2022	Jd. Ponte Alta II	9	9	6	9
31/07/2022	Maria Paula	16	13	14	24
31/07/2022	Jd. Lenize	21	14	7	6
31/07/2022	Pq. Santos Dumont	21	21	10	15
31/07/2022	Jd. Fortaleza II	9	3	7	2
31/07/2022	Jd. Lavras	51	43	10	21
31/07/2022	Vila União	14	4	7	8
31/07/2022	Jd. St. Paula	20	19	13	27
31/07/2022	Jd. Fortaleza III	10	17	13	5
31/07/2022	Jd. Maria Dirce	15	6	9	6
31/07/2022	Jd. Fátima	11	14	19	9
07/08/2022	Jd. Triunfo	09	12	5	4
07/08/2022	Jd. Triunfo	09	12	05	04
07/08/2022	Vila São José	15	13	13	16
07/08/2022	Pq. Residencial Bambi	7	14	14	8
07/08/2022	Vila Nova Bonsucesso	19	31	12	9
07/08/2022	Jd. Munira	17	11	13	14
07/08/2022	Vila Carmela	30	24	24	21
07/08/2022	Inocoop I	110	81	15	15
07/08/2022	Jd. Fortaleza II	13	19	9	7
07/08/2022	Jd. Álamo	6	6	5	4
07/08/2022	Jd. Lavras	25	28	13	17
07/08/2022	Cid. Nova Soberana	14	16	18	12
07/08/2022	Orquidiama	11	11	3	4
07/08/2022	Soberana II	5	7	12	10
07/08/2022	Vila União	4	7	9	4
07/08/2022	Inocoop II	21	20	12	14
07/08/2022	Jd. Fortaleza III	19	19	15	16
07/08/2022	Maria Paula	6	13	12	8
07/08/2022	Jd. Maria Dirce	5	3	5	4
07/08/2022	Jd. Fortaleza II	12	15	7	4
07/08/2022	Pq. Santos Dumont	25	32	10	8
07/08/2022	Soberana I	18	14	16	8
07/08/2022	Jd. Lenize	19	4	7	6
07/08/2022	Jd. St. Paula	6	6	10	9
07/08/2022	Jd. Fátima	12	20	11	11
14/08/2022	Jd. Triunfo	06	11	03	01
14/08/2022	Vila São José	14	12	14	15
14/08/2022	Inocoop I	50	17	20	19
14/08/2022	Jd. Novo Portugal	23	21	17	16
14/08/2022	Soberana II	13	5	8	12
14/08/2022	Pq. Santos Dumont	15	18	10	14
14/08/2022	Jd. Maria Dirce	8	3	1	1
14/08/2022	Jd. Fátima	50	70	15	13
14/08/2022	Jd. Pres. Dutra	20	27	15	15
14/08/2022	Vila Nova Bonsucesso	23	26	11	13
14/08/2022	Soberana I	21	12	17	14
14/08/2022	Jd. Lenize	6	4	7	6
14/08/2022	Pq. Residencial Bambi	9	10	14	11
14/08/2022	Cid. Nova Soberana	16	16	15	11
14/08/2022	Vila Carmela	32	38	26	28
14/08/2022	Jd. Novo Portugal	17	16	27	21
14/08/2022	Jd. Vila Rica	8	9	2	8
14/08/2022	Jd. Munira	17	14	11	17
14/08/2022	Jd. Fortaleza	20	15	10	4
14/08/2022	Maria Paula	14	8	12	14
14/08/2022	Jd. Ponte Alta II	10	13	6	11
14/08/2022	Jd. Fortaleza II	5	6	2	4
14/08/2022	Jd. Fortaleza III	14	13	12	5
14/08/2022	Orquidiama	8	9	5	5
14/08/2022	Vila União	10	7	17	5
14/08/2022	Jd. Álamo	8	5	9	6
14/08/2022	Inocoop II	15	18	12	16
14/08/2022	Jd. St. Paula	3	6	7	7
14/08/2022	Jd. Ponte Alta	16	13	7	13
21/08/2022	Jd. Triunfo	34	32	08	04
21/08/2022	Vila São José	12	15	22	18
21/08/2022	Jd. Novo Portugal	18	15	19	20
21/08/2022	Inocoop I	16	16	14	12
21/08/2022	Jd. Munira	20	19	20	15
21/08/2022	Jd. Pres. Dutra	26	38	11	16
21/08/2022	Inocoop II	14	11	4	4
21/08/2022	Jd. St. Paula	3	5	13	9
21/08/2022	Soberana I	17	17	11	9
21/08/2022	Inocoop II	14	11	4	4
21/08/2022	Jd. Fortaleza	21	18	6	13
21/08/2022	Soberana II	7	4	17	16
21/08/2022	Jd. Ponte Alta II	13	20	7	10
21/08/2022	Jd. Vila Rica	7	16	8	9
21/08/2022	Jd. Lenize	100	90	28	13
21/08/2022	Jd. Fortaleza II	5	3	3	2
21/08/2022	Maria Paula	10	6	13	13
21/08/2022	Jd. Lavras	29	25	38	14
21/08/2022	Orquidiama	9	6	4	2
21/08/2022	Pq. Santos Dumont	27	29	11	13
21/08/2022	Pq. Residencial Bambi	10	14	22	6
21/08/2022	Jd. Álamo	2	3	10	2
21/08/2022	Vila União	8	7	10	4
21/08/2022	Jd. Fortaleza III	12	12	9	7
21/08/2022	Jd. Maria Dirce	5	4	4	1
21/08/2022	Jd. Ponte Alta	14	18	3	13
21/08/2022	Vila Nova Bonsucesso	24	22	14	11
21/08/2022	Jd. Fátima	13	19	20	10
28/08/2022	Jd. Fátima	14	22	13	15
28/08/2022	Jd. Triunfo	32	33	8	3
28/08/2022	Jd. Álamo	5	6	8	7
28/08/2022	Vila São José	14	11	19	22
28/08/2022	Jd. Ponte Alta II	27	30	10	9
28/08/2022	Soberana II	3	4	10	3
28/08/2022	Vila Carmela	25	38	22	29
28/08/2022	Cid. Nova Soberana	16	18	21	17
28/08/2022	Vila União	5	8	12	7
28/08/2022	Jd. Vila Rica	9	12	8	11
28/08/2022	Inocoop I	152	120	16	25
28/08/2022	Vila Nova Bonsucesso	22	32	14	25
28/08/2022	Jd. Pres. Dutra	19	33	21	19
28/08/2022	Jd. Lavras	56	43	32	37
28/08/2022	Orquidiama	10	9	8	7
28/08/2022	Soberana I	33	33	18	19
28/08/2022	Inocoop II	20	22	08	14
28/08/2022	Jd. Munira	19	18	17	9
28/08/2022	Maria Paula	14	6	13	15
28/08/2022	Pq. Residencial Bambi	8	9	15	11
28/08/2022	Jd. Fortaleza III	13	14	8	10
28/08/2022	Jd. Fortaleza II	6	6	7	2
28/08/2022	Jd. Ponte Alta	24	14	5	20
28/08/2022	Jd. Fortaleza	19	19	12	15
04/09/2022	Cid. Nova Soberana	16	15	10	8
04/09/2022	Vila São José	13	15	13	16
04/09/2022	Jd. Álamo	7	6	5	4
04/09/2022	Soberana II	8	6	19	18
04/09/2022	Pq. Santos Dumont	23	23	15	14
04/09/2022	Jd. Novo Portugal	15	13	14	19
04/09/2022	Jd. Fátima	9	13	8	9
04/09/2022	Jd. Ponte Alta	17	8	2	10
04/09/2022	Jd. Triunfo	11	12	06	05
04/09/2022	Soberana I	15	17	9	11
04/09/2022	Jd. Vila Rica	8	8	5	5
04/09/2022	Vila Carmela	22	29	17	12
04/09/2022	Vila União	2	3	6	0
04/09/2022	Orquidiama	7	8	5	5
04/09/2022	Jd. Lavras	23	24	12	18
04/09/2022	Jd. Fortaleza	16	9	6	8
04/09/2022	Jd. Ponte Alta II	7	18	5	7
04/09/2022	Inocoop II	38	38	17	28
04/09/2022	Pq. Residencial Bambi	10	13	18	10
04/09/2022	Maria Paula	12	18	27	25
04/09/2022	Jd. Fortaleza III	10	14	10	6
04/09/2022	Jd. Fortaleza II	4	3	4	2
04/09/2022	Inocoop I	15	26	32	15
04/09/2022	Jd. Maria Dirce	7	3	2	3
04/09/2022	Jd. St. Paula	5	6	10	15
11/09/2022	Jd. Lenize	10	6	7	7
11/09/2022	Soberana I	14	08	17	15
11/09/2022	Jd. Ponte Alta II	9	6	5	5
11/09/2022	Vila São José	9	11	21	19
11/09/2022	Soberana II	2	6	11	14
11/09/2022	Cid. Nova Soberana	13	14	13	12
11/09/2022	Jd. Triunfo	07	09	03	04
11/09/2022	Pq. Santos Dumont	18	16	11	11
11/09/2022	Inocoop II	12	12	6	9
11/09/2022	Vila Carmela	24	26	21	11
11/09/2022	Jd. Munira	13	12	27	15
11/09/2022	Jd. Novo Portugal	11	8	17	15
11/09/2022	Jd. Fátima	10	9	10	25
11/09/2022	Jd. Fortaleza	23	10	16	13
11/09/2022	Jd. Pres. Dutra	21	25	18	16
11/09/2022	Jd. Álamo	4	6	6	1
11/09/2022	Inocoop I	29	18	38	24
11/09/2022	Jd. Vila Rica	9	8	2	12
11/09/2022	Orquidiama	9	9	4	5
11/09/2022	Jd. Lavras	21	29	20	20
11/09/2022	Maria Paula	6	8	17	14
11/09/2022	Pq. Residencial Bambi	10	15	9	11
11/09/2022	Jd. Lenize	13	5	9	12
11/09/2022	Jd. Ponte Alta	14	13	5	17
11/09/2022	Jd. Fortaleza II	7	7	4	2
11/09/2022	Jd. Fortaleza II	7	7	4	2
11/09/2022	Jd. Fortaleza III	9	10	7	7
11/09/2022	Jd. Maria Dirce	7	3	6	3
11/09/2022	Vila União	10	05	09	09
11/09/2022	Jd. St. Paula	6	3	13	11
16/09/2022	Jd. Lenize	7	4	8	7
18/09/2022	Jd. Lenize	5	4	10	7
18/09/2022	Cid. Nova Soberana	21	16	18	9
18/09/2022	Vila São José	7	13	15	9
18/09/2022	Jd. Álamo	7	8	6	5
18/09/2022	Soberana II	12	10	19	15
18/09/2022	Jd. Triunfo	15	21	09	08
18/09/2022	Soberana I	18	11	17	11
18/09/2022	Inocoop I	22	21	37	28
18/09/2022	Jd. Ponte Alta	13	6	11	12
18/09/2022	Vila Carmela	18	18	20	25
18/09/2022	Jd. Vila Rica	6	7	3	11
18/09/2022	Jd. Ponte Alta II	9	14	7	9
18/09/2022	Jd. Lavras	23	21	11	17
18/09/2022	Jd. Munira	26	19	18	28
18/09/2022	Soberana I	18	9	17	6
18/09/2022	Maria Paula	10	11	11	14
18/09/2022	Vila União	7	7	11	6
18/09/2022	Pq. Residencial Bambi	9	12	14	15
18/09/2022	Pq. Santos Dumont	25	22	10	14
18/09/2022	Jd. Pres. Dutra	23	34	23	20
18/09/2022	Orquidiama	10	9	7	3
18/09/2022	Inocoop II	19	18	8	13
18/09/2022	Jd. Fortaleza II	6	6	12	4
18/09/2022	Jd. Novo Portugal	15	16	19	19
18/09/2022	Jd. Fortaleza III	11	10	8	8
18/09/2022	Jd. St. Paula	4	7	8	11
18/09/2022	Jd. Fátima	25	18	16	20
18/09/2022	Jd. Fortaleza	11	10	11	11
25/09/2022	Jd. Lenize	12	12	10	6
25/09/2022	Jd. Fátima	24	13	6	15
25/09/2022	Vila Nova Bonsucesso	22	22	16	17
25/09/2022	Vila São José	18	13	19	16
25/09/2022	Jd. Álamo	8	5	7	6
25/09/2022	Soberana II	13	9	19	19
25/09/2022	Jd. Triunfo	10	09	07	07
25/09/2022	Jd. Fortaleza	17	16	12	18
25/09/2022	Orquidiama	5	7	4	3
25/09/2022	Jd. Munira	14	20	15	20
25/09/2022	Jd. Pres. Dutra	16	37	21	20
25/09/2022	Jd. Vila Rica	12	12	8	10
25/09/2022	Inocoop II	14	18	7	11
25/09/2022	Jd. Ponte Alta II	8	12	9	7
25/09/2022	Soberana I	16	13	13	16
25/09/2022	Jd. Lavras	17	16	12	18
25/09/2022	Jd. Fortaleza II	6	4	7	6
25/09/2022	Jd. Fortaleza III	5	11	6	8
25/09/2022	Maria Paula	9	10	12	10
25/09/2022	Jd. Lavras	24	24	19	24
25/09/2022	Jd. Ponte Alta	14	12	8	10
25/09/2022	Pq. Residencial Bambi	7	15	11	16
25/09/2022	Vila União	9	6	7	4
25/09/2022	Pq. Santos Dumont	21	22	14	14
25/09/2022	Inocoop I	28	31	29	25
25/09/2022	Jd. St. Paula	6	7	15	22
25/09/2022	Cid. Nova Soberana	23	20	21	14
25/09/2022	Jd. Novo Portugal	26	19	23	24
30/09/2022	Jd. Álamo	2	3	5	3
02/10/2022	Jd. Novo Portugal	17	19	18	18
02/10/2022	Jd. Novo Portugal	17	19	18	18
02/10/2022	Jd. Lenize	4	3	5	4
02/10/2022	Cid. Nova Soberana	17	18	18	13
02/10/2022	Jd. Pres. Dutra	15	25	17	17
02/10/2022	Vila São José	13	14	21	19
02/10/2022	Jd. Munira	22	8	21	15
02/10/2022	Jd. Ponte Alta II	9	9	5	7
02/10/2022	Jd. Ponte Alta	18	10	4	12
02/10/2022	Vila Nova Bonsucesso	20	22	12	12
02/10/2022	Jd. Vila Rica	8	13	7	9
02/10/2022	Jd. Triunfo	08	11	10	08
02/10/2022	Soberana I	24	11	18	21
02/10/2022	Pq. Santos Dumont	20	20	14	18
02/10/2022	Jd. Álamo	05	05	07	05
02/10/2022	Inocoop II	26	18	5	13
02/10/2022	Maria Paula	10	10	14	8
02/10/2022	Jd. Fortaleza	19	5	9	7
02/10/2022	Jd. Fortaleza III	12	15	10	9
02/10/2022	Pq. Residencial Bambi	7	15	12	10
02/10/2022	Inocoop I	21	22	23	24
02/10/2022	Orquidiama	10	9	6	2
02/10/2022	Jd. Lavras	18	16	16	24
02/10/2022	Jd. St. Paula	5	5	4	11
02/10/2022	Jd. Fortaleza II	6	4	3	2
02/10/2022	Vila União	8	6	8	4
09/10/2022	Soberana II	9	8	14	15
09/10/2022	Jd. Lenize	9	7	10	6
09/10/2022	Jd. Ponte Alta II	8	6	4	8
09/10/2022	Jd. Triunfo	3	8	3	2
09/10/2022	Cid. Nova Soberana	14	18	19	15
09/10/2022	Jd. Maria Dirce	8	4	10	5
09/10/2022	Jd. Pres. Dutra	21	36	23	37
09/10/2022	Vila Nova Bonsucesso	28	26	11	14
09/10/2022	Jd. Ponte Alta	16	15	7	18
09/10/2022	Vila São José	11	13	18	20
09/10/2022	Inocoop II	13	24	12	15
09/10/2022	Jd. Fátima	11	12	16	8
09/10/2022	Jd. Munira	18	15	19	12
09/10/2022	Jd. Fortaleza III	13	14	13	13
09/10/2022	Orquidiama	9	12	9	2
09/10/2022	Pq. Residencial Bambi	10	14	21	18
09/10/2022	Maria Paula	12	10	22	17
09/10/2022	Jd. Vila Rica	2	2	1	6
09/10/2022	Jd. Fortaleza II	8	4	6	5
09/10/2022	Jd. St. Paula	8	18	27	21
09/10/2022	Vila União	11	7	19	16
09/10/2022	Soberana I	20	14	15	15
09/10/2022	Jd. Álamo	4	8	5	1
09/10/2022	Jd. Fortaleza	21	18	11	12
09/10/2022	Pq. Santos Dumont	20	20	12	14
09/10/2022	Jd. Fortaleza	21	18	11	12
09/10/2022	Jd. Novo Portugal	29	21	20	19
11/10/2022	Jd. Álamo	8	9	11	14
16/10/2022	Jd. Novo Portugal	29	21	27	22
16/10/2022	Jd. Novo Portugal	29	21	27	22
16/10/2022	Soberana II	9	4	16	17
16/10/2022	Jd. Ponte Alta II	9	14	4	11
16/10/2022	Jd. Triunfo	9	11	6	4
16/10/2022	Jd. Pres. Dutra	21	38	19	28
16/10/2022	Vila Nova Bonsucesso	21	23	12	10
16/10/2022	Vila São José	15	12	23	19
16/10/2022	Vila Carmela	23	14	20	32
16/10/2022	Vila União	7	7	13	7
16/10/2022	Jd. Álamo	6	8	11	5
16/10/2022	Soberana I	20	13	12	15
16/10/2022	Cid. Nova Soberana	13	22	19	15
16/10/2022	Jd. Munira	34	24	30	29
16/10/2022	Jd. Lavras	32	23	11	24
16/10/2022	Pq. Santos Dumont	27	33	31	25
16/10/2022	Jd. Fortaleza II	10	4	6	4
16/10/2022	Inocoop I	29	21	50	31
16/10/2022	Maria Paula	10	11	35	29
16/10/2022	Jd. Fortaleza III	12	11	15	10
16/10/2022	Inocoop II	17	15	9	9
16/10/2022	Pq. Residencial Bambi	9	12	24	16
16/10/2022	Jd. Vila Rica	7	19	7	9
16/10/2022	Orquidiama	9	9	9	8
16/10/2022	Jd. Fortaleza	17	15	10	13
16/10/2022	Jd. St. Paula	4	5	14	15
16/10/2022	Jd. Maria Dirce	6	3	5	4
16/10/2022	Jd. Fátima	13	23	27	8
23/10/2022	Jd. Fátima	14	12	17	21
23/10/2022	Soberana II	17	3	14	20
23/10/2022	Jd. Lenize	12	12	7	9
23/10/2022	Jd. Triunfo	11	11	7	7
23/10/2022	Inocoop I	28	22	29	20
23/10/2022	Cid. Nova Soberana	19	11	26	11
23/10/2022	Jd. Pres. Dutra	19	32	21	22
23/10/2022	Vila Nova Bonsucesso	26	23	13	11
23/10/2022	Soberana I	20	28	17	20
23/10/2022	Jd. Munira	22	17	20	12
23/10/2022	Jd. Ponte Alta	17	17	10	21
23/10/2022	Vila São José	15	10	20	18
23/10/2022	Jd. Álamo	3	4	6	2
23/10/2022	Vila Carmela	28	29	23	26
23/10/2022	Jd. Lavras	30	35	18	27
23/10/2022	Jd. Vila Rica	11	11	6	10
23/10/2022	Inocoop II	13	17	9	8
23/10/2022	Pq. Residencial Bambi	9	11	17	15
23/10/2022	Jd. Ponte Alta II	15	16	8	13
23/10/2022	Pq. Santos Dumont	21	23	16	18
23/10/2022	Jd. Fortaleza	13	11	8	11
23/10/2022	Jd. Fortaleza III	7	11	13	12
23/10/2022	Orquidiama	8	9	6	6
23/10/2022	Jd. Fortaleza II	7	9	6	4
23/10/2022	Vila União	8	4	8	10
23/10/2022	Maria Paula	8	7	14	13
23/10/2022	Jd. St. Paula	5	7	18	20
23/10/2022	Jd. Novo Portugal	50	47	37	37
23/10/2022	Jd. Maria Dirce	6	4	11	4
30/10/2022	Soberana II	8	13	20	17
30/10/2022	Jd. Lenize	4	7	16	5
30/10/2022	Jd. Ponte Alta II	9	19	4	13
30/10/2022	Jd. Triunfo	18	25	10	5
30/10/2022	Inocoop I	16	20	25	21
30/10/2022	Jd. Pres. Dutra	18	33	32	24
30/10/2022	Vila Nova Bonsucesso	23	26	12	14
30/10/2022	Jd. Vila Rica	9	9	5	10
30/10/2022	Vila São José	11	10	14	13
30/10/2022	Soberana I	17	12	14	15
30/10/2022	Jd. St. Paula	12	6	16	21
30/10/2022	Jd. Munira	17	16	18	22
30/10/2022	Orquidiama	13	7	7	3
30/10/2022	Jd. Lavras	18	24	15	17
30/10/2022	Maria Paula	10	9	21	16
30/10/2022	Cid. Nova Soberana	16	15	15	11
30/10/2022	Jd. Fortaleza III	15	23	19	16
30/10/2022	Pq. Residencial Bambi	10	15	10	14
30/10/2022	Jd. Fortaleza	15	12	8	8
30/10/2022	Inocoop II	19	19	13	15
30/10/2022	Pq. Santos Dumont	22	19	12	15
30/10/2022	Vila União	09	03	14	08
30/10/2022	Jd. Fortaleza II	12	5	6	4
30/10/2022	Jd. Novo Portugal	30	17	26	20
30/10/2022	Jd. Ponte Alta	7	9	5	15
06/11/2022	Soberana II	9	14	10	14
06/11/2022	Jd. Triunfo	4	5	8	4
06/11/2022	Vila São José	12	14	15	18
06/11/2022	Vila Carmela	32	37	17	12
06/11/2022	Jd. Maria Dirce	7	13	10	5
06/11/2022	Vila Nova Bonsucesso	13	21	9	10
06/11/2022	Inocoop II	12	12	7	11
06/11/2022	Jd. Fátima	11	30	21	8
06/11/2022	Jd. Pres. Dutra	22	39	30	23
06/11/2022	Vila União	13	7	8	10
06/11/2022	Orquidiama	11	7	6	3
06/11/2022	Jd. Lenize	9	4	10	6
06/11/2022	Pq. Residencial Bambi	9	13	16	16
06/11/2022	Jd. Ponte Alta II	19	15	6	17
06/11/2022	Jd. Fortaleza II	4	6	5	6
06/11/2022	Jd. Vila Rica	9	10	8	12
06/11/2022	Jd. Fortaleza	17	17	12	16
06/11/2022	Jd. Fortaleza III	12	7	8	9
06/11/2022	Jd. Fortaleza II	4	6	5	6
06/11/2022	Soberana I	19	15	18	10
06/11/2022	Jd. Ponte Alta	5	12	11	11
06/11/2022	Pq. Santos Dumont	23	22	14	13
06/11/2022	Maria Paula	7	9	17	12
06/11/2022	Jd. Álamo	11	14	17	11
06/11/2022	Inocoop I	23	24	30	16
06/11/2022	Jd. St. Paula	5	5	12	17
06/11/2022	Jd. Novo Portugal	25	13	21	22
06/11/2022	Cid. Nova Soberana	16	19	21	17
13/11/2022	Jd. Maria Dirce	5	5	1	3
13/11/2022	Soberana II	12	16	17	19
13/11/2022	Jd. Triunfo	12	15	4	5
13/11/2022	Vila São José	08	10	21	20
13/11/2022	Pq. Residencial Bambi	9	13	15	12
13/11/2022	Jd. Munira	18	23	27	23
13/11/2022	Jd. Fátima	10	12	8	15
13/11/2022	Vila Carmela	23	22	25	27
13/11/2022	Jd. Lenize	6	5	7	5
13/11/2022	Vila União	11	7	13	6
13/11/2022	Vila Nova Bonsucesso	20	22	8	13
13/11/2022	Jd. Ponte Alta	13	9	14	16
13/11/2022	Jd. Vila Rica	6	6	6	10
13/11/2022	Jd. Pres. Dutra	23	34	24	26
13/11/2022	Jd. Ponte Alta II	8	5	7	20
13/11/2022	Jd. Fortaleza III	9	11	9	7
13/11/2022	Jd. Álamo	8	12	12	16
13/11/2022	Jd. Fortaleza II	8	4	12	4
13/11/2022	Maria Paula	10	12	15	18
13/11/2022	Pq. Santos Dumont	26	21	16	21
13/11/2022	Jd. Fortaleza	13	9	12	9
13/11/2022	Orquidiama	11	9	7	7
13/11/2022	Jd. St. Paula	6	5	14	20
13/11/2022	Soberana I	16	10	18	12
13/11/2022	Jd. Lavras	22	24	20	25
13/11/2022	Inocoop I	24	15	35	25
13/11/2022	Inocoop II	19	18	10	11
13/11/2022	Cid. Nova Soberana	13	16	18	13
20/11/2022	Soberana II	8	16	14	13
20/11/2022	Jd. Triunfo	5	7	6	5
20/11/2022	Vila Nova Bonsucesso	22	22	16	17
20/11/2022	Jd. Ponte Alta II	18	12	10	8
20/11/2022	Vila São José	11	08	23	20
20/11/2022	Jd. Munira	16	18	16	16
20/11/2022	Inocoop I	27	21	32	21
20/11/2022	Jd. Fortaleza	17	14	11	15
20/11/2022	Jd. Fátima	12	16	19	18
20/11/2022	Vila Carmela	30	30	33	22
20/11/2022	Jd. Álamo	7	15	12	16
20/11/2022	Soberana I	19	15	22	18
20/11/2022	Vila União	10	6	12	5
20/11/2022	Vila União	10	6	12	5
20/11/2022	Jd. Vila Rica	11	16	6	11
20/11/2022	Jd. Maria Dirce	5	6	5	6
20/11/2022	Cid. Nova Soberana	14	12	16	19
20/11/2022	Soberana II	8	12	10	8
20/11/2022	Jd. Fortaleza III	8	8	7	6
20/11/2022	Jd. Fortaleza II	4	6	5	2
20/11/2022	Maria Paula	10	5	16	18
20/11/2022	Orquidiama	9	6	7	9
20/11/2022	Inocoop II	16	20	8	10
20/11/2022	Jd. Ponte Alta	6	10	13	12
20/11/2022	Pq. Residencial Bambi	8	10	9	11
20/11/2022	Jd. St. Paula	6	5	16	21
20/11/2022	Jd. Lavras	5	13	12	16
20/11/2022	Pq. Santos Dumont	21	14	15	19
20/11/2022	Jd. Lenize	16	11	7	6
27/11/2022	Jd. Maria Dirce	9	5	4	10
27/11/2022	Jd. Vila Rica	12	15	7	13
27/11/2022	Vila Carmela	16	13	06	07
27/11/2022	Jd. Triunfo	13	13	6	6
27/11/2022	Jd. Novo Portugal	23	10	24	21
27/11/2022	Vila Nova Bonsucesso	28	21	15	12
27/11/2022	Cid. Nova Soberana	13	16	18	15
27/11/2022	Jd. Ponte Alta	14	16	9	17
27/11/2022	Vila São José	07	10	17	21
27/11/2022	Jd. Munira	31	26	19	25
27/11/2022	Jd. Ponte Alta II	32	27	8	17
27/11/2022	Orquidiama	11	12	5	11
27/11/2022	Jd. Fátima	13	12	21	20
27/11/2022	Inocoop II	14	21	8	11
27/11/2022	Inocoop I	35	21	32	21
27/11/2022	Jd. Pres. Dutra	24	32	26	25
27/11/2022	Jd. Ponte Alta	14	16	9	17
27/11/2022	Vila União	4	2	10	11
27/11/2022	Pq. Residencial Bambi	6	9	12	10
27/11/2022	Jd. Fortaleza III	7	10	12	12
27/11/2022	Jd. Fortaleza	12	13	9	13
27/11/2022	Soberana I	18	08	18	18
27/11/2022	Jd. Lavras	37	32	18	20
27/11/2022	Jd. Álamo	9	18	16	16
27/11/2022	Maria Paula	11	11	20	16
27/11/2022	Pq. Santos Dumont	22	24	13	18
27/11/2022	Jd. Fortaleza II	7	3	10	5
27/11/2022	Jd. St. Paula	4	6	15	21
04/12/2022	Soberana II	5	13	13	18
04/12/2022	Soberana II	5	13	13	18
04/12/2022	Vila São José	09	07	24	17
04/12/2022	Soberana I	21	14	18	15
04/12/2022	Jd. Pres. Dutra	25	46	21	26
04/12/2022	Jd. Munira	15	15	18	14
04/12/2022	Jd. Ponte Alta II	10	7	4	7
04/12/2022	Jd. Vila Rica	12	15	10	16
04/12/2022	Jd. Novo Portugal	19	18	20	20
04/12/2022	Jd. Maria Dirce	11	11	9	12
04/12/2022	Jd. Triunfo	12	9	9	8
04/12/2022	Jd. Fátima	19	15	14	12
04/12/2022	Vila Carmela	32	39	23	16
04/12/2022	Jd. Novo Portugal	19	18	20	20
04/12/2022	Orquidiama	11	10	7	6
04/12/2022	Jd. Ponte Alta	14	6	10	14
04/12/2022	Jd. Ponte Alta II	10	21	4	7
04/12/2022	Inocoop II	15	19	13	15
04/12/2022	Maria Paula	8	7	13	11
04/12/2022	Maria Paula	8	7	13	11
04/12/2022	Jd. Álamo	6	6	11	12
04/12/2022	Cid. Nova Soberana	15	24	15	11
04/12/2022	Jd. Fortaleza	17	11	7	9
04/12/2022	Jd. Fortaleza II	4	6	5	4
04/12/2022	Pq. Residencial Bambi	11	11	9	12
04/12/2022	Jd. Lavras	31	30	18	16
04/12/2022	Vila União	8	6	11	5
04/12/2022	Pq. Santos Dumont	22	20	16	14
04/12/2022	Jd. Fortaleza III	8	12	7	10
04/12/2022	Inocoop I	24	19	34	25
04/12/2022	Jd. St. Paula	6	8	6	14
11/12/2022	Soberana II	12	16	12	14
11/12/2022	Soberana II	6	16	12	14
11/12/2022	Vila São José	13	11	18	20
11/12/2022	Jd. Pres. Dutra	24	37	27	23
11/12/2022	Jd. Munira	21	18	13	15
11/12/2022	Jd. Lenize	11	11	15	7
11/12/2022	Jd. Lavras	11	6	8	6
11/12/2022	Cid. Nova Soberana	16	17	14	6
11/12/2022	Inocoop II	16	17	10	12
11/12/2022	Inocoop I	20	14	20	15
11/12/2022	Vila União	7	4	9	6
11/12/2022	Jd. Triunfo	4	9	6	2
11/12/2022	Jd. Ponte Alta II	8	8	6	7
11/12/2022	Jd. Vila Rica	7	5	2	11
11/12/2022	Vila Carmela	28	23	24	17
11/12/2022	Jd. Ponte Alta	12	10	3	11
11/12/2022	Jd. Lavras	27	33	18	22
11/12/2022	Jd. Fortaleza II	6	7	9	4
11/12/2022	Soberana I	16	10	24	16
11/12/2022	Pq. Residencial Bambi	12	13	14	10
11/12/2022	Jd. Fortaleza III	12	11	10	11
11/12/2022	Jd. Fátima	16	20	20	20
11/12/2022	Orquidiama	19	21	7	15
11/12/2022	Jd. St. Paula	9	5	15	26
11/12/2022	Maria Paula	9	11	9	18
11/12/2022	Pq. Santos Dumont	23	21	8	7
11/12/2022	Jd. Maria Dirce	10	5	6	4
11/12/2022	Jd. Fortaleza	18	11	16	15
18/12/2022	Soberana II	15	14	7	15
18/12/2022	Soberana II	15	14	7	15
18/12/2022	Vila São José	08	09	18	17
18/12/2022	Jd. St. Paula	5	6	9	13
18/12/2022	Jd. Vila Rica	9	12	4	12
18/12/2022	Jd. Ponte Alta II	9	8	7	7
18/12/2022	Soberana I	16	12	10	17
18/12/2022	Jd. Pres. Dutra	92	76	26	28
18/12/2022	Vila Carmela	26	17	23	20
18/12/2022	Jd. Munira	23	16	21	19
18/12/2022	Jd. Maria Dirce	6	3	7	6
18/12/2022	Jd. Lenize	11	6	8	6
18/12/2022	Vila Nova Bonsucesso	24	13	6	12
18/12/2022	Inocoop I	21	21	25	24
18/12/2022	Jd. Novo Portugal	34	25	20	25
18/12/2022	Orquidiama	10	6	9	9
18/12/2022	Jd. Novo Portugal	34	25	20	25
18/12/2022	Maria Paula	7	5	12	12
18/12/2022	Jd. Triunfo	12	9	6	4
18/12/2022	Cid. Nova Soberana	20	15	27	17
18/12/2022	Jd. Fortaleza	13	10	12	11
18/12/2022	Jd. Ponte Alta	35	24	14	19
18/12/2022	Pq. Santos Dumont	23	19	17	12
18/12/2022	Jd. Fortaleza III	10	16	7	12
18/12/2022	Jd. Álamo	12	13	21	13
18/12/2022	Vila União	6	5	8	7
18/12/2022	Inocoop II	14	15	8	10
18/12/2022	Pq. Residencial Bambi	12	15	25	19
18/12/2022	Jd. Lavras	24	27	18	21
18/12/2022	Jd. Fortaleza II	7	5	4	3
25/12/2022	Soberana II	6	13	9	14
25/12/2022	Soberana II	6	13	9	14
25/12/2022	Jd. Novo Portugal	36	20	26	26
25/12/2022	Vila São José	06	04	11	11
25/12/2022	Jd. St. Paula	7	5	14	16
25/12/2022	Pq. Santos Dumont	20	16	15	13
25/12/2022	Jd. Vila Rica	8	7	2	6
25/12/2022	Jd. Novo Portugal	36	20	26	26
25/12/2022	Jd. Ponte Alta	15	12	4	8
25/12/2022	Jd. Ponte Alta II	12	13	6	5
25/12/2022	Vila União	8	7	6	5
25/12/2022	Jd. Triunfo	5	9	2	1
25/12/2022	Jd. Pres. Dutra	16	24	15	14
25/12/2022	Vila Carmela	13	13	12	10
25/12/2022	Jd. Munira	19	11	14	11
25/12/2022	Jd. Maria Dirce	6	4	4	4
25/12/2022	Jd. Lenize	9	7	10	2
25/12/2022	Vila Nova Bonsucesso	23	13	4	8
25/12/2022	Jd. Fortaleza	13	8	6	6
25/12/2022	Inocoop I	11	11	15	15
25/12/2022	Jd. Fátima	15	16	12	13
25/12/2022	Jd. Novo Portugal	36	20	26	26
25/12/2022	Cid. Nova Soberana	17	11	7	6
25/12/2022	Orquidiama	7	10	6	5
25/12/2022	Jd. Fortaleza III	10	10	10	17
25/12/2022	Soberana I	19	8	13	10
25/12/2022	Jd. Fortaleza II	5	4	2	2
25/12/2022	Maria Paula	12	9	13	14
25/12/2022	Pq. Residencial Bambi	11	14	16	17
25/12/2022	Jd. Lavras	20	18	11	8
25/12/2022	Inocoop II	14	13	6	6
25/12/2022	Jd. Álamo	11	6	6	6
01/01/2023	Jd. Fátima	8	5	2	1
01/01/2023	Jd. Munira	13	11	14	17
01/01/2023	Vila Nova Bonsucesso	13	7	4	5
01/01/2023	Jd. Pres. Dutra	8	11	4	5
01/01/2023	Vila União	3	4	5	1
01/01/2023	Vila São José	7	10	12	10
01/01/2023	Jd. Triunfo	4	5	2	3
01/01/2023	Soberana II	5	4	6	8
01/01/2023	Jd. Novo Portugal	7	6	4	6
01/01/2023	Soberana I	8	6	6	4
01/01/2023	Inocoop I	22	10	6	3
01/01/2023	Jd. Maria Dirce	4	4	6	2
01/01/2023	Jd. St. Paula	2	3	4	5
01/01/2023	Vila Carmela	15	20	11	5
01/01/2023	Maria Paula	6	9	9	12
01/01/2023	Jd. Lenize	4	3	6	2
01/01/2023	Pq. Santos Dumont	7	5	6	5
01/01/2023	Jd. Vila Rica	4	6	3	5
01/01/2023	Jd. Fortaleza	8	9	8	4
01/01/2023	Cid. Nova Soberana	9	7	2	2
01/01/2023	Jd. Ponte Alta II	8	7	2	5
01/01/2023	Jd. Fortaleza II	3	5	4	0
01/01/2023	Orquidiama	06	03	04	02
01/01/2023	Pq. Residencial Bambi	4	7	7	5
01/01/2023	Jd. Lavras	13	11	5	16
01/01/2023	Jd. Ponte Alta	16	4	4	12
01/01/2023	Jd. Fortaleza III	3	7	4	3
01/01/2023	Jd. Álamo	9	10	3	4
01/01/2023	Inocoop II	10	8	4	3
05/01/2023	Soberana II	13	14	11	11
07/01/2023	Jd. Maria Dirce	10	7	10	9
08/01/2023	Jd. Fátima	12	16	4	7
08/01/2023	Jd. Munira	15	11	16	20
08/01/2023	Jd. Pres. Dutra	17	34	18	17
08/01/2023	Pq. Residencial Bambi	7	14	18	14
08/01/2023	Vila União	10	6	6	6
08/01/2023	Vila São José	13	7	18	18
08/01/2023	Jd. Triunfo	5	7	4	3
08/01/2023	Soberana II	5	9	11	7
08/01/2023	Jd. St. Paula	6	3	5	14
08/01/2023	Inocoop I	24	22	30	13
08/01/2023	Vila Nova Bonsucesso	28	25	17	19
08/01/2023	Soberana I	8	13	14	9
08/01/2023	Inocoop II	29	29	6	10
08/01/2023	Jd. Fortaleza III	6	12	8	4
08/01/2023	Jd. Ponte Alta II	4	7	3	11
08/01/2023	Maria Paula	7	7	17	15
08/01/2023	Jd. Fortaleza II	7	4	9	5
08/01/2023	Orquidiama	12	11	6	10
08/01/2023	Cid. Nova Soberana	19	15	15	10
08/01/2023	Jd. Vila Rica	9	13	5	9
08/01/2023	Jd. Fortaleza	14	16	6	10
08/01/2023	Jd. Álamo	15	12	14	17
08/01/2023	Vila Nova Bonsucesso	7	14	18	14
08/01/2023	Jd. Lavras	18	25	15	16
08/01/2023	Pq. Santos Dumont	16	21	15	14
08/01/2023	Jd. Ponte Alta	13	10	6	16
08/01/2023	Jd. Lenize	8	2	11	8
15/01/2023	Jd. Fátima	16	17	23	20
15/01/2023	Jd. Maria Dirce	4	6	8	1
15/01/2023	Vila Carmela	37	41	30	13
15/01/2023	Jd. Munira	11	12	19	20
15/01/2023	Jd. Lavras	13	16	18	12
15/01/2023	Jd. Novo Portugal	32	22	27	23
15/01/2023	Jd. Pres. Dutra	15	40	15	25
15/01/2023	Inocoop I	21	19	29	13
15/01/2023	Jd. Ponte Alta II	8	9	7	8
15/01/2023	Vila São José	7	6	27	13
15/01/2023	Jd. Triunfo	9	12	8	4
15/01/2023	Cid. Nova Soberana	15	9	11	15
15/01/2023	Vila União	10	3	7	8
15/01/2023	Soberana II	08	16	18	6
15/01/2023	Pq. Santos Dumont	17	13	12	15
15/01/2023	Jd. Novo Portugal	32	22	27	23
15/01/2023	Orquidiama	9	9	5	2
15/01/2023	Jd. Fortaleza II	8	7	9	2
15/01/2023	Pq. Residencial Bambi	9	12	16	21
15/01/2023	Jd. Álamo	9	9	8	9
15/01/2023	Soberana I	19	15	21	15
15/01/2023	Maria Paula	16	14	23	17
15/01/2023	Jd. Lenize	14	11	11	5
15/01/2023	Jd. Ponte Alta	11	9	5	9
15/01/2023	Inocoop II	15	14	10	7
15/01/2023	Jd. Fortaleza	11	2	4	9
15/01/2023	Jd. St. Paula	4	3	9	16
15/01/2023	Jd. Fortaleza III	10	12	8	6
21/01/2023	Jd. Fortaleza III	8	10	5	11
21/01/2023	Jd. Álamo	16	10	14	15
22/01/2023	Jd. Novo Portugal	31	19	30	28
22/01/2023	Jd. Maria Dirce	4	3	4	4
22/01/2023	Jd. Munira	14	17	18	19
22/01/2023	Soberana I	18	15	17	16
22/01/2023	Jd. Pres. Dutra	22	31	23	24
22/01/2023	Inocoop I	14	16	19	24
22/01/2023	Jd. Ponte Alta II	12	15	5	9
22/01/2023	Jd. Álamo	12	8	10	9
22/01/2023	Vila São José	6	10	15	16
22/01/2023	Vila Carmela	40	30	16	12
22/01/2023	Inocoop II	16	18	7	11
22/01/2023	Vila União	5	4	11	5
22/01/2023	Jd. Triunfo	10	11	10	8
22/01/2023	Cid. Nova Soberana	11	14	16	9
22/01/2023	Jd. Vila Rica	8	14	8	12
22/01/2023	Jd. Fortaleza III	9	9	10	7
22/01/2023	Jd. Lenize	19	21	28	27
22/01/2023	Maria Paula	7	5	17	15
22/01/2023	Orquidiama	10	7	7	12
22/01/2023	Jd. Fortaleza II	7	6	9	3
22/01/2023	Jd. Fortaleza	17	7	11	16
22/01/2023	Jd. Lavras	26	26	11	19
22/01/2023	Soberana II	7	20	22	7
22/01/2023	Jd. Fátima	11	8	10	9
22/01/2023	Pq. Santos Dumont	25	25	22	18
22/01/2023	Pq. Residencial Bambi	11	17	25	24
22/01/2023	Jd. St. Paula	6	5	12	15
22/01/2023	Jd. St. Paula	6	5	12	15
22/01/2023	Vila Nova Bonsucesso	28	22	6	11
29/01/2023	Jd. Maria Dirce	7	8	9	12
29/01/2023	Vila Carmela	18	22	20	19
29/01/2023	Jd. Novo Portugal	29	17	32	33
29/01/2023	Cid. Nova Soberana	19	18	12	18
29/01/2023	Jd. Maria Dirce	7	8	9	12
29/01/2023	Jd. Vila Rica	7	9	9	13
29/01/2023	Jd. Munira	21	25	17	16
29/01/2023	Jd. Triunfo	12	19	11	5
29/01/2023	Jd. Novo Portugal	29	17	32	33
29/01/2023	Vila Nova Bonsucesso	19	15	15	16
29/01/2023	Jd. Pres. Dutra	16	33	19	19
29/01/2023	Inocoop I	20	22	30	25
29/01/2023	Jd. Ponte Alta II	15	19	4	15
29/01/2023	Jd. Lenize	19	11	33	26
29/01/2023	Vila São José	17	9	27	19
29/01/2023	Jd. Lavras	43	32	13	18
29/01/2023	Jd. Fortaleza II	7	5	12	7
29/01/2023	Jd. Fortaleza	19	16	12	8
29/01/2023	Jd. Ponte Alta	22	18	8	10
29/01/2023	Jd. Fátima	12	19	15	15
29/01/2023	Orquidiama	10	11	6	10
29/01/2023	Inocoop II	16	22	9	9
29/01/2023	Pq. Santos Dumont	15	16	10	13
29/01/2023	Maria Paula	10	12	19	19
29/01/2023	Soberana I	22	16	17	12
29/01/2023	Jd. St. Paula	6	5	23	29
29/01/2023	Jd. Fortaleza III	8	13	12	9
29/01/2023	Jd. Álamo	18	10	9	6
29/01/2023	Vila União	8	5	6	6
29/01/2023	Pq. Residencial Bambi	8	12	23	22
04/02/2023	Jd. Fortaleza III	7	9	9	6
05/02/2023	Jd. Triunfo	10	11	5	7
05/02/2023	Jd. Pres. Dutra	17	30	14	19
05/02/2023	Vila São José	9	16	19	14
05/02/2023	Jd. Munira	18	19	18	20
05/02/2023	Vila Carmela	25	20	25	20
05/02/2023	Vila União	8	5	11	7
05/02/2023	Jd. Maria Dirce	8	4	9	6
05/02/2023	Jd. Maria Dirce	6	4	6	7
05/02/2023	Inocoop II	21	19	9	10
05/02/2023	Jd. Lenize	21	14	19	26
05/02/2023	Soberana I	21	16	20	23
05/02/2023	Jd. Novo Portugal	26	20	35	27
05/02/2023	Jd. Lavras	21	22	18	16
05/02/2023	Jd. Fortaleza II	6	5	9	11
05/02/2023	Cid. Nova Soberana	14	16	14	9
05/02/2023	Maria Paula	11	14	21	11
05/02/2023	Orquidiama	12	11	7	8
05/02/2023	Jd. Álamo	12	9	8	11
05/02/2023	Pq. Santos Dumont	29	32	7	8
05/02/2023	Jd. Ponte Alta	13	12	8	14
05/02/2023	Jd. Fortaleza III	11	12	8	11
05/02/2023	Pq. Residencial Bambi	11	16	17	17
05/02/2023	Inocoop I	31	13	32	24
05/02/2023	Jd. St. Paula	7	4	18	22
05/02/2023	Jd. Fortaleza	19	14	11	10
05/02/2023	Vila Nova Bonsucesso	26	28	11	13
09/02/2023	Vila São José	11	12	20	17
12/02/2023	Jd. Fortaleza III	11	11	8	7
12/02/2023	Jd. Lenize	19	9	30	31
12/02/2023	Jd. Triunfo	06	12	08	03
12/02/2023	Cid. Nova Soberana	20	15	16	13
12/02/2023	Jd. Pres. Dutra	20	40	26	29
12/02/2023	Soberana II	18	16	18	17
12/02/2023	Vila São José	13	21	19	13
12/02/2023	Jd. Munira	18	12	14	14
12/02/2023	Vila Nova Bonsucesso	24	26	12	13
12/02/2023	Vila Carmela	31	50	22	13
12/02/2023	Jd. Ponte Alta II	8	5	4	13
12/02/2023	Inocoop I	25	20	35	33
12/02/2023	Orquidiama	10	11	7	9
12/02/2023	Maria Paula	8	5	8	13
12/02/2023	Vila União	8	5	10	6
12/02/2023	Jd. Ponte Alta	13	11	6	13
12/02/2023	Jd. Fortaleza	12	10	6	6
12/02/2023	Jd. Álamo	17	13	12	16
12/02/2023	Jd. Fortaleza II	7	5	6	3
12/02/2023	Jd. Lenize	20	13	38	15
12/02/2023	Inocoop II	20	21	7	15
12/02/2023	Soberana I	21	16	22	23
12/02/2023	Pq. Residencial Bambi	11	16	21	20
12/02/2023	Pq. Santos Dumont	26	24	18	19
12/02/2023	Jd. St. Paula	4	3	19	23
12/02/2023	Jd. Novo Portugal	20	15	23	19
12/02/2023	Jd. Maria Dirce	9	5	9	10
12/02/2023	Jd. Maria Dirce	9	5	9	4
19/02/2023	Jd. Triunfo	08	12	8	2
19/02/2023	Inocoop I	12	11	19	10
19/02/2023	Jd. Pres. Dutra	17	30	15	17
19/02/2023	Soberana II	18	17	17	3
19/02/2023	Vila São José	7	9	7	9
19/02/2023	Jd. Munira	16	12	13	13
19/02/2023	Soberana I	18	22	7	7
19/02/2023	Pq. Santos Dumont	11	12	3	2
19/02/2023	Vila Nova Bonsucesso	11	12	6	5
19/02/2023	Jd. Vila Rica	7	10	5	11
19/02/2023	Jd. Maria Dirce	05	04	06	07
19/02/2023	Vila Carmela	21	22	9	13
19/02/2023	Cid. Nova Soberana	16	15	4	4
19/02/2023	Jd. Fortaleza II	5	4	1	1
19/02/2023	Jd. Lenize	78	59	51	49
19/02/2023	Jd. Lavras	14	17	12	11
19/02/2023	Jd. Álamo	19	13	9	9
19/02/2023	Maria Paula	9	4	7	8
19/02/2023	Jd. Ponte Alta	11	8	2	7
19/02/2023	Orquidiama	8	5	4	6
19/02/2023	Inocoop II	16	15	06	07
19/02/2023	Pq. Residencial Bambi	9	14	20	8
19/02/2023	Vila União	3	3	3	6
19/02/2023	Jd. St. Paula	4	3	7	10
19/02/2023	Jd. St. Paula	4	3	7	10
19/02/2023	Jd. Fortaleza III	4	7	3	3
19/02/2023	Jd. Fortaleza	11	7	7	4
19/02/2023	Jd. Novo Portugal	20	19	12	14
26/02/2023	Jd. Triunfo	10	12	05	04
26/02/2023	Jd. Fortaleza II	3	7	7	4
26/02/2023	Vila Nova Bonsucesso	27	27	15	18
26/02/2023	Jd. Álamo	19	16	9	14
26/02/2023	Jd. Fátima	18	17	18	22
26/02/2023	Inocoop I	40	50	39	23
26/02/2023	Jd. Ponte Alta II	9	13	6	9
26/02/2023	Vila Carmela	27	28	34	15
26/02/2023	Cid. Nova Soberana	19	15	10	11
26/02/2023	Jd. Pres. Dutra	11	32	23	21
26/02/2023	Vila São José	14	10	29	33
26/02/2023	Jd. Munira	22	24	20	19
26/02/2023	Maria Paula	12	12	16	16
26/02/2023	Jd. Ponte Alta	11	12	7	16
26/02/2023	Jd. Lenize	20	9	22	32
26/02/2023	Jd. Lavras	22	20	20	40
26/02/2023	Jd. Vila Rica	10	16	6	18
26/02/2023	Jd. Fortaleza III	9	11	13	15
26/02/2023	Jd. Vila Rica	10	16	6	18
26/02/2023	Pq. Residencial Bambi	11	12	13	22
26/02/2023	Soberana I	23	20	25	17
26/02/2023	Vila União	9	5	10	4
26/02/2023	Jd. Fortaleza	21	12	8	11
26/02/2023	Inocoop II	19	23	10	15
26/02/2023	Orquidiama	14	14	10	8
26/02/2023	Pq. Santos Dumont	22	28	22	21
26/02/2023	Jd. St. Paula	7	7	18	30
26/02/2023	Jd. Novo Portugal	38	21	41	42
26/02/2023	Jd. Maria Dirce	8	5	9	10
05/03/2023	Soberana II	16	10	12	12
05/03/2023	Vila São José	09	17	18	20
05/03/2023	Cid. Nova Soberana	20	14	11	15
05/03/2023	Inocoop I	35	25	34	35
05/03/2023	Inocoop II	13	19	08	09
05/03/2023	Jd. Triunfo	11	11	09	04
05/03/2023	Vila Carmela	32	28	20	19
05/03/2023	Jd. Vila Rica	5	12	5	9
05/03/2023	Maria Paula	12	9	14	17
05/03/2023	Vila Nova Bonsucesso	18	13	10	10
05/03/2023	Orquidiama	7	6	7	3
05/03/2023	Jd. Pres. Dutra	18	31	27	26
05/03/2023	Jd. Munira	13	11	15	17
05/03/2023	Inocoop II	14	20	5	8
05/03/2023	Jd. Fortaleza II	8	4	5	5
05/03/2023	Vila União	8	6	8	7
05/03/2023	Jd. Fortaleza III	14	9	8	7
05/03/2023	Jd. Álamo	12	12	11	16
05/03/2023	Jd. St. Paula	6	3	10	18
05/03/2023	Pq. Santos Dumont	25	21	20	19
05/03/2023	Jd. Lenize	15	9	22	16
05/03/2023	Pq. Residencial Bambi	7	17	20	18
05/03/2023	Jd. Lavras	22	23	22	33
05/03/2023	Soberana I	17	18	22	13
05/03/2023	Jd. Ponte Alta	9	13	6	13
05/03/2023	Jd. Novo Portugal	27	22	34	17
05/03/2023	Jd. Fátima	10	12	23	25
05/03/2023	Jd. Maria Dirce	12	1	11	15
05/03/2023	Jd. Fortaleza	11	10	9	10
12/03/2023	Jd. Triunfo	06	09	06	03
12/03/2023	Soberana II	10	14	14	16
12/03/2023	Vila São José	11	17	30	18
12/03/2023	Jd. Álamo	12	9	10	7
12/03/2023	Jd. Vila Rica	8	13	7	16
12/03/2023	Vila Nova Bonsucesso	24	25	8	16
12/03/2023	Cid. Nova Soberana	17	16	8	10
12/03/2023	Jd. Vila Rica	8	13	7	16
12/03/2023	Vila Carmela	31	25	34	14
12/03/2023	Jd. Lenize	19	9	30	31
12/03/2023	Jd. Munira	15	13	15	11
12/03/2023	Inocoop I	57	47	46	32
12/03/2023	Jd. Ponte Alta II	8	10	2	7
12/03/2023	Jd. Fortaleza III	9	12	5	7
12/03/2023	Jd. Pres. Dutra	25	43	20	19
12/03/2023	Jd. Lavras	26	28	11	18
12/03/2023	Soberana I	22	17	17	17
12/03/2023	Vila União	9	4	11	7
12/03/2023	Jd. Fortaleza	16	17	8	11
12/03/2023	Jd. Ponte Alta	17	9	3	12
12/03/2023	Jd. Fortaleza II	5	5	7	6
12/03/2023	Orquidiama	7	9	8	8
12/03/2023	Inocoop II	17	24	06	09
12/03/2023	Pq. Santos Dumont	23	20	16	7
12/03/2023	Jd. St. Paula	11	11	12	18
12/03/2023	Maria Paula	6	7	17	14
12/03/2023	Pq. Residencial Bambi	12	18	17	23
12/03/2023	Jd. Maria Dirce	5	6	10	9
19/03/2023	Jd. Triunfo	12	19	11	01
19/03/2023	Soberana II	6	11	12	5
19/03/2023	Vila São José	06	13	19	15
19/03/2023	Jd. Vila Rica	10	8	5	8
19/03/2023	Vila Nova Bonsucesso	31	15	12	19
19/03/2023	Vila Carmela	20	12	24	24
19/03/2023	Jd. Fortaleza	12	11	7	7
19/03/2023	Jd. Lenize	14	8	27	21
19/03/2023	Maria Paula	8	8	12	8
19/03/2023	Jd. Fortaleza III	11	12	9	11
19/03/2023	Cid. Nova Soberana	10	9	11	9
19/03/2023	Jd. Ponte Alta	17	11	5	15
19/03/2023	Jd. Novo Portugal	38	21	41	42
19/03/2023	Orquidiama	8	7	8	6
19/03/2023	Vila União	5	7	10	7
19/03/2023	Jd. Fortaleza II	7	6	5	9
19/03/2023	Jd. Munira	21	18	24	28
19/03/2023	Pq. Residencial Bambi	10	14	22	11
19/03/2023	Pq. Santos Dumont	25	14	17	18
19/03/2023	Jd. Lavras	27	23	24	25
19/03/2023	Jd. Pres. Dutra	14	32	14	21
19/03/2023	Soberana I	18	11	14	16
19/03/2023	Jd. St. Paula	11	10	11	17
19/03/2023	Inocoop II	15	20	17	7
19/03/2023	Jd. Novo Portugal	37	28	38	38
19/03/2023	Jd. Maria Dirce	10	4	14	9
26/03/2023	Vila Nova Bonsucesso	23	12	13	14
26/03/2023	Jd. Triunfo	15	23	12	06
26/03/2023	Jd. Novo Portugal	39	25	38	35
26/03/2023	Soberana II	10	15	13	12
26/03/2023	Vila Carmela	23	41	29	21
26/03/2023	Maria Paula	8	10	16	17
26/03/2023	Inocoop I	25	28	35	17
26/03/2023	Jd. Lenize	23	11	37	34
26/03/2023	Cid. Nova Soberana	17	10	9	14
26/03/2023	Vila São José	15	11	27	20
26/03/2023	Soberana I	23	17	20	21
26/03/2023	Jd. Munira	19	16	13	16
26/03/2023	Jd. Ponte Alta	20	19	11	15
26/03/2023	Jd. Pres. Dutra	18	34	29	30
26/03/2023	Jd. Lavras	19	29	20	21
26/03/2023	Jd. Fortaleza III	13	11	6	10
26/03/2023	Pq. Santos Dumont	19	15	17	21
26/03/2023	Jd. Ponte Alta II	12	18	4	6
26/03/2023	Jd. Álamo	20	13	9	14
26/03/2023	Jd. St. Paula	13	12	15	17
26/03/2023	Vila União	8	5	11	7
26/03/2023	Jd. Fortaleza II	9	8	9	5
26/03/2023	Inocoop II	11	20	9	6
26/03/2023	Pq. Residencial Bambi	8	13	22	12
26/03/2023	Jd. Vila Rica	10	14	7	13
26/03/2023	Jd. Fortaleza	14	13	12	8
26/03/2023	Jd. Maria Dirce	9	4	9	8
02/04/2023	Vila União	6	7	10	4
02/04/2023	Soberana II	8	9	15	17
02/04/2023	Jd. Fátima	15	19	20	22
02/04/2023	Jd. Ponte Alta II	12	10	6	7
02/04/2023	Vila Nova Bonsucesso	23	22	12	12
02/04/2023	Vila São José	06	08	23	23
02/04/2023	Jd. Munira	24	20	26	30
02/04/2023	Inocoop I	33	25	20	17
02/04/2023	Cid. Nova Soberana	14	15	17	18
02/04/2023	Jd. Triunfo	12	18	07	06
02/04/2023	Jd. Álamo	11	11	11	14
02/04/2023	Jd. Lavras	25	31	13	14
02/04/2023	Jd. St. Paula	23	17	12	18
02/04/2023	Jd. Novo Portugal	34	25	29	28
02/04/2023	Soberana I	16	13	13	16
02/04/2023	Maria Paula	8	7	23	15
02/04/2023	Orquidiama	10	9	8	9
02/04/2023	Jd. Vila Rica	11	15	6	13
02/04/2023	Vila Carmela	21	23	24	16
02/04/2023	Jd. Fortaleza II	5	7	7	6
02/04/2023	Jd. Ponte Alta	18	11	4	14
02/04/2023	Jd. Fortaleza	23	19	10	6
02/04/2023	Jd. Fortaleza III	11	13	5	10
02/04/2023	Inocoop II	18	14	6	13
02/04/2023	Pq. Santos Dumont	24	19	15	14
02/04/2023	Jd. Pres. Dutra	25	32	22	26
02/04/2023	Jd. Lenize	20	11	30	22
02/04/2023	Pq. Residencial Bambi	8	14	18	16
02/04/2023	Jd. Maria Dirce	8	5	8	9
09/04/2023	Vila União	9	6	12	5
09/04/2023	Soberana II	14	11	18	6
09/04/2023	Jd. Ponte Alta II	14	15	10	9
09/04/2023	Vila Nova Bonsucesso	23	23	9	10
09/04/2023	Jd. Triunfo	13	12	08	10
09/04/2023	Jd. Munira	17	21	19	17
09/04/2023	Jd. Fátima	13	4	15	17
09/04/2023	Inocoop II	15	14	05	04
09/04/2023	Vila Carmela	19	18	17	18
09/04/2023	Jd. St. Paula	11	11	8	8
09/04/2023	Pq. Residencial Bambi	10	18	16	15
09/04/2023	Jd. Vila Rica	12	12	11	12
09/04/2023	Jd. Álamo	14	11	7	12
09/04/2023	Inocoop I	21	20	28	26
09/04/2023	Jd. Pres. Dutra	17	24	25	18
09/04/2023	Cid. Nova Soberana	18	16	12	14
09/04/2023	Jd. Lenize	10	7	11	28
09/04/2023	Jd. Novo Portugal	27	29	27	22
09/04/2023	Jd. Ponte Alta II	10	9	4	9
09/04/2023	Jd. Fortaleza II	4	2	4	3
09/04/2023	Jd. Fortaleza III	12	12	6	8
09/04/2023	Soberana I	19	19	14	9
09/04/2023	Pq. Santos Dumont	24	14	17	20
09/04/2023	Jd. Lavras	23	27	21	18
09/04/2023	Maria Paula	6	7	14	16
09/04/2023	Orquidiama	9	8	4	4
09/04/2023	Jd. Ponte Alta	16	14	5	17
09/04/2023	Jd. Maria Dirce	130	5	13	10
09/04/2023	Jd. Fortaleza	17	16	6	8
16/04/2023	Vila União	10	4	11	5
16/04/2023	Jd. Triunfo	04	10	08	04
16/04/2023	Soberana II	8	16	16	8
16/04/2023	Jd. Lenize	22	12	32	21
16/04/2023	Jd. Ponte Alta II	10	10	8	8
16/04/2023	Cid. Nova Soberana	20	17	17	15
16/04/2023	Pq. Santos Dumont	23	25	14	8
16/04/2023	Vila São José	10	15	19	22
16/04/2023	Jd. Fátima	17	17	20	21
16/04/2023	Jd. Vila Rica	5	12	7	16
16/04/2023	Vila Carmela	22	30	20	21
16/04/2023	Orquidiama	10	8	8	9
16/04/2023	Jd. Novo Portugal	31	27	34	36
16/04/2023	Jd. Munira	18	28	21	24
16/04/2023	Jd. Fortaleza II	10	7	12	8
16/04/2023	Jd. St. Paula	9	14	9	12
16/04/2023	Soberana I	15	13	19	24
16/04/2023	Pq. Residencial Bambi	21	28	23	23
16/04/2023	Jd. Ponte Alta II	8	4	2	8
16/04/2023	Jd. Fortaleza	16	8	8	13
16/04/2023	Jd. Lavras	25	20	21	21
16/04/2023	Jd. Fortaleza III	8	12	5	12
16/04/2023	Jd. Pres. Dutra	19	31	22	28
16/04/2023	Maria Paula	7	11	10	16
16/04/2023	Jd. Lavras	25	20	21	21
16/04/2023	Jd. Álamo	16	15	11	11
16/04/2023	Inocoop II	14	27	7	15
16/04/2023	Jd. Ponte Alta	16	17	6	18
16/04/2023	Inocoop I	22	25	26	21
16/04/2023	Jd. Maria Dirce	8	3	12	13
23/04/2023	Jd. St. Paula	13	16	14	17
23/04/2023	Vila União	7	6	9	3
23/04/2023	Jd. Triunfo	07	14	08	05
23/04/2023	Soberana II	8	10	16	16
23/04/2023	Jd. Ponte Alta II	20	18	10	12
23/04/2023	Jd. Lavras	24	16	21	35
23/04/2023	Inocoop I	25	12	22	17
23/04/2023	Vila Nova Bonsucesso	26	25	11	8
23/04/2023	Pq. Santos Dumont	22	21	13	10
23/04/2023	Cid. Nova Soberana	21	14	7	10
23/04/2023	Maria Paula	10	5	14	12
23/04/2023	Vila São José	17	22	28	31
23/04/2023	Jd. Munira	14	12	17	16
23/04/2023	Jd. Fátima	28	22	19	20
23/04/2023	Soberana I	19	16	13	13
23/04/2023	Jd. Fortaleza	15	14	8	9
23/04/2023	Inocoop II	16	18	11	7
23/04/2023	Vila Carmela	24	29	26	15
23/04/2023	Jd. Vila Rica	7	9	5	8
23/04/2023	Jd. Fortaleza III	8	9	8	4
23/04/2023	Jd. Fortaleza II	8	10	4	3
23/04/2023	Jd. Álamo	12	10	9	12
23/04/2023	Orquidiama	10	11	8	4
23/04/2023	Jd. Lenize	15	10	34	30
23/04/2023	Jd. Ponte Alta	9	10	5	12
23/04/2023	Pq. Residencial Bambi	7	18	18	14
23/04/2023	Jd. Novo Portugal	31	25	29	33
23/04/2023	Jd. Maria Dirce	7	5	14	15
30/04/2023	Vila Nova Bonsucesso	21	19	11	13
30/04/2023	Vila União	9	4	10	5
30/04/2023	Jd. Novo Portugal	30	28	30	27
30/04/2023	Vila São José	10	8	25	24
30/04/2023	Jd. Triunfo	09	18	10	08
30/04/2023	Soberana II	17	12	24	15
30/04/2023	Vila Carmela	97	87	36	37
30/04/2023	Jd. Fátima	13	13	12	19
30/04/2023	Jd. Ponte Alta II	26	24	12	10
30/04/2023	Jd. Lavras	30	35	26	40
30/04/2023	Inocoop I	25	30	28	25
30/04/2023	Jd. Lenize	21	14	34	21
30/04/2023	Jd. Pres. Dutra	19	40	25	26
30/04/2023	Jd. Álamo	12	14	9	14
30/04/2023	Soberana I	22	19	12	15
30/04/2023	Jd. Munira	18	14	17	22
30/04/2023	Jd. Fortaleza II	9	8	4	5
30/04/2023	Pq. Santos Dumont	26	21	9	6
30/04/2023	Cid. Nova Soberana	14	11	12	12
30/04/2023	Jd. Ponte Alta II	13	14	4	9
30/04/2023	Inocoop II	17	24	7	10
30/04/2023	Orquidiama	10	8	10	3
30/04/2023	Jd. St. Paula	12	16	19	18
30/04/2023	Jd. Fortaleza III	9	9	9	11
30/04/2023	Pq. Residencial Bambi	13	20	18	14
30/04/2023	Maria Paula	11	9	14	12
30/04/2023	Jd. Ponte Alta	15	11	6	20
30/04/2023	Jd. Vila Rica	10	13	8	13
30/04/2023	Jd. Maria Dirce	8	8	11	9
30/04/2023	Jd. Fortaleza	18	11	9	12
07/05/2023	Soberana II	16	11	11	15
07/05/2023	Vila São José	9	10	26	23
07/05/2023	Vila Nova Bonsucesso	25	28	17	17
07/05/2023	Pq. Santos Dumont	14	18	13	2
07/05/2023	Vila União	8	4	10	7
07/05/2023	Jd. Novo Portugal	27	28	31	29
07/05/2023	Jd. Triunfo	07	08	08	05
07/05/2023	Soberana II	15	11	11	15
07/05/2023	Cid. Nova Soberana	19	12	13	8
07/05/2023	Vila Carmela	18	17	19	16
07/05/2023	Jd. Lenize	26	11	35	24
07/05/2023	Jd. Fortaleza II	6	5	7	3
07/05/2023	Jd. Pres. Dutra	29	45	20	17
07/05/2023	Maria Paula	8	4	9	12
07/05/2023	Jd. Ponte Alta II	11	10	4	7
07/05/2023	Jd. Vila Rica	10	7	8	12
07/05/2023	Jd. Fortaleza	21	16	8	10
07/05/2023	Pq. Residencial Bambi	11	13	18	14
07/05/2023	Soberana I	19	19	15	15
07/05/2023	Jd. Fortaleza III	10	12	9	9
07/05/2023	Jd. Lavras	23	28	18	25
07/05/2023	Inocoop I	34	31	42	24
07/05/2023	Orquidiama	10	10	6	7
07/05/2023	Orquidiama	10	10	6	7
07/05/2023	Jd. Álamo	14	8	9	7
07/05/2023	Inocoop II	21	17	04	10
07/05/2023	Jd. Ponte Alta	12	15	3	11
07/05/2023	Jd. St. Paula	4	6	10	5
07/05/2023	Jd. Maria Dirce	11	6	7	7
14/05/2023	Soberana II	7	13	19	7
14/05/2023	Jd. Triunfo	07	05	03	02
14/05/2023	Vila União	7	5	10	7
14/05/2023	Vila São José	12	9	18	21
14/05/2023	Inocoop I	13	18	21	10
14/05/2023	Vila Nova Bonsucesso	22	18	9	13
14/05/2023	Vila Carmela	26	24	14	06
14/05/2023	Jd. Álamo	8	9	4	8
14/05/2023	Soberana I	17	23	17	19
14/05/2023	Jd. Fátima	25	18	14	22
14/05/2023	Jd. Fortaleza II	9	7	7	6
14/05/2023	Jd. Munira	17	16	21	24
14/05/2023	Maria Paula	10	08	16	11
14/05/2023	Jd. Lavras	28	29	17	15
14/05/2023	Jd. Pres. Dutra	16	35	12	11
14/05/2023	Vila União	7	2	8	4
14/05/2023	Pq. Santos Dumont	17	20	8	11
14/05/2023	Cid. Nova Soberana	12	12	7	7
14/05/2023	Pq. Residencial Bambi	12	19	21	19
14/05/2023	Jd. St. Paula	4	6	11	11
14/05/2023	Inocoop II	25	22	07	08
14/05/2023	Jd. Ponte Alta	16	18	3	6
14/05/2023	Orquidiama	5	5	6	6
14/05/2023	Jd. Fortaleza III	9	10	7	5
14/05/2023	Jd. Vila Rica	8	10	5	14
14/05/2023	Jd. Fortaleza	12	12	11	6
14/05/2023	Jd. Maria Dirce	8	4	7	13
21/05/2023	Soberana II	14	2	19	13
21/05/2023	Jd. Triunfo	08	10	07	06
21/05/2023	Jd. Fátima	72	52	12	8
21/05/2023	Jd. Álamo	19	12	14	13
21/05/2023	Vila União	8	4	11	5
21/05/2023	Vila União	6	4	10	7
21/05/2023	Jd. Munira	13	14	14	15
21/05/2023	Vila São José	13	10	15	14
21/05/2023	Jd. Lavras	20	25	13	16
21/05/2023	Inocoop I	74	70	45	46
21/05/2023	Vila Nova Bonsucesso	25	26	6	14
21/05/2023	Vila Carmela	22	18	23	19
21/05/2023	Jd. Vila Rica	8	3	10	7
21/05/2023	Jd. Fortaleza II	4	3	5	2
21/05/2023	Jd. Álamo	19	12	14	11
21/05/2023	Maria Paula	7	6	9	11
21/05/2023	Jd. Lenize	14	12	27	23
21/05/2023	Pq. Residencial Bambi	9	13	22	19
21/05/2023	Jd. Ponte Alta II	18	7	8	13
21/05/2023	Cid. Nova Soberana	19	18	20	14
21/05/2023	Pq. Residencial Bambi	9	13	22	19
21/05/2023	Jd. St. Paula	5	7	11	14
21/05/2023	Orquidiama	8	5	6	7
21/05/2023	Jd. Fortaleza III	8	12	13	3
21/05/2023	Pq. Santos Dumont	17	11	16	15
21/05/2023	Jd. Ponte Alta	21	13	8	17
21/05/2023	Jd. Fortaleza	16	7	9	6
21/05/2023	Jd. Maria Dirce	11	5	16	14
25/05/2023	Jd. Lenize	4	11	34	27
28/05/2023	Soberana II	9	16	17	14
28/05/2023	Jd. Triunfo	07	11	08	05
28/05/2023	Pq. Santos Dumont	17	16	8	8
28/05/2023	Jd. Fátima	13	18	20	20
28/05/2023	Vila União	7	6	9	4
28/05/2023	Jd. Munira	18	23	16	21
28/05/2023	Jd. Novo Portugal	32	25	42	40
28/05/2023	Orquidiama	9	10	6	9
28/05/2023	Orquidiama	9	10	6	9
28/05/2023	Jd. Maria Dirce	11	5	13	11
28/05/2023	Vila São José	11	10	31	22
28/05/2023	Jd. Lenize	19	14	32	23
28/05/2023	Jd. Pres. Dutra	22	37	24	25
28/05/2023	Cid. Nova Soberana	18	19	15	9
28/05/2023	Jd. Fortaleza II	6	7	7	5
28/05/2023	Jd. Vila Rica	8	10	12	10
28/05/2023	Jd. Lavras	31	22	21	46
28/05/2023	Maria Paula	14	7	12	14
28/05/2023	Soberana I	21	17	16	13
28/05/2023	Jd. Ponte Alta II	14	10	4	6
28/05/2023	Inocoop II	23	25	5	11
28/05/2023	Inocoop I	18	20	23	22
28/05/2023	Jd. St. Paula	9	13	9	13
28/05/2023	Jd. Fortaleza III	10	14	10	14
28/05/2023	Pq. Residencial Bambi	10	17	23	11
28/05/2023	Jd. Ponte Alta	13	11	7	21
28/05/2023	Jd. Lenize	21	12	11	6
28/05/2023	Vila Nova Bonsucesso	27	22	10	14
04/06/2023	Soberana II	15	11	20	7
04/06/2023	Vila Carmela	20	20	20	20
04/06/2023	Vila São José	21	06	16	25
04/06/2023	Vila Nova Bonsucesso	23	24	11	12
04/06/2023	Jd. Triunfo	04	09	06	05
04/06/2023	Pq. Santos Dumont	18	19	9	7
04/06/2023	Cid. Nova Soberana	25	21	12	12
04/06/2023	Inocoop II	19	20	15	17
04/06/2023	Inocoop I	21	20	24	20
04/06/2023	Vila União	11	7	10	6
04/06/2023	Maria Paula	9	7	15	14
04/06/2023	Jd. Munira	17	18	16	19
04/06/2023	Jd. Novo Portugal	38	36	23	22
04/06/2023	Jd. Ponte Alta II	7	10	5	14
04/06/2023	Jd. Pres. Dutra	22	44	26	28
04/06/2023	Jd. Fortaleza II	5	7	3	3
04/06/2023	Pq. Residencial Bambi	13	20	23	21
04/06/2023	Soberana I	26	20	19	16
04/06/2023	Orquidiama	8	11	7	5
04/06/2023	Jd. Lavras	23	25	17	23
04/06/2023	Jd. St. Paula	9	12	6	8
04/06/2023	Jd. Vila Rica	13	11	11	9
04/06/2023	Jd. Fortaleza III	10	13	7	9
04/06/2023	Jd. Ponte Alta	16	11	5	14
04/06/2023	Jd. Fortaleza	11	14	8	7
04/06/2023	Jd. Álamo	11	9	10	13
04/06/2023	Jd. Maria Dirce	11	5	11	7
11/06/2023	Soberana II	10	13	14	7
11/06/2023	Jd. Fátima	12	13	16	14
11/06/2023	Vila São José	13	13	20	19
11/06/2023	Vila Nova Bonsucesso	26	22	12	13
11/06/2023	Jd. Munira	13	13	16	18
11/06/2023	Pq. Santos Dumont	20	17	13	8
11/06/2023	Jd. Lavras	28	15	19	27
11/06/2023	Jd. Triunfo	05	04	05	03
11/06/2023	Maria Paula	7	4	14	19
11/06/2023	Jd. Fortaleza II	5	4	2	2
11/06/2023	Soberana I	21	21	14	18
11/06/2023	Jd. Fortaleza	20	13	9	10
11/06/2023	Jd. Lenize	7	17	32	20
11/06/2023	Jd. Vila Rica	11	15	9	10
11/06/2023	Jd. Fortaleza III	8	15	10	16
11/06/2023	Jd. St. Paula	9	11	7	10
11/06/2023	Inocoop II	19	22	10	9
11/06/2023	Cid. Nova Soberana	22	22	10	14
11/06/2023	Pq. Residencial Bambi	13	21	21	24
11/06/2023	Jd. Lavras	11	11	5	12
11/06/2023	Jd. Ponte Alta	15	18	6	17
11/06/2023	Jd. Pres. Dutra	20	36	22	25
18/06/2023	Jd. Triunfo	06	09	07	06
18/06/2023	Soberana II	14	7	10	15
18/06/2023	Vila Carmela	25	25	20	20
18/06/2023	Jd. Fátima	12	13	22	15
18/06/2023	Jd. Fátima	12	13	16	14
18/06/2023	Vila São José	09	12	10	09
18/06/2023	Jd. Novo Portugal	31	19	24	23
18/06/2023	Vila União	7	5	8	3
18/06/2023	Vila Nova Bonsucesso	25	22	11	11
18/06/2023	Cid. Nova Soberana	17	12	11	7
18/06/2023	Jd. Pres. Dutra	19	32	22	24
18/06/2023	Jd. St. Paula	4	4	14	16
18/06/2023	Jd. Álamo	11	12	13	11
18/06/2023	Jd. Maria Dirce	10	8	11	10
18/06/2023	Orquidiama	12	7	6	8
18/06/2023	Maria Paula	7	9	11	14
18/06/2023	Pq. Residencial Bambi	11	20	25	17
18/06/2023	Inocoop I	21	25	20	16
18/06/2023	Soberana I	18	11	12	10
18/06/2023	Jd. Fortaleza	14	13	4	3
18/06/2023	Jd. Fortaleza II	4	5	4	5
18/06/2023	Jd. Fortaleza III	9	8	6	10
18/06/2023	Jd. Lenize	10	12	30	24
18/06/2023	Pq. Santos Dumont	25	23	16	10
18/06/2023	Jd. Lavras	30	39	24	29
18/06/2023	Jd. Ponte Alta	15	23	7	20
18/06/2023	Inocoop II	19	26	6	11
18/06/2023	Jd. Vila Rica	12	14	6	10
25/06/2023	Jd. Triunfo	12	07	10	10
25/06/2023	Soberana II	4	13	13	16
25/06/2023	Vila Carmela	27	23	19	23
25/06/2023	Jd. Fátima	15	17	19	17
25/06/2023	Vila São José	13	07	23	22
25/06/2023	Jd. Novo Portugal	27	7	26	19
25/06/2023	Pq. Santos Dumont	22	20	9	12
25/06/2023	Vila União	8	6	6	4
25/06/2023	Vila Nova Bonsucesso	29	21	9	15
25/06/2023	Orquidiama	12	10	5	5
25/06/2023	Jd. Munira	15	21	27	21
25/06/2023	Maria Paula	7	7	15	23
25/06/2023	Cid. Nova Soberana	19	20	12	10
25/06/2023	Jd. Fortaleza III	6	11	8	10
25/06/2023	Jd. Pres. Dutra	20	39	29	22
25/06/2023	Jd. St. Paula	8	15	15	16
25/06/2023	Soberana I	29	41	30	21
25/06/2023	Pq. Residencial Bambi	12	17	14	7
25/06/2023	Inocoop II	26	27	13	17
25/06/2023	Inocoop I	25	28	28	22
25/06/2023	Jd. Álamo	13	11	14	14
25/06/2023	Jd. Vila Rica	14	15	12	11
25/06/2023	Jd. Lavras	29	27	23	13
25/06/2023	Jd. Maria Dirce	10	8	14	14
02/07/2023	Vila São José	13	7	26	25
02/07/2023	Jd. Munira	18	17	22	24
02/07/2023	Jd. Triunfo	11	17	10	09
02/07/2023	Vila Nova Bonsucesso	26	24	12	14
02/07/2023	Soberana II	7	13	9	15
02/07/2023	Cid. Nova Soberana	19	17	15	15
02/07/2023	Vila Carmela	56	51	28	23
02/07/2023	Jd. Fátima	18	30	20	18
02/07/2023	Jd. Lavras	19	23	23	16
02/07/2023	Jd. Munira	14	13	17	15
02/07/2023	Jd. Fortaleza	15	8	9	6
02/07/2023	Jd. Lenize	6	13	36	28
02/07/2023	Jd. Vila Rica	10	13	9	10
02/07/2023	Orquidiama	7	8	9	4
02/07/2023	Jd. Ponte Alta II	22	17	6	10
02/07/2023	Maria Paula	39	27	27	17
02/07/2023	Soberana I	18	13	15	15
02/07/2023	Jd. Fortaleza II	4	5	4	7
02/07/2023	Jd. Fortaleza III	10	16	9	12
02/07/2023	Inocoop I	22	22	32	17
02/07/2023	Jd. Novo Portugal	43	31	32	33
02/07/2023	Pq. Santos Dumont	19	16	15	18
02/07/2023	Vila União	8	6	5	6
02/07/2023	Jd. Pres. Dutra	19	31	18	18
02/07/2023	Jd. Álamo	14	11	12	10
02/07/2023	Jd. St. Paula	4	10	16	14
02/07/2023	Inocoop II	27	27	12	17
02/07/2023	Pq. Residencial Bambi	6	13	20	14
02/07/2023	Jd. Ponte Alta	11	12	9	19
02/07/2023	Jd. Maria Dirce	10	9	12	9
02/07/2023	Vila Nova Bonsucesso	23	25	11	13
09/07/2023	Jd. Fátima	11	13	15	12
09/07/2023	Inocoop I	19	15	25	12
09/07/2023	Vila São José	10	10	17	16
09/07/2023	Jd. Munira	19	16	19	16
09/07/2023	Jd. Triunfo	05	10	02	01
09/07/2023	Jd. Maria Dirce	6	5	9	13
09/07/2023	Vila Nova Bonsucesso	25	22	10	11
09/07/2023	Jd. Novo Portugal	18	10	9	20
09/07/2023	Jd. Fortaleza II	22	25	25	23
09/07/2023	Soberana II	13	8	16	12
09/07/2023	Cid. Nova Soberana	17	13	9	7
09/07/2023	Vila União	8	5	9	4
09/07/2023	Jd. Lenize	31	27	38	29
09/07/2023	Jd. St. Paula	5	4	8	8
09/07/2023	Vila Carmela	21	12	6	7
09/07/2023	Pq. Residencial Bambi	7	12	20	13
09/07/2023	Inocoop II	16	20	9	11
09/07/2023	Jd. Fortaleza II	7	9	3	1
09/07/2023	Pq. Santos Dumont	20	21	02	5
09/07/2023	Soberana I	16	16	8	11
09/07/2023	Jd. Ponte Alta II	8	13	3	4
09/07/2023	Jd. Lavras	20	15	4	10
09/07/2023	Jd. Fortaleza III	3	5	4	9
09/07/2023	Jd. Ponte Alta	12	14	3	11
09/07/2023	Jd. Álamo	12	8	10	13
09/07/2023	Orquidiama	10	9	6	4
09/07/2023	Jd. Vila Rica	10	10	5	8
16/07/2023	Vila Carmela	30	16	19	17
16/07/2023	Vila São José	14	5	25	19
16/07/2023	Jd. Fátima	13	9	18	17
16/07/2023	Jd. Munira	10	07	15	14
16/07/2023	Jd. Triunfo	06	11	03	08
16/07/2023	Jd. Maria Dirce	7	7	20	14
16/07/2023	Inocoop I	19	15	25	12
16/07/2023	Soberana II	15	2	17	9
16/07/2023	Vila União	7	5	9	4
16/07/2023	Jd. Lavras	15	10	8	6
16/07/2023	Jd. Lenize	9	19	25	30
16/07/2023	Cid. Nova Soberana	15	11	9	8
16/07/2023	Soberana I	16	16	6	9
16/07/2023	Jd. Fortaleza	13	8	6	11
16/07/2023	Jd. Álamo	11	7	5	5
16/07/2023	Jd. Ponte Alta II	17	11	3	9
16/07/2023	Maria Paula	8	7	6	12
16/07/2023	Jd. Fortaleza II	2	7	1	2
16/07/2023	Pq. Santos Dumont	35	43	15	9
16/07/2023	Pq. Residencial Bambi	9	11	14	16
16/07/2023	Jd. Pres. Dutra	20	30	22	20
16/07/2023	Jd. Fortaleza III	12	16	7	5
16/07/2023	Jd. Ponte Alta	12	6	4	12
16/07/2023	Jd. St. Paula	7	4	9	13
16/07/2023	Inocoop II	12	14	05	10
16/07/2023	Jd. Vila Rica	11	9	8	9
23/07/2023	Vila Carmela	27	30	18	16
23/07/2023	Pq. Santos Dumont	13	13	11	8
23/07/2023	Pq. Santos Dumont	20	22	12	15
23/07/2023	Vila São José	13	11	22	25
23/07/2023	Jd. Fátima	12	15	15	15
23/07/2023	Jd. Munira	21	12	19	25
23/07/2023	Jd. Lenize	12	10	33	18
23/07/2023	Jd. Triunfo	06	10	06	0
23/07/2023	Jd. Maria Dirce	7	5	13	10
23/07/2023	Vila Nova Bonsucesso	22	26	7	18
23/07/2023	Jd. Novo Portugal	34	44	29	29
23/07/2023	Inocoop I	23	22	21	17
23/07/2023	Soberana II	20	10	26	8
23/07/2023	Cid. Nova Soberana	16	15	13	15
23/07/2023	Jd. Álamo	16	12	7	10
23/07/2023	Maria Paula	10	06	10	8
23/07/2023	Vila União	7	3	8	6
23/07/2023	Jd. Lavras	29	30	17	24
23/07/2023	Jd. Fortaleza II	8	7	8	4
23/07/2023	Jd. Ponte Alta II	39	27	6	12
23/07/2023	Soberana I	15	20	20	18
23/07/2023	Orquidiama	8	7	7	6
23/07/2023	Jd. Fortaleza	15	9	8	9
23/07/2023	Jd. St. Paula	4	13	15	12
23/07/2023	Jd. Fortaleza III	6	13	8	4
23/07/2023	Jd. Pres. Dutra	64	49	12	18
23/07/2023	Inocoop II	14	19	5	12
23/07/2023	Jd. Ponte Alta	12	11	5	10
23/07/2023	Jd. Vila Rica	11	9	12	10
30/07/2023	Jd. Triunfo	09	16	05	09
30/07/2023	Inocoop I	23	22	30	17
30/07/2023	Soberana II	15	14	11	9
30/07/2023	Vila Carmela	23	24	18	7
30/07/2023	Soberana I	22	24	18	17
30/07/2023	Pq. Residencial Bambi	10	12	17	10
30/07/2023	Pq. Santos Dumont	19	20	15	15
30/07/2023	Vila União	6	5	9	4
30/07/2023	Pq. Santos Dumont	23	12	11	3
30/07/2023	Jd. Lavras	26	21	20	33
30/07/2023	Vila São José	21	15	24	21
30/07/2023	Inocoop II	20	19	11	9
30/07/2023	Jd. Fátima	12	11	11	18
30/07/2023	Maria Paula	7	11	18	11
30/07/2023	Jd. Fortaleza II	5	6	5	6
30/07/2023	Jd. Munira	19	21	15	25
30/07/2023	Orquidiama	9	11	8	9
30/07/2023	Jd. Triunfo	09	16	05	09
30/07/2023	Jd. Fortaleza III	6	9	6	7
30/07/2023	Jd. St. Paula	10	12	6	8
30/07/2023	Jd. Lenize	19	24	26	28
30/07/2023	Cid. Nova Soberana	15	9	14	11
30/07/2023	Jd. Álamo	18	18	13	14
30/07/2023	Jd. Ponte Alta	11	12	5	17
30/07/2023	Vila Nova Bonsucesso	28	31	16	20
30/07/2023	Jd. Maria Dirce	13	10	18	9
06/08/2023	Jd. Triunfo	05	07	05	06
06/08/2023	Vila São José	13	11	37	21
06/08/2023	Jd. Lenize	21	8	26	26
06/08/2023	Jd. Munira	27	19	19	24
06/08/2023	Jd. Pres. Dutra	20	29	19	19
06/08/2023	Soberana II	19	13	9	9
06/08/2023	Vila União	5	7	9	6
06/08/2023	Vila Carmela	30	19	27	18
06/08/2023	Orquidiama	8	11	6	15
06/08/2023	Maria Paula	8	12	22	14
06/08/2023	Soberana I	24	25	24	24
06/08/2023	Vila Nova Bonsucesso	23	24	7	12
06/08/2023	Jd. Fortaleza II	5	14	4	4
06/08/2023	Jd. Vila Rica	9	9	7	9
06/08/2023	Jd. Ponte Alta II	11	9	4	12
06/08/2023	Jd. St. Paula	5	9	17	16
06/08/2023	Cid. Nova Soberana	23	17	19	14
06/08/2023	Jd. Fortaleza III	12	25	5	9
06/08/2023	Jd. Álamo	12	12	17	10
06/08/2023	Inocoop II	21	24	8	12
06/08/2023	Pq. Residencial Bambi	11	19	23	19
06/08/2023	Pq. Santos Dumont	35	32	8	6
06/08/2023	Jd. Fortaleza	15	9	14	9
13/08/2023	Vila União	8	6	11	4
13/08/2023	Jd. Fátima	25	18	13	17
13/08/2023	Jd. Triunfo	02	05	08	03
13/08/2023	Vila Carmela	24	22	10	10
13/08/2023	Orquidiama	8	11	4	8
13/08/2023	Cid. Nova Soberana	17	16	10	7
13/08/2023	Vila São José	7	9	13	13
13/08/2023	Jd. Álamo	14	10	9	8
13/08/2023	Jd. Novo Portugal	23	21	19	26
13/08/2023	Soberana II	14	15	9	10
13/08/2023	Inocoop I	17	18	19	18
13/08/2023	Jd. Lenize	23	12	11	10
13/08/2023	Jd. Munira	20	15	9	9
13/08/2023	Jd. Pres. Dutra	22	34	23	23
13/08/2023	Jd. Fortaleza II	2	5	5	3
13/08/2023	Soberana I	15	17	10	14
13/08/2023	Jd. Ponte Alta II	10	7	2	7
13/08/2023	Jd. Ponte Alta	11	14	6	12
13/08/2023	Jd. Fortaleza	11	13	4	7
13/08/2023	Pq. Residencial Bambi	9	15	9	10
13/08/2023	Pq. Residencial Bambi	9	15	9	10
13/08/2023	Jd. Fortaleza III	8	13	4	7
13/08/2023	Pq. Santos Dumont	18	12	11	4
13/08/2023	Inocoop II	22	30	13	13
13/08/2023	Maria Paula	6	5	13	14
13/08/2023	Jd. Vila Rica	6	9	4	11
13/08/2023	Vila Nova Bonsucesso	25	19	11	12
13/08/2023	Jd. Lavras	23	23	14	18
20/08/2023	Vila União	7	4	10	2
20/08/2023	Jd. Fátima	21	24	13	14
20/08/2023	Jd. Triunfo	07	09	09	06
20/08/2023	Vila Nova Bonsucesso	23	26	17	14
20/08/2023	Vila Carmela	33	19	23	23
20/08/2023	Jd. Maria Dirce	10	6	23	18
20/08/2023	Jd. Lavras	26	31	24	33
20/08/2023	Vila São José	16	16	25	26
20/08/2023	Jd. Álamo	12	15	8	15
20/08/2023	Jd. Munira	25	27	19	28
20/08/2023	Jd. Novo Portugal	35	25	26	20
20/08/2023	Soberana II	9	12	13	14
20/08/2023	Jd. Pres. Dutra	79	99	26	28
20/08/2023	Inocoop I	31	25	29	20
20/08/2023	Jd. Ponte Alta II	16	21	1	10
20/08/2023	Jd. Ponte Alta II	18	22	1	8
20/08/2023	Jd. Vila Rica	18	19	11	14
20/08/2023	Soberana I	18	16	13	15
20/08/2023	Jd. Fortaleza III	6	5	9	9
20/08/2023	Jd. Lenize	20	23	13	9
20/08/2023	Maria Paula	8	11	22	15
20/08/2023	Cid. Nova Soberana	39	30	30	29
20/08/2023	Orquidiama	10	7	5	11
20/08/2023	Jd. Fortaleza II	5	7	8	5
20/08/2023	Inocoop II	17	22	5	17
20/08/2023	Jd. St. Paula	10	13	11	15
20/08/2023	Jd. Fortaleza	17	14	7	11
20/08/2023	Pq. Residencial Bambi	10	19	25	13
20/08/2023	Jd. Ponte Alta	11	14	10	17
27/08/2023	Inocoop II	16	30	09	11
27/08/2023	Soberana II	7	15	10	18
27/08/2023	Vila União	9	6	10	3
27/08/2023	Jd. Fátima	26	22	18	19
27/08/2023	Jd. Triunfo	34	34	11	08
27/08/2023	Vila Nova Bonsucesso	57	58	17	22
27/08/2023	Jd. St. Paula	2	5	15	13
27/08/2023	Jd. Fortaleza	17	8	5	9
27/08/2023	Jd. Maria Dirce	8	7	15	15
27/08/2023	Vila São José	08	06	16	17
27/08/2023	Jd. Álamo	10	11	9	10
27/08/2023	Orquidiama	11	13	6	12
27/08/2023	Jd. Pres. Dutra	57	62	24	18
27/08/2023	Jd. Lenize	20	20	21	20
27/08/2023	Jd. Munira	13	12	11	14
27/08/2023	Cid. Nova Soberana	13	9	6	6
27/08/2023	Jd. Ponte Alta II	18	14	3	6
27/08/2023	Jd. Fortaleza II	3	4	3	1
27/08/2023	Jd. Ponte Alta II	9	13	5	7
27/08/2023	Soberana I	23	22	14	15
27/08/2023	Inocoop II	37	29	06	15
27/08/2023	Maria Paula	8	5	8	9
27/08/2023	Pq. Santos Dumont	26	24	12	8
27/08/2023	Jd. Fortaleza III	5	10	6	4
27/08/2023	Pq. Residencial Bambi	7	13	16	8
27/08/2023	Jd. Ponte Alta	12	14	8	18
27/08/2023	Jd. Vila Rica	9	14	5	10
27/08/2023	Jd. Fortaleza II	10	11	9	10
27/08/2023	Jd. Lavras	21	22	14	10
27/08/2023	Jd. Novo Portugal	35	34	33	33
03/09/2023	Inocoop I	21	28	20	17
03/09/2023	Cid. Nova Soberana	16	21	17	14
03/09/2023	Soberana II	9	9	8	19
03/09/2023	Jd. Munira	19	16	16	18
03/09/2023	Vila União	6	4	9	5
03/09/2023	Jd. Lenize	20	14	22	21
03/09/2023	Vila São José	15	11	30	19
03/09/2023	Jd. Fátima	18	22	17	15
03/09/2023	Jd. Munira	19	16	16	18
03/09/2023	Jd. Triunfo	07	06	05	03
03/09/2023	Jd. Novo Portugal	34	29	37	27
03/09/2023	Maria Paula	07	09	26	11
03/09/2023	Orquidiama	7	8	6	9
03/09/2023	Jd. Lavras	28	21	18	19
03/09/2023	Jd. Pres. Dutra	18	29	24	21
03/09/2023	Soberana I	29	24	22	17
03/09/2023	Jd. Ponte Alta II	18	16	6	14
03/09/2023	Jd. St. Paula	5	14	12	9
03/09/2023	Jd. Fortaleza III	9	9	5	8
03/09/2023	Jd. Álamo	13	13	9	14
03/09/2023	Jd. Fortaleza II	5	6	4	3
03/09/2023	Pq. Santos Dumont	30	29	17	10
03/09/2023	Inocoop II	19	24	10	10
03/09/2023	Vila Carmela	29	23	19	15
03/09/2023	Jd. Ponte Alta	14	12	8	12
03/09/2023	Pq. Residencial Bambi	10	16	21	14
03/09/2023	Jd. Maria Dirce	13	12	18	16
03/09/2023	Jd. Fortaleza	21	26	12	9
03/09/2023	Jd. Vila Rica	10	10	8	12
10/09/2023	Jd. Munira	17	17	14	17
10/09/2023	Soberana II	11	12	11	18
10/09/2023	Vila União	7	5	10	5
10/09/2023	Jd. Lenize	18	12	24	26
10/09/2023	Vila São José	10	9	25	22
10/09/2023	Jd. Novo Portugal	31	20	29	21
10/09/2023	Jd. Pres. Dutra	16	34	39	19
10/09/2023	Jd. Álamo	10	9	11	9
10/09/2023	Jd. Fátima	11	11	11	16
10/09/2023	Jd. Ponte Alta II	10	12	6	19
10/09/2023	Cid. Nova Soberana	19	15	13	8
10/09/2023	Soberana I	20	20	18	11
10/09/2023	Jd. Fortaleza	16	11	11	6
10/09/2023	Orquidiama	12	10	7	9
10/09/2023	Jd. Lavras	24	26	17	18
10/09/2023	Jd. Fortaleza III	11	11	7	13
10/09/2023	Jd. Fortaleza II	6	6	7	5
10/09/2023	Inocoop II	23	29	7	19
10/09/2023	Maria Paula	7	5	17	17
10/09/2023	Jd. St. Paula	3	7	9	17
10/09/2023	Vila Carmela	35	42	15	13
10/09/2023	Pq. Residencial Bambi	8	14	17	13
10/09/2023	Jd. Ponte Alta	14	18	6	16
10/09/2023	Pq. Santos Dumont	29	31	8	7
10/09/2023	Inocoop I	18	19	20	27
10/09/2023	Jd. Vila Rica	7	9	8	15
10/09/2023	Jd. Ponte Alta II	10	12	6	19
17/09/2023	Jd. Lavras	23	18	15	18
17/09/2023	Vila Nova Bonsucesso	29	26	13	14
17/09/2023	Jd. Munira	23	9	17	21
17/09/2023	Soberana II	8	8	15	17
17/09/2023	Vila União	8	4	9	3
17/09/2023	Jd. Lenize	12	11	29	28
17/09/2023	Vila São José	11	11	23	20
17/09/2023	Jd. Novo Portugal	32	23	30	32
17/09/2023	Jd. Pres. Dutra	22	34	32	23
17/09/2023	Pq. Santos Dumont	29	25	18	21
17/09/2023	Jd. Álamo	24	19	17	21
17/09/2023	Jd. Vila Rica	8	14	7	11
17/09/2023	Orquidiama	6	5	7	9
17/09/2023	Maria Paula	8	7	19	10
17/09/2023	Inocoop II	19	22	8	11
17/09/2023	Soberana I	28	14	17	11
17/09/2023	Maria Paula	5	7	19	10
17/09/2023	Cid. Nova Soberana	16	15	17	18
17/09/2023	Jd. Maria Dirce	9	8	14	11
17/09/2023	Jd. Ponte Alta II	12	9	8	15
17/09/2023	Jd. St. Paula	12	16	16	19
17/09/2023	Jd. Fortaleza	14	17	8	9
17/09/2023	Jd. Ponte Alta	20	14	8	13
17/09/2023	Jd. Fortaleza II	5	7	5	8
17/09/2023	Jd. Fortaleza III	8	14	8	7
17/09/2023	Vila Carmela	34	14	26	19
17/09/2023	Pq. Residencial Bambi	12	19	24	24
17/09/2023	Jd. Fátima	13	15	21	23
24/09/2023	Jd. Hanna	22	21	24	23
24/09/2023	Inocoop I	25	20	32	30
24/09/2023	Jd. St. Paula	4	5	8	11
24/09/2023	Vila Nova Bonsucesso	18	19	12	11
24/09/2023	Jd. Maria Dirce	9	7	17	18
24/09/2023	Jd. Munira	18	14	10	13
24/09/2023	Soberana II	15	15	9	9
24/09/2023	Maria Paula	35	37	18	17
24/09/2023	Vila União	7	5	11	4
24/09/2023	Jd. Lenize	8	10	27	27
24/09/2023	Jd. Lavras	21	26	26	21
24/09/2023	Vila São José	13	08	24	24
24/09/2023	Jd. Ponte Alta II	15	10	3	8
24/09/2023	Jd. Pres. Dutra	19	40	21	21
24/09/2023	Jd. Fortaleza III	11	12	16	9
24/09/2023	Orquidiama	15	13	5	16
24/09/2023	Jd. Fátima	60	53	18	12
24/09/2023	Cid. Nova Soberana	20	16	16	13
24/09/2023	Vila Carmela	23	35	20	21
24/09/2023	Pq. Residencial Bambi	12	15	18	16
24/09/2023	Pq. Santos Dumont	22	20	12	11
24/09/2023	Jd. Álamo	10	12	9	8
24/09/2023	Soberana I	23	21	20	12
24/09/2023	Jd. Ponte Alta	13	12	8	16
24/09/2023	Jd. Fortaleza II	4	3	4	2
24/09/2023	Jd. Vila Rica	10	13	13	12
24/09/2023	Jd. Fortaleza	15	9	7	12
01/10/2023	Jd. Hanna	13	10	17	15
01/10/2023	Soberana II	09	17	12	12
01/10/2023	Jd. Lenize	11	7	10	10
01/10/2023	Vila São José	11	09	17	17
01/10/2023	Jd. Novo Portugal	11	12	17	13
01/10/2023	Inocoop I	18	19	21	17
01/10/2023	Jd. Lavras	8	8	8	10
01/10/2023	Jd. Vila Rica	7	19	10	11
01/10/2023	Pq. Residencial Bambi	12	20	26	14
01/10/2023	Maria Paula	6	5	16	12
01/10/2023	Jd. Fortaleza	12	3	3	8
01/10/2023	Jd. Lenize	11	7	10	10
01/10/2023	Vila União	8	5	11	2
01/10/2023	Jd. St. Paula	12	9	9	10
01/10/2023	Jd. Ponte Alta II	13	11	5	5
01/10/2023	Jd. Munira	16	16	16	17
01/10/2023	Pq. Santos Dumont	33	20	18	12
01/10/2023	Vila União	8	5	11	2
01/10/2023	Jd. Pres. Dutra	13	36	17	14
01/10/2023	Jd. Fortaleza II	5	8	6	5
01/10/2023	Soberana I	28	33	31	31
01/10/2023	Vila Nova Bonsucesso	22	21	9	12
01/10/2023	Orquidiama	11	6	5	15
01/10/2023	Jd. Lavras	11	14	3	12
01/10/2023	Cid. Nova Soberana	15	6	10	11
01/10/2023	Vila Carmela	23	20	20	14
01/10/2023	Jd. Ponte Alta	14	14	3	13
01/10/2023	Inocoop II	17	25	9	10
01/10/2023	Jd. Fátima	18	10	19	10
01/10/2023	Jd. Fortaleza III	3	15	6	6
08/10/2023	Jd. Hanna	14	16	16	13
08/10/2023	Soberana II	10	9	15	12
08/10/2023	Jd. Triunfo	06	09	10	02
08/10/2023	Jd. Lenize	21	10	21	12
08/10/2023	Vila São José	12	10	19	14
08/10/2023	Jd. Novo Portugal	25	21	30	23
08/10/2023	Vila Nova Bonsucesso	30	29	18	13
08/10/2023	Jd. Lenize	12	10	21	12
08/10/2023	Orquidiama	9	8	5	7
08/10/2023	Jd. Pres. Dutra	32	55	20	11
08/10/2023	Jd. Lavras	18	22	12	16
08/10/2023	Jd. Fátima	55	47	12	10
08/10/2023	Jd. Fortaleza	18	19	10	11
08/10/2023	Pq. Santos Dumont	19	18	9	7
08/10/2023	Pq. Residencial Bambi	14	18	24	21
08/10/2023	Jd. Munira	34	44	20	28
08/10/2023	Jd. Fortaleza III	7	13	6	4
08/10/2023	Soberana I	49	43	22	22
08/10/2023	Cid. Nova Soberana	16	17	14	8
08/10/2023	Jd. St. Paula	5	10	17	20
08/10/2023	Maria Paula	7	6	16	9
08/10/2023	Jd. Álamo	12	8	9	15
08/10/2023	Jd. Ponte Alta	32	30	8	13
08/10/2023	Jd. Ponte Alta II	25	28	6	14
08/10/2023	Inocoop II	25	23	8	11
08/10/2023	Jd. Vila Rica	7	11	8	6
15/10/2023	Jd. Hanna	12	15	18	14
15/10/2023	Soberana II	12	14	13	9
15/10/2023	Jd. Triunfo	03	06	05	02
15/10/2023	Jd. Triunfo	03	06	05	02
15/10/2023	Jd. Lenize	13	11	24	19
15/10/2023	Vila São José	19	10	47	41
15/10/2023	Jd. Munira	22	21	29	26
15/10/2023	Vila Nova Bonsucesso	21	12	17	14
15/10/2023	Jd. Fortaleza	13	9	13	7
15/10/2023	Jd. Maria Dirce	10	8	15	15
15/10/2023	Inocoop I	28	29	28	26
15/10/2023	Jd. St. Paula	5	6	19	13
15/10/2023	Jd. Lenize	12	10	20	17
15/10/2023	Orquidiama	16	14	10	15
15/10/2023	Jd. Pres. Dutra	18	34	34	21
15/10/2023	Jd. Fortaleza II	8	6	4	6
15/10/2023	Jd. Ponte Alta II	16	18	8	10
15/10/2023	Soberana I	17	14	18	14
15/10/2023	Pq. Residencial Bambi	7	11	13	16
15/10/2023	Jd. Ponte Alta	14	11	5	11
15/10/2023	Vila União	8	5	10	5
15/10/2023	Maria Paula	10	10	34	16
15/10/2023	Pq. Santos Dumont	30	25	20	15
15/10/2023	Jd. Lavras	17	17	12	13
15/10/2023	Jd. Fátima	22	23	18	21
15/10/2023	Jd. Fortaleza III	6	6	9	13
15/10/2023	Inocoop II	15	17	10	10
15/10/2023	Vila Carmela	47	45	23	16
15/10/2023	Jd. Vila Rica	8	15	9	13
15/10/2023	Jd. Lavras	17	25	16	21
22/10/2023	Jd. Hanna	13	16	17	14
22/10/2023	Soberana II	9	16	12	9
22/10/2023	Jd. Triunfo	10	09	04	04
22/10/2023	Jd. Pres. Dutra	17	33	19	13
22/10/2023	Jd. Lenize	17	11	24	21
22/10/2023	Vila São José	9	7	22	19
22/10/2023	Inocoop II	16	14	5	9
22/10/2023	Jd. Munira	9	10	17	18
22/10/2023	Jd. Novo Portugal	43	34	28	42
22/10/2023	Inocoop I	24	23	62	49
22/10/2023	Soberana I	18	23	20	14
22/10/2023	Jd. St. Paula	12	12	18	23
22/10/2023	Jd. Ponte Alta II	10	13	11	9
22/10/2023	Orquidiama	10	7	9	10
22/10/2023	Maria Paula	7	5	13	9
22/10/2023	Pq. Santos Dumont	24	19	16	17
22/10/2023	Jd. Fortaleza III	15	18	20	14
22/10/2023	Jd. Ponte Alta	26	18	8	22
22/10/2023	Jd. Álamo	11	11	8	8
22/10/2023	Pq. Residencial Bambi	10	13	21	17
22/10/2023	Jd. Fortaleza	16	12	11	5
22/10/2023	Jd. Fátima	16	15	15	14
22/10/2023	Vila União	8	6	9	5
22/10/2023	Jd. Maria Dirce	11	10	19	14
22/10/2023	Vila Carmela	18	12	17	12
22/10/2023	Jd. Lavras	27	38	13	2
29/10/2023	Jd. Hanna	20	18	19	15
29/10/2023	Soberana II	9	16	10	12
29/10/2023	Jd. Triunfo	09	12	06	4
29/10/2023	Jd. Pres. Dutra	22	30	24	25
29/10/2023	Jd. Ponte Alta II	12	15	6	8
29/10/2023	Vila São José	09	09	20	12
29/10/2023	Jd. Vila Rica	5	20	11	9
29/10/2023	Jd. Munira	22	15	21	23
29/10/2023	Jd. St. Paula	2	6	15	14
29/10/2023	Jd. St. Paula	2	6	15	14
29/10/2023	Jd. Fortaleza	19	13	15	7
29/10/2023	Orquidiama	11	6	9	7
29/10/2023	Jd. Fortaleza III	7	14	5	8
29/10/2023	Maria Paula	11	6	17	17
29/10/2023	Jd. Fátima	28	16	13	21
29/10/2023	Soberana I	21	20	16	16
29/10/2023	Vila Carmela	29	17	21	23
29/10/2023	Pq. Residencial Bambi	9	13	26	16
29/10/2023	Inocoop II	16	19	10	11
29/10/2023	Jd. Ponte Alta	15	9	7	14
29/10/2023	Jd. Lavras	30	34	13	6
29/10/2023	Pq. Santos Dumont	28	29	14	14
29/10/2023	Jd. Álamo	15	11	12	10
29/10/2023	Jd. Novo Portugal	51	28	51	56
29/10/2023	Jd. Maria Dirce	13	9	14	17
29/10/2023	Vila Nova Bonsucesso	28	22	15	16
05/11/2023	Jd. Novo Portugal	30	22	30	38
05/11/2023	Jd. Hanna	14	9	16	14
05/11/2023	Jd. Lavras	32	50	29	33
05/11/2023	Inocoop I	16	21	18	10
05/11/2023	Jd. Álamo	13	17	12	13
05/11/2023	Jd. Munira	15	15	20	16
05/11/2023	Soberana II	12	9	11	10
05/11/2023	Jd. Triunfo	04	09	06	02
05/11/2023	Vila Nova Bonsucesso	16	21	15	7
05/11/2023	Orquidiama	11	9	5	3
05/11/2023	Jd. Vila Rica	9	8	12	14
05/11/2023	Jd. Fátima	9	12	9	9
05/11/2023	Jd. Fortaleza II	3	7	7	4
05/11/2023	Inocoop I	16	21	18	10
05/11/2023	Jd. Ponte Alta II	10	10	6	10
05/11/2023	Maria Paula	16	15	13	15
05/11/2023	Jd. Ponte Alta II	10	10	6	10
05/11/2023	Jd. Pres. Dutra	23	30	31	30
05/11/2023	Inocoop II	14	16	9	14
05/11/2023	Pq. Santos Dumont	16	19	16	12
05/11/2023	Soberana I	21	14	14	24
05/11/2023	Vila Carmela	20	18	16	15
05/11/2023	Jd. Fátima	13	17	12	13
05/11/2023	Pq. Residencial Bambi	8	10	20	14
05/11/2023	Jd. St. Paula	7	9	13	19
05/11/2023	Jd. Fortaleza III	7	7	13	14
05/11/2023	Jd. Ponte Alta	13	11	10	15
05/11/2023	Jd. Lenize	6	13	30	25
05/11/2023	Jd. Fortaleza	14	9	9	13
05/11/2023	Cid. Nova Soberana	1	1	1	1
12/11/2023	Jd. Novo Portugal	34	30	32	30
12/11/2023	Jd. Hanna	11	13	15	17
12/11/2023	Jd. Lavras	38	36	30	29
12/11/2023	Vila São José	10	9	22	16
12/11/2023	Inocoop I	17	18	28	17
12/11/2023	Jd. Vila Rica	6	11	10	18
12/11/2023	Jd. Lenize	19	7	25	20
12/11/2023	Jd. Munira	28	22	24	27
12/11/2023	Soberana II	14	12	11	10
12/11/2023	Orquidiama	8	6	2	3
12/11/2023	Jd. Fátima	16	12	12	22
12/11/2023	Jd. Maria Dirce	17	8	9	12
12/11/2023	Jd. Ponte Alta II	7	8	5	13
12/11/2023	Jd. Fortaleza III	6	12	11	7
12/11/2023	Maria Paula	5	4	16	6
12/11/2023	Jd. St. Paula	6	7	17	15
12/11/2023	Jd. Triunfo	07	10	06	06
12/11/2023	Soberana I	14	18	19	17
12/11/2023	Jd. Pres. Dutra	18	23	30	19
12/11/2023	Pq. Residencial Bambi	12	14	24	18
12/11/2023	Inocoop II	14	16	12	13
12/11/2023	Vila Carmela	18	30	15	9
12/11/2023	Pq. Santos Dumont	19	21	14	18
12/11/2023	Jd. Ponte Alta	12	7	8	14
12/11/2023	Jd. Lenize	03	07	13	11
12/11/2023	Jd. Álamo	14	10	15	11
12/11/2023	Jd. Fortaleza II	7	4	2	3
12/11/2023	Jd. Lenize	14	8	12	6
12/11/2023	Vila Nova Bonsucesso	22	29	13	15
19/11/2023	Jd. Hanna	12	10	18	16
19/11/2023	Jd. Lavras	34	39	23	25
19/11/2023	Vila São José	12	10	20	20
19/11/2023	Inocoop I	13	12	15	12
19/11/2023	Jd. Vila Rica	6	8	7	5
19/11/2023	Pq. Santos Dumont	20	22	10	12
19/11/2023	Jd. Lenize	22	7	23	18
19/11/2023	Jd. Munira	17	07	5	13
19/11/2023	Jd. Álamo	16	11	9	12
19/11/2023	Vila Nova Bonsucesso	17	16	11	17
19/11/2023	Soberana II	13	8	11	12
19/11/2023	Maria Paula	7	7	19	17
19/11/2023	Jd. St. Paula	6	9	17	26
19/11/2023	Orquidiama	9	7	3	5
19/11/2023	Jd. Ponte Alta II	22	19	7	14
19/11/2023	Jd. Fortaleza III	7	10	4	7
19/11/2023	Jd. Fortaleza	15	10	9	7
19/11/2023	Soberana I	19	21	22	15
19/11/2023	Pq. Residencial Bambi	7	11	19	17
19/11/2023	Inocoop II	14	14	8	13
19/11/2023	Vila Carmela	22	24	19	9
19/11/2023	Jd. Maria Dirce	11	8	12	15
19/11/2023	Jd. Fátima	15	16	12	18
26/11/2023	Jd. Novo Portugal	48	27	24	29
26/11/2023	Jd. Hanna	8	7	15	17
26/11/2023	Jd. Lavras	43	43	39	33
26/11/2023	Vila São José	07	07	19	18
26/11/2023	Inocoop I	21	18	24	19
26/11/2023	Jd. Maria Dirce	12	10	11	17
26/11/2023	Jd. Vila Rica	9	17	5	16
26/11/2023	Jd. St. Paula	5	5	15	13
26/11/2023	Jd. Fortaleza	14	7	8	10
26/11/2023	Jd. Pres. Dutra	17	36	21	19
26/11/2023	Jd. Ponte Alta II	12	15	6	9
26/11/2023	Soberana I	19	12	15	15
26/11/2023	Jd. Lenize	20	5	21	20
26/11/2023	Jd. Munira	24	24	13	18
26/11/2023	Jd. Fátima	52	75	13	9
26/11/2023	Jd. Fortaleza III	6	10	6	5
26/11/2023	Vila Nova Bonsucesso	30	23	18	21
26/11/2023	Jd. Lavras	12	14	12	8
26/11/2023	Jd. Álamo	12	14	12	8
26/11/2023	Pq. Santos Dumont	19	14	10	9
26/11/2023	Orquidiama	9	7	5	10
26/11/2023	Jd. Ponte Alta	13	13	5	11
26/11/2023	Vila Carmela	18	17	15	4
26/11/2023	Pq. Residencial Bambi	9	12	18	15
26/11/2023	Vila União	9	6	5	6
26/11/2023	Maria Paula	7	7	13	14
26/11/2023	Inocoop II	15	16	09	12
03/12/2023	Jd. Novo Portugal	33	21	39	19
03/12/2023	Jd. Hanna	20	21	17	18
03/12/2023	Jd. Novo Portugal	33	21	39	19
03/12/2023	Jd. St. Paula	13	17	8	14
03/12/2023	Jd. Lavras	39	44	29	29
03/12/2023	Jd. Fátima	17	11	14	19
03/12/2023	Jd. Pres. Dutra	19	34	29	22
03/12/2023	Vila São José	15	12	26	12
03/12/2023	Vila São José	07	10	19	9
03/12/2023	Jd. Munira	11	19	25	21
03/12/2023	Jd. Ponte Alta II	14	16	6	14
03/12/2023	Jd. Álamo	16	11	12	18
03/12/2023	Jd. Fortaleza II	11	11	12	7
03/12/2023	Jd. Vila Rica	7	9	8	12
03/12/2023	Soberana I	36	32	31	21
03/12/2023	Jd. Fortaleza III	8	8	5	8
03/12/2023	Maria Paula	8	7	15	14
03/12/2023	Jd. Fortaleza II	11	11	12	6
03/12/2023	Orquidiama	9	7	4	7
03/12/2023	Inocoop II	16	21	8	17
03/12/2023	Pq. Santos Dumont	13	22	12	13
03/12/2023	Pq. Residencial Bambi	10	12	18	21
03/12/2023	Vila Carmela	26	13	18	20
03/12/2023	Vila União	10	6	5	2
03/12/2023	Jd. Ponte Alta	13	8	5	12
03/12/2023	Inocoop I	19	14	18	19
03/12/2023	Jd. Fortaleza	13	3	15	12
03/12/2023	Jd. Lenize	12	11	22	18
03/12/2023	Vila Nova Bonsucesso	20	21	14	13
05/12/2023	Jd. Novo Portugal	30	22	30	38
10/12/2023	Soberana II	8	14	12	10
10/12/2023	Jd. Novo Portugal	26	15	18	19
10/12/2023	Jd. Hanna	14	16	20	17
10/12/2023	Jd. Novo Portugal	26	15	18	19
10/12/2023	Jd. Lavras	24	19	26	12
10/12/2023	Jd. Fátima	15	12	13	14
10/12/2023	Jd. Pres. Dutra	23	31	27	22
10/12/2023	Vila São José	12	09	18	18
10/12/2023	Jd. Munira	21	13	17	26
10/12/2023	Jd. Álamo	10	11	11	13
10/12/2023	Jd. St. Paula	28	39	7	5
10/12/2023	Inocoop I	29	22	32	23
10/12/2023	Jd. Fortaleza	10	6	13	13
10/12/2023	Jd. Ponte Alta	13	7	7	11
10/12/2023	Pq. Santos Dumont	25	19	12	8
10/12/2023	Maria Paula	8	7	16	14
10/12/2023	Jd. Vila Rica	6	13	9	5
10/12/2023	Jd. Fortaleza II	6	5	9	7
10/12/2023	Jd. Ponte Alta II	12	13	10	16
10/12/2023	Inocoop II	12	17	12	11
10/12/2023	Vila União	8	4	12	5
10/12/2023	Vila Carmela	15	22	19	12
10/12/2023	Jd. Fortaleza III	4	8	4	3
10/12/2023	Soberana I	18	20	13	14
10/12/2023	Orquidiama	9	8	4	9
10/12/2023	Pq. Residencial Bambi	11	11	21	17
10/12/2023	Jd. Maria Dirce	13	8	16	11
11/12/2023	Jd. Maria Dirce	5	8	11	9
17/12/2023	Soberana II	10	11	14	12
17/12/2023	Vila São João	5	5	19	9
17/12/2023	Jd. Novo Portugal	30	22	21	29
17/12/2023	Jd. Hanna	9	12	17	19
17/12/2023	Jd. Novo Portugal	30	22	21	29
17/12/2023	Jd. Lavras	27	31	16	17
17/12/2023	Maria Paula	7	3	18	14
17/12/2023	Jd. Fátima	17	14	11	17
17/12/2023	Jd. Pres. Dutra	109	73	35	26
17/12/2023	Vila São José	11	10	22	13
17/12/2023	Jd. Munira	17	21	16	17
17/12/2023	Jd. Álamo	18	10	14	16
17/12/2023	Jd. Ponte Alta II	8	11	4	5
17/12/2023	Soberana I	19	12	15	9
17/12/2023	Jd. St. Paula	6	7	12	14
17/12/2023	Orquidiama	9	8	6	9
17/12/2023	Jd. Lenize	13	7	12	6
17/12/2023	Jd. Fortaleza II	3	4	11	3
17/12/2023	Jd. Fortaleza III	6	9	11	7
17/12/2023	Inocoop I	16	13	22	14
17/12/2023	Pq. Santos Dumont	17	18	16	14
17/12/2023	Jd. Fortaleza	15	12	9	6
17/12/2023	Jd. Ponte Alta	16	10	3	12
17/12/2023	Vila União	6	2	4	3
17/12/2023	Pq. Residencial Bambi	10	12	26	22
17/12/2023	Vila Carmela	31	44	17	12
17/12/2023	Inocoop II	16	13	5	10
17/12/2023	Jd. Vila Rica	9	16	11	16
17/12/2023	Jd. Maria Dirce	9	9	12	8
21/12/2023	Soberana II	10	16	11	16
21/12/2023	Jd. Lavras	21	20	16	14
24/12/2023	Jd. Novo Portugal	31	18	22	35
24/12/2023	Jd. Hanna	8	10	15	14
24/12/2023	Maria Paula	6	5	17	12
24/12/2023	Jd. Fortaleza	12	6	8	3
24/12/2023	Inocoop I	16	15	18	20
24/12/2023	Jd. Fátima	17	15	12	18
24/12/2023	Jd. Pres. Dutra	15	14	18	17
24/12/2023	Jd. Vila Rica	6	10	6	7
24/12/2023	Jd. Álamo	11	6	9	7
24/12/2023	Jd. St. Paula	4	6	12	8
24/12/2023	Vila São José	08	12	13	10
24/12/2023	Jd. Munira	22	20	18	21
24/12/2023	Jd. Fortaleza II	6	7	10	4
24/12/2023	Jd. Ponte Alta II	14	12	4	5
24/12/2023	Jd. Lenize	12	6	8	7
24/12/2023	Jd. Fortaleza III	6	6	12	12
24/12/2023	Vila União	11	4	7	5
24/12/2023	Orquidiama	9	8	4	5
24/12/2023	Pq. Residencial Bambi	12	14	19	20
24/12/2023	Jd. Ponte Alta	14	8	6	11
24/12/2023	Vila Nova Bonsucesso	32	24	15	19
24/12/2023	Pq. Santos Dumont	17	11	14	14
24/12/2023	Inocoop II	11	14	5	7
24/12/2023	Soberana I	21	16	10	12
24/12/2023	Vila Carmela	19	22	12	11
30/12/2023	Soberana II	08	16	10	12
31/12/2023	Soberana II	08	14	14	12
31/12/2023	Jd. Novo Portugal	35	23	26	30
31/12/2023	Jd. Hanna	12	15	22	20
31/12/2023	Jd. Munira	17	08	21	17
31/12/2023	Jd. Lavras	20	25	14	13
31/12/2023	Maria Paula	7	7	22	21
31/12/2023	Jd. Maria Dirce	7	8	12	3
31/12/2023	Pq. Residencial Bambi	6	7	12	17
31/12/2023	Jd. Fátima	15	15	17	18
31/12/2023	Jd. Pres. Dutra	29	21	20	14
31/12/2023	Jd. Vila Rica	9	8	8	11
31/12/2023	Cid. Nova Soberana	12	12	8	5
31/12/2023	Jd. Fortaleza II	4	6	10	4
31/12/2023	Vila União	6	5	6	3
31/12/2023	Jd. Fortaleza III	6	14	6	3
31/12/2023	Inocoop II	9	12	7	11
31/12/2023	Pq. Santos Dumont	15	12	11	13
31/12/2023	Orquidiama	9	11	4	9
31/12/2023	Soberana I	18	12	12	19
31/12/2023	Jd. Ponte Alta	11	12	5	10
31/12/2023	Jd. Álamo	12	10	5	7
31/12/2023	Vila Carmela	26	26	20	14
31/12/2023	Jd. St. Paula	8	5	4	7
31/12/2023	Jd. Fortaleza	13	7	7	10
31/12/2023	Vila Nova Bonsucesso	12	11	7	8
07/01/2024	Vila São João	10	5	12	9
07/01/2024	Jd. Triunfo	10	12	05	03
07/01/2024	Jd. Maria Dirce	10	7	10	9
07/01/2024	Soberana II	10	13	14	15
07/01/2024	Vila São José	12	07	12	16
07/01/2024	Jd. Munira	28	19	19	20
07/01/2024	Jd. Fátima	19	17	13	16
07/01/2024	Jd. Lenize	23	21	33	25
07/01/2024	Jd. Novo Portugal	31	21	24	26
07/01/2024	Jd. Pres. Dutra	38	24	27	20
07/01/2024	Inocoop I	20	20	40	17
07/01/2024	Jd. Hanna	10	15	20	22
07/01/2024	Pq. Santos Dumont	9	12	18	16
07/01/2024	Pq. Santos Dumont	9	12	18	16
07/01/2024	Pq. Santos Dumont	9	12	18	16
07/01/2024	Jd. Fortaleza III	9	5	7	8
07/01/2024	Jd. Álamo	17	14	12	11
07/01/2024	Jd. St. Paula	10	11	5	5
07/01/2024	Jd. Ponte Alta II	8	13	4	7
07/01/2024	Vila União	5	3	8	6
07/01/2024	Inocoop II	16	15	7	17
07/01/2024	Orquidiama	8	10	5	6
07/01/2024	Jd. Lavras	17	27	18	22
07/01/2024	Soberana I	20	18	15	14
07/01/2024	Vila Carmela	29	38	24	20
07/01/2024	Jd. Ponte Alta	17	10	8	14
07/01/2024	Pq. Residencial Bambi	10	13	16	19
07/01/2024	Maria Paula	7	7	20	15
07/01/2024	Vila Nova Bonsucesso	19	20	5	7
07/01/2024	Jd. Fortaleza	15	15	7	8
07/01/2024	Jd. Triunfo	7	10	6	6
14/01/2024	Jd. Novo Portugal	0	0	0	0
14/01/2024	Jd. Triunfo	06	09	07	02
14/01/2024	Soberana II	11	10	15	12
14/01/2024	Vila São José	13	08	13	13
14/01/2024	Jd. Munira	18	20	10	15
14/01/2024	Jd. Fátima	15	16	13	13
14/01/2024	Jd. Lenize	12	8	33	21
14/01/2024	Jd. Maria Dirce	7	4	8	11
14/01/2024	Jd. Pres. Dutra	15	30	27	18
14/01/2024	Jd. Vila Rica	9	12	7	18
14/01/2024	Jd. Fortaleza	13	13	12	10
14/01/2024	Inocoop I	17	16	24	22
14/01/2024	Jd. St. Paula	7	4	12	16
14/01/2024	Jd. Ponte Alta II	14	18	9	16
14/01/2024	Cid. Nova Soberana	27	27	13	26
14/01/2024	Jd. Hanna	10	15	19	19
14/01/2024	Vila São João	10	9	12	8
14/01/2024	Soberana I	18	12	14	12
14/01/2024	Pq. Residencial Bambi	11	14	25	23
14/01/2024	Maria Paula	13	09	16	15
14/01/2024	Orquidiama	7	8	1	3
14/01/2024	Jd. Lavras	27	27	13	26
14/01/2024	Pq. Santos Dumont	28	26	9	6
14/01/2024	Jd. Fortaleza III	4	8	6	10
14/01/2024	Jd. Álamo	16	13	14	8
14/01/2024	Vila União	7	5	11	3
14/01/2024	Jd. Ponte Alta	15	11	7	15
14/01/2024	Inocoop II	13	19	06	17
14/01/2024	Vila Nova Bonsucesso	28	22	10	12
14/01/2024	Vila Carmela	19	18	17	6
19/01/2024	Jd. Fortaleza II	7	7	9	7
19/01/2024	Jd. Fortaleza	20	19	6	9
21/01/2024	Vila Nova Bonsucesso	0	0	0	0
21/01/2024	Jd. Triunfo	08	12	05	04
21/01/2024	Jd. Ponte Alta II	16	12	9	10
21/01/2024	Soberana II	28	32	30	20
21/01/2024	Inocoop I	19	16	26	19
21/01/2024	Vila São José	8	9	18	18
21/01/2024	Jd. Álamo	16	10	14	15
21/01/2024	Jd. Fortaleza III	8	10	5	11
21/01/2024	Jd. Hanna	7	12	11	7
21/01/2024	Vila São João	5	3	20	8
21/01/2024	Jd. Munira	25	21	24	23
21/01/2024	Vila União	6	5	12	9
21/01/2024	Jd. Fátima	21	11	12	15
21/01/2024	Jd. Lenize	12	11	26	24
21/01/2024	Jd. Pres. Dutra	16	25	25	14
21/01/2024	Pq. Santos Dumont	15	15	10	10
21/01/2024	Jd. Maria Dirce	8	10	12	11
21/01/2024	Jd. Novo Portugal	36	21	21	26
21/01/2024	Jd. St. Paula	8	7	25	25
21/01/2024	Jd. Pres. Dutra	16	25	25	14
21/01/2024	Jd. Vila Rica	7	10	12	14
21/01/2024	Maria Paula	30	28	17	13
21/01/2024	Jd. Fortaleza II	8	4	5	8
21/01/2024	Soberana I	25	23	29	14
21/01/2024	Vila São João	5	3	20	8
21/01/2024	Inocoop II	20	20	12	11
21/01/2024	Pq. Residencial Bambi	10	7	12	15
21/01/2024	Orquidiama	8	6	7	7
21/01/2024	Vila Carmela	22	25	12	11
21/01/2024	Jd. Ponte Alta	10	7	3	11
21/01/2024	Jd. Fortaleza	14	7	14	6
26/01/2024	Jd. Fortaleza	13	13	6	7
28/01/2024	Jd. Triunfo	09	11	06	05
28/01/2024	Soberana II	10	15	13	14
28/01/2024	Inocoop I	31	32	30	21
28/01/2024	Vila São José	15	06	18	16
28/01/2024	Jd. Álamo	17	12	13	12
28/01/2024	Maria Paula	10	9	23	16
28/01/2024	Jd. Hanna	7	6	15	16
28/01/2024	Vila São João	4	5	7	8
28/01/2024	Jd. Munira	16	15	14	14
28/01/2024	Jd. Vila Rica	6	11	8	14
28/01/2024	Jd. Fátima	24	21	10	07
28/01/2024	Jd. Pres. Dutra	20	34	32	21
28/01/2024	Jd. Ponte Alta II	14	16	6	11
28/01/2024	Jd. Fortaleza	11	19	11	9
28/01/2024	Jd. St. Paula	10	5	17	16
28/01/2024	Inocoop II	35	40	12	21
28/01/2024	Cid. Nova Soberana	32	30	25	33
28/01/2024	Orquidiama	9	6	9	11
28/01/2024	Jd. Lenize	16	12	17	15
28/01/2024	Vila Nova Bonsucesso	35	31	21	21
28/01/2024	Jd. Fortaleza III	7	4	7	8
28/01/2024	Jd. Ponte Alta	16	11	8	14
28/01/2024	Pq. Residencial Bambi	10	14	22	13
28/01/2024	Pq. Santos Dumont	24	18	12	7
28/01/2024	Vila União	6	5	12	9
28/01/2024	Soberana I	16	19	13	8
28/01/2024	Vila Carmela	25	35	19	22
28/01/2024	Jd. Maria Dirce	11	11	14	11
04/02/2024	Jd. Vila Rica	6	10	6	10
04/02/2024	Jd. Novo Portugal	23	22	26	31
04/02/2024	Jd. Triunfo	11	10	07	05
04/02/2024	Jd. Lenize	17	15	26	19
04/02/2024	Jd. Munira	20	15	15	18
04/02/2024	Vila São José	17	08	29	22
04/02/2024	Jd. Fortaleza III	7	9	9	6
04/02/2024	Inocoop I	30	24	36	24
04/02/2024	Soberana II	10	16	10	13
04/02/2024	Soberana II	08	14	14	12
04/02/2024	Vila Nova Bonsucesso	20	18	10	13
04/02/2024	Vila São João	7	5	17	11
04/02/2024	Inocoop I	34	28	41	29
04/02/2024	Jd. Pres. Dutra	14	31	32	20
04/02/2024	Jd. St. Paula	8	7	15	21
04/02/2024	Jd. Fátima	19	21	15	12
04/02/2024	Jd. Álamo	16	12	9	13
04/02/2024	Jd. Munira	20	15	15	18
04/02/2024	Jd. Fortaleza II	6	6	11	12
04/02/2024	Vila União	8	4	12	2
04/02/2024	Pq. Residencial Bambi	9	14	29	25
04/02/2024	Pq. Santos Dumont	25	21	12	8
04/02/2024	Vila Carmela	26	19	22	14
04/02/2024	Soberana I	19	22	22	10
04/02/2024	Jd. Hanna	6	7	11	15
04/02/2024	Jd. Lavras	28	37	31	30
04/02/2024	Inocoop II	15	23	11	12
04/02/2024	Orquidiama	11	11	7	11
04/02/2024	Maria Paula	7	5	11	14
04/02/2024	Jd. Fortaleza	13	16	12	4
04/02/2024	Jd. Ponte Alta	16	10	5	22
04/02/2024	Jd. Maria Dirce	12	10	13	12
11/02/2024	Jd. Lavras	0	0	0	0
11/02/2024	Jd. Vila Rica	7	6	14	21
11/02/2024	Jd. Hanna	5	5	15	17
11/02/2024	Jd. Lavras	38	46	27	24
11/02/2024	Jd. Lenize	21	14	19	26
11/02/2024	Jd. Álamo	17	13	8	10
11/02/2024	Jd. Triunfo	05	08	05	01
11/02/2024	Jd. Munira	19	31	17	24
11/02/2024	Pq. Santos Dumont	22	18	13	9
11/02/2024	Vila São José	11	08	15	21
11/02/2024	Jd. Pres. Dutra	15	30	26	24
11/02/2024	Jd. Fátima	14	09	11	15
11/02/2024	Inocoop I	26	27	34	27
11/02/2024	Orquidiama	10	8	6	5
11/02/2024	Pq. Residencial Bambi	9	15	22	20
11/02/2024	Jd. St. Paula	6	8	21	14
11/02/2024	Jd. Fortaleza II	8	3	6	5
11/02/2024	Inocoop II	13	18	10	17
11/02/2024	Vila São João	8	9	18	8
11/02/2024	Vila União	5	6	12	3
11/02/2024	Maria Paula	8	6	7	10
11/02/2024	Jd. Ponte Alta II	15	13	11	14
11/02/2024	Jd. Ponte Alta II	16	17	7	16
11/02/2024	Soberana II	9	15	15	11
11/02/2024	Soberana II	15	14	10	11
11/02/2024	Jd. Fortaleza	13	10	9	12
11/02/2024	Vila Nova Bonsucesso	33	44	13	7
11/02/2024	Vila Carmela	24	18	22	18
11/02/2024	Jd. Fortaleza III	7	10	9	5
11/02/2024	Jd. Ponte Alta	13	7	6	11
11/02/2024	Soberana I	20	21	17	12
11/02/2024	Jd. Maria Dirce	10	10	6	9
18/02/2024	Jd. Hanna	5	5	15	17
18/02/2024	Maria Paula	10	4	15	9
18/02/2024	Jd. Triunfo	07	11	05	04
18/02/2024	Jd. Munira	14	14	14	19
18/02/2024	Pq. Santos Dumont	23	23	12	9
18/02/2024	Jd. Vila Rica	7	15	9	18
18/02/2024	Vila São José	32	24	35	29
18/02/2024	Soberana II	11	15	8	13
18/02/2024	Jd. Pres. Dutra	17	36	31	20
18/02/2024	Vila São João	12	5	12	9
18/02/2024	Jd. St. Paula	10	4	23	23
18/02/2024	Jd. Lenize	134	133	16	22
18/02/2024	Jd. Fátima	43	19	12	24
18/02/2024	Jd. Fortaleza II	5	6	4	6
18/02/2024	Pq. Residencial Bambi	10	16	12	18
18/02/2024	Jd. Fortaleza	15	12	13	16
18/02/2024	Orquidiama	10	6	7	12
18/02/2024	Jd. Lavras	24	37	27	29
18/02/2024	Jd. Lavras	24	37	27	29
18/02/2024	Jd. Álamo	19	13	12	10
18/02/2024	Inocoop I	35	30	31	23
18/02/2024	Soberana I	22	23	23	16
18/02/2024	Inocoop II	20	20	9	17
18/02/2024	Vila Carmela	27	27	27	18
18/02/2024	Vila Nova Bonsucesso	13	24	8	18
18/02/2024	Vila União	4	6	11	8
18/02/2024	Jd. Fortaleza III	9	11	8	4
18/02/2024	Jd. Ponte Alta	10	12	4	12
18/02/2024	Jd. Maria Dirce	10	9	13	12
23/02/2024	Jd. Lenize	17	12	19	13
25/02/2024	Jd. Lavras	41	23	30	18
25/02/2024	Jd. Fátima	12	10	10	18
25/02/2024	Maria Paula	25	21	11	21
25/02/2024	Jd. Lenize	21	20	11	25
25/02/2024	Orquidiama	11	7	3	6
25/02/2024	Cid. Nova Soberana	50	32	27	47
25/02/2024	Jd. Hanna	37	39	31	38
25/02/2024	Jd. St. Paula	18	21	19	21
25/02/2024	Jd. Munira	7	14	12	15
25/02/2024	Jd. Álamo	18	13	7	8
25/02/2024	Jd. Pres. Dutra	19	31	27	21
25/02/2024	Vila São José	09	08	15	13
25/02/2024	Jd. Fortaleza II	5	4	8	3
25/02/2024	Inocoop II	16	19	09	16
25/02/2024	Inocoop I	27	30	26	25
25/02/2024	Jd. Fortaleza	21	17	14	11
25/02/2024	Jd. Ponte Alta II	16	14	7	18
25/02/2024	Vila União	7	5	9	2
25/02/2024	Vila São João	8	5	9	7
25/02/2024	Pq. Residencial Bambi	21	29	27	34
25/02/2024	Jd. Fortaleza III	6	8	8	9
25/02/2024	Vila Nova Bonsucesso	29	24	11	19
25/02/2024	Pq. Santos Dumont	22	27	14	14
25/02/2024	Soberana I	19	16	14	16
25/02/2024	Jd. Ponte Alta	17	18	5	11
25/02/2024	Vila Carmela	28	39	17	12
25/02/2024	Jd. Vila Rica	5	7	12	17
25/02/2024	Jd. Maria Dirce	7	5	11	12
03/03/2024	Jd. Triunfo	07	08	06	03
03/03/2024	Jd. Vila Rica	12	17	21	16
03/03/2024	Jd. Lavras	26	37	14	26
03/03/2024	Jd. Lavras	26	37	14	26
03/03/2024	Jd. Lenize	17	15	26	19
03/03/2024	Jd. Novo Portugal	27	22	21	18
03/03/2024	Jd. Fátima	28	27	12	17
03/03/2024	Maria Paula	8	5	6	11
03/03/2024	Jd. Pres. Dutra	22	32	28	19
03/03/2024	Jd. St. Paula	8	8	18	17
03/03/2024	Jd. Novo Portugal	37	32	20	24
03/03/2024	Jd. Fortaleza II	7	3	7	3
03/03/2024	Vila São João	12	7	15	09
03/03/2024	Jd. Fortaleza	17	17	17	12
03/03/2024	Vila São José	12	11	19	25
03/03/2024	Jd. Ponte Alta II	15	16	6	14
03/03/2024	Vila União	6	6	12	2
03/03/2024	Orquidiama	9	6	4	6
03/03/2024	Pq. Residencial Bambi	10	15	17	24
03/03/2024	Jd. Álamo	18	17	14	4
03/03/2024	Jd. Ponte Alta	15	14	6	10
03/03/2024	Soberana I	22	25	30	13
03/03/2024	Pq. Santos Dumont	28	26	12	14
03/03/2024	Vila Nova Bonsucesso	24	28	10	17
03/03/2024	Jd. Hanna	5	5	23	19
03/03/2024	Inocoop I	32	34	38	23
03/03/2024	Inocoop II	15	20	12	20
03/03/2024	Jd. Fortaleza III	6	10	12	8
03/03/2024	Jd. Munira	20	19	19	23
03/03/2024	Vila Carmela	26	26	24	12
03/03/2024	Jd. Maria Dirce	11	7	6	13
03/03/2024	Vila Nova Bonsucesso	24	28	11	15
03/03/2024	Cid. Nova Soberana	50	32	27	47
10/03/2024	Inocoop I	0	0	0	0
10/03/2024	Jd. Triunfo	06	06	05	02
10/03/2024	Jd. Pres. Dutra	12	32	22	17
10/03/2024	Jd. Lavras	31	49	32	25
10/03/2024	Soberana II	8	14	13	12
10/03/2024	Jd. Ponte Alta	14	14	5	6
10/03/2024	Jd. Munira	15	18	15	13
10/03/2024	Jd. Novo Portugal	27	23	18	21
10/03/2024	Jd. Fátima	12	10	9	18
10/03/2024	Pq. Santos Dumont	24	23	15	10
10/03/2024	Jd. Vila Rica	5	10	8	23
10/03/2024	Maria Paula	17	13	18	13
10/03/2024	Jd. Fortaleza	14	11	12	10
10/03/2024	Jd. Álamo	29	17	12	10
10/03/2024	Jd. Lenize	14	11	18	17
10/03/2024	Orquidiama	11	8	6	15
10/03/2024	Jd. St. Paula	9	6	20	16
10/03/2024	Cid. Nova Soberana	28	44	26	34
10/03/2024	Jd. Ponte Alta II	16	11	13	18
10/03/2024	Jd. Fortaleza II	7	5	8	6
10/03/2024	Inocoop II	17	20	13	15
10/03/2024	Vila União	7	5	12	3
10/03/2024	Jd. Hanna	9	9	25	27
10/03/2024	Vila São João	11	5	19	8
10/03/2024	Vila Nova Bonsucesso	21	23	14	18
10/03/2024	Vila Carmela	25	44	23	12
10/03/2024	Vila São José	08	14	29	18
10/03/2024	Pq. Residencial Bambi	8	12	32	29
10/03/2024	Pq. Residencial Bambi	8	12	32	29
10/03/2024	Jd. Fortaleza III	5	11	4	4
10/03/2024	Soberana I	17	18	19	9
10/03/2024	Jd. Maria Dirce	10	14	9	11
17/03/2024	Inocoop I	29	33	35	28
17/03/2024	Jd. Álamo	0	0	0	0
17/03/2024	Jd. Pres. Dutra	0	0	0	0
17/03/2024	Jd. Álamo	0	0	0	0
17/03/2024	Jd. Triunfo	33	35	04	04
17/03/2024	Maria Paula	10	5	9	10
17/03/2024	Jd. Lavras	43	43	23	14
17/03/2024	Soberana II	8	13	15	12
17/03/2024	Jd. Munira	20	19	17	19
17/03/2024	Jd. Novo Portugal	23	15	19	16
17/03/2024	Jd. St. Paula	7	6	15	15
17/03/2024	Jd. Fortaleza	16	20	14	07
17/03/2024	Jd. Fátima	7	7	16	20
17/03/2024	Jd. Ponte Alta II	11	13	8	9
17/03/2024	Vila União	6	3	12	6
17/03/2024	Orquidiama	6	3	3	6
17/03/2024	Jd. Fortaleza II	7	7	8	6
17/03/2024	Jd. Ponte Alta	26	23	13	11
17/03/2024	Vila Carmela	62	55	30	30
17/03/2024	Vila São José	08	10	18	13
17/03/2024	Jd. Lenize	26	12	29	24
17/03/2024	Vila São João	8	4	17	10
17/03/2024	Pq. Residencial Bambi	12	14	22	30
17/03/2024	Jd. Hanna	5	4	17	13
17/03/2024	Pq. Santos Dumont	20	23	13	12
17/03/2024	Jd. Fortaleza III	9	9	7	3
17/03/2024	Soberana I	13	11	12	12
17/03/2024	Vila Nova Bonsucesso	17	19	14	10
17/03/2024	Jd. Vila Rica	7	8	7	14
17/03/2024	Jd. Maria Dirce	12	9	8	11
24/03/2024	Jd. Triunfo	48	51	15	07
24/03/2024	Maria Paula	7	4	6	10
24/03/2024	Jd. St. Paula	15	16	25	21
24/03/2024	Jd. Hanna	7	5	16	14
24/03/2024	Jd. Fátima	31	25	17	21
24/03/2024	Jd. Ponte Alta II	10	8	6	8
24/03/2024	Jd. Munira	8	9	9	11
24/03/2024	Jd. Pres. Dutra	16	27	14	12
24/03/2024	Jd. Fortaleza II	9	6	5	2
24/03/2024	Orquidiama	9	6	6	5
24/03/2024	Inocoop I	25	25	12	15
24/03/2024	Jd. Lenize	29	20	13	17
24/03/2024	Jd. Lenize	29	20	13	17
24/03/2024	Vila São João	7	2	5	2
24/03/2024	Jd. Novo Portugal	33	16	19	17
24/03/2024	Inocoop II	10	17	7	8
24/03/2024	Jd. Álamo	13	20	13	5
24/03/2024	Jd. Vila Rica	12	15	8	17
24/03/2024	Pq. Residencial Bambi	7	12	12	11
24/03/2024	Vila União	4	4	10	1
24/03/2024	Jd. Fortaleza	14	10	7	10
24/03/2024	Soberana I	17	17	15	13
24/03/2024	Cid. Nova Soberana	22	24	18	17
24/03/2024	Vila São José	7	6	10	16
24/03/2024	Pq. Santos Dumont	19	12	5	15
24/03/2024	Vila Carmela	21	29	11	8
24/03/2024	Jd. Fortaleza III	4	6	2	3
24/03/2024	Vila Nova Bonsucesso	25	21	13	12
24/03/2024	Jd. Ponte Alta	12	9	1	6
24/03/2024	Jd. Maria Dirce	9	10	9	11
07/04/2024	Soberana II	19	25	20	16
07/04/2024	Jd. Triunfo	11	18	04	03
07/04/2024	Jd. Fátima	18	7	12	15
07/04/2024	Maria Paula	8	7	16	18
07/04/2024	Jd. Lavras	29	24	26	25
07/04/2024	Orquidiama	7	8	6	8
07/04/2024	Jd. Novo Portugal	39	20	27	20
07/04/2024	Jd. Munira	15	19	08	11
07/04/2024	Jd. Vila Rica	14	14	16	16
07/04/2024	Jd. Lenize	10	10	12	13
07/04/2024	Vila São João	08	04	06	06
07/04/2024	Jd. Hanna	10	6	21	23
07/04/2024	Jd. Pres. Dutra	19	38	26	16
07/04/2024	Jd. Fortaleza II	7	6	7	5
07/04/2024	Jd. St. Paula	13	11	8	12
07/04/2024	Inocoop I	55	36	20	26
07/04/2024	Jd. Álamo	16	16	9	11
07/04/2024	Vila São José	12	13	23	26
07/04/2024	Cid. Nova Soberana	31	29	31	33
07/04/2024	Jd. Fortaleza	17	16	15	6
07/04/2024	Jd. Ponte Alta	14	11	6	13
07/04/2024	Pq. Santos Dumont	43	28	9	17
07/04/2024	Vila Nova Bonsucesso	29	30	11	19
07/04/2024	Pq. Residencial Bambi	11	9	16	24
07/04/2024	Jd. Ponte Alta II	13	14	9	9
07/04/2024	Vila União	10	6	10	4
07/04/2024	Vila Carmela	28	32	24	15
07/04/2024	Jd. Fortaleza III	5	11	5	4
07/04/2024	Soberana I	23	24	20	14
07/04/2024	Inocoop II	16	15	10	14
07/04/2024	Jd. Maria Dirce	12	9	13	7
14/04/2024	Inocoop I	29	35	31	26
14/04/2024	Soberana II	21	19	16	20
14/04/2024	Jd. Triunfo	06	08	05	03
14/04/2024	Jd. Fátima	13	16	17	17
14/04/2024	Jd. Novo Portugal	31	31	25	25
14/04/2024	Jd. Pres. Dutra	18	25	18	13
14/04/2024	Maria Paula	7	5	15	16
14/04/2024	Jd. Lavras	39	37	34	19
14/04/2024	Vila Nova Bonsucesso	21	25	11	16
14/04/2024	Pq. Santos Dumont	16	15	13	20
14/04/2024	Jd. Hanna	9	11	14	17
14/04/2024	Jd. Lenize	10	11	26	16
14/04/2024	Orquidiama	15	13	7	12
14/04/2024	Jd. Novo Portugal	25	25	31	31
14/04/2024	Jd. Álamo	23	12	11	10
14/04/2024	Jd. Munira	22	16	16	25
14/04/2024	Jd. Vila Rica	14	14	16	16
14/04/2024	Jd. St. Paula	15	18	11	13
14/04/2024	Pq. Residencial Bambi	9	12	19	26
14/04/2024	Jd. Fortaleza	16	15	14	9
14/04/2024	Vila São João	8	4	11	9
14/04/2024	Jd. Fortaleza II	4	5	7	6
14/04/2024	Jd. Ponte Alta	12	6	10	12
14/04/2024	Jd. Ponte Alta II	15	18	10	16
14/04/2024	Vila São José	09	09	19	18
14/04/2024	Inocoop II	15	21	7	13
14/04/2024	Vila Carmela	26	26	20	18
14/04/2024	Jd. Fortaleza III	9	9	5	4
14/04/2024	Vila União	5	6	8	1
14/04/2024	Soberana I	14	18	21	6
14/04/2024	Jd. Maria Dirce	8	12	14	9
21/04/2024	Inocoop I	34	28	33	23
21/04/2024	Soberana II	26	24	18	19
21/04/2024	Jd. Triunfo	07	11	01	01
21/04/2024	Jd. Fátima	21	17	11	11
21/04/2024	Soberana II	12	13	13	7
21/04/2024	Jd. Novo Portugal	25	20	27	20
21/04/2024	Jd. Pres. Dutra	22	31	28	20
21/04/2024	Maria Paula	8	3	20	15
21/04/2024	Jd. Lavras	40	39	32	17
21/04/2024	Orquidiama	8	7	6	9
21/04/2024	Cid. Nova Soberana	26	25	30	30
21/04/2024	Jd. St. Paula	8	8	21	26
21/04/2024	Vila Carmela	30	26	18	10
21/04/2024	Jd. Lenize	16	10	25	20
21/04/2024	Vila São João	07	04	13	07
21/04/2024	Inocoop II	15	16	9	11
21/04/2024	Jd. Hanna	6	6	19	22
21/04/2024	Jd. Ponte Alta II	11	12	6	9
21/04/2024	Jd. Fortaleza II	11	8	5	4
21/04/2024	Jd. Novo Portugal	26	11	19	19
21/04/2024	Jd. Fortaleza	15	8	12	8
21/04/2024	Jd. Ponte Alta	15	12	3	14
21/04/2024	Vila União	13	6	9	4
21/04/2024	Vila São José	08	09	13	10
21/04/2024	Inocoop II	15	16	10	11
21/04/2024	Pq. Santos Dumont	20	19	12	10
21/04/2024	Jd. Fortaleza III	9	9	8	3
21/04/2024	Pq. Residencial Bambi	10	13	26	27
21/04/2024	Jd. Álamo	17	17	13	15
21/04/2024	Soberana I	15	14	11	12
21/04/2024	Vila Nova Bonsucesso	9	5	3	8
21/04/2024	Jd. Vila Rica	9	17	10	14
21/04/2024	Jd. Maria Dirce	9	10	5	11
28/04/2024	Inocoop I	21	30	33	25
28/04/2024	Jd. Hanna	7	5	19	17
28/04/2024	Soberana II	25	25	19	17
28/04/2024	Jd. Triunfo	21	19	06	05
28/04/2024	Vila Carmela	36	28	24	14
28/04/2024	Jd. Novo Portugal	33	18	24	33
28/04/2024	Jd. Pres. Dutra	33	41	28	29
28/04/2024	Maria Paula	6	6	13	10
28/04/2024	Pq. Residencial Bambi	9	11	23	21
28/04/2024	Jd. Lavras	24	23	24	13
28/04/2024	Jd. Ponte Alta II	14	15	10	15
28/04/2024	Vila São João	7	3	8	9
28/04/2024	Jd. Lenize	38	29	25	21
28/04/2024	Jd. Fortaleza II	8	3	5	5
28/04/2024	Jd. Munira	17	14	24	33
28/04/2024	Orquidiama	10	9	11	8
28/04/2024	Jd. St. Paula	5	6	16	17
28/04/2024	Jd. Fortaleza	12	16	10	8
28/04/2024	Vila Nova Bonsucesso	22	21	11	16
28/04/2024	Pq. Santos Dumont	26	16	15	14
28/04/2024	Soberana I	21	15	18	15
28/04/2024	Vila São José	14	07	13	19
28/04/2024	Jd. Fortaleza III	10	8	8	4
28/04/2024	Jd. Ponte Alta	16	13	7	13
28/04/2024	Inocoop II	17	17	10	21
28/04/2024	Vila União	7	6	12	2
28/04/2024	Jd. Vila Rica	9	17	14	19
28/04/2024	Jd. Álamo	24	14	10	15
28/04/2024	Jd. Maria Dirce	10	8	8	9
05/05/2024	Inocoop I	80	121	26	27
05/05/2024	Jd. Fortaleza	0	0	0	0
05/05/2024	Jd. Pres. Dutra	0	0	0	0
05/05/2024	Soberana II	12	19	27	23
05/05/2024	Jd. Triunfo	06	08	04	03
05/05/2024	Jd. Fátima	15	10	13	13
05/05/2024	Jd. Lenize	12	11	22	26
05/05/2024	Jd. Munira	18	20	18	15
05/05/2024	Jd. Novo Portugal	26	24	32	31
05/05/2024	Jd. Maria Dirce	9	9	11	11
05/05/2024	Jd. Ponte Alta II	11	14	8	14
05/05/2024	Cid. Nova Soberana	26	29	29	32
05/05/2024	Jd. Fortaleza III	6	6	7	2
05/05/2024	Jd. Fortaleza II	8	10	14	4
05/05/2024	Jd. Fortaleza II	8	10	14	4
05/05/2024	Vila São José	11	7	19	17
05/05/2024	Orquidiama	10	7	7	12
05/05/2024	Jd. St. Paula	9	6	18	21
05/05/2024	Vila São João	9	3	11	9
05/05/2024	Jd. Hanna	8	9	17	18
05/05/2024	Inocoop II	18	15	15	16
05/05/2024	Vila Carmela	26	36	16	18
05/05/2024	Vila Nova Bonsucesso	25	20	9	13
05/05/2024	Pq. Santos Dumont	23	21	8	4
05/05/2024	Jd. Vila Rica	11	17	13	15
05/05/2024	Maria Paula	7	6	18	14
05/05/2024	Pq. Residencial Bambi	11	10	18	25
05/05/2024	Vila União	6	4	11	5
05/05/2024	Jd. Álamo	15	12	11	14
05/05/2024	Soberana I	17	9	15	7
05/05/2024	Jd. Ponte Alta	15	14	5	8
12/05/2024	Maria Paula	4	10	10	13
12/05/2024	Inocoop I	42	38	47	29
12/05/2024	Jd. Pres. Dutra	10	18	13	9
12/05/2024	Soberana II	23	20	17	17
12/05/2024	Jd. Triunfo	04	05	03	0
12/05/2024	Jd. Fátima	19	8	10	9
12/05/2024	Pq. Santos Dumont	24	18	12	16
12/05/2024	Jd. Lenize	11	13	20	26
12/05/2024	Jd. Munira	21	17	16	14
12/05/2024	Jd. St. Paula	7	5	20	15
12/05/2024	Jd. Álamo	8	8	1	3
12/05/2024	Vila São João	10	05	12	08
12/05/2024	Jd. Novo Portugal	18	15	21	24
12/05/2024	Jd. Fortaleza II	6	3	6	6
12/05/2024	Vila São José	13	7	12	10
12/05/2024	Orquidiama	8	7	3	6
12/05/2024	Jd. Hanna	6	4	7	10
12/05/2024	Inocoop II	12	19	13	18
12/05/2024	Vila Nova Bonsucesso	16	18	10	11
12/05/2024	Vila Carmela	25	23	14	14
12/05/2024	Jd. Fortaleza	18	9	8	14
12/05/2024	Jd. Ponte Alta II	13	14	8	9
12/05/2024	Jd. Fortaleza III	6	10	7	6
12/05/2024	Pq. Residencial Bambi	8	14	15	17
12/05/2024	Soberana I	17	18	14	15
12/05/2024	Jd. Lavras	22	28	20	23
12/05/2024	Jd. Vila Rica	12	17	7	14
12/05/2024	Jd. Ponte Alta	13	13	3	11
12/05/2024	Jd. Maria Dirce	9	8	6	5
12/05/2024	Vila União	8	5	2	2
12/05/2024	Jd. Novo Portugal	31	31	25	25
19/05/2024	Inocoop II	0	0	0	0
19/05/2024	Jd. Hanna	7	9	20	21
19/05/2024	Jd. Jade	4	11	3	3
19/05/2024	Inocoop I	30	33	36	30
19/05/2024	Jd. Pres. Dutra	18	25	23	13
19/05/2024	Jd. Lenize	9	6	9	7
19/05/2024	Soberana II	23	21	15	27
19/05/2024	Jd. Triunfo	05	06	02	03
19/05/2024	Jd. Fátima	31	17	15	16
19/05/2024	Pq. Santos Dumont	19	13	11	11
19/05/2024	Jd. Lenize	17	10	24	23
19/05/2024	Jd. Munira	16	18	13	16
19/05/2024	Jd. Fortaleza II	10	4	9	7
19/05/2024	Jd. Vila Rica	12	14	7	12
19/05/2024	Vila São José	13	14	33	31
19/05/2024	Vila União	12	6	7	4
19/05/2024	Jd. St. Paula	21	18	15	17
19/05/2024	Pq. Residencial Bambi	28	26	28	30
19/05/2024	Orquidiama	9	8	6	11
19/05/2024	Vila São João	10	06	22	10
19/05/2024	Jd. Fortaleza III	8	9	2	6
19/05/2024	Vila Nova Bonsucesso	24	19	11	18
19/05/2024	Soberana I	15	13	16	11
19/05/2024	Vila Carmela	39	47	20	20
19/05/2024	Maria Paula	8	9	16	18
19/05/2024	Jd. Ponte Alta	12	8	11	13
19/05/2024	Jd. Álamo	22	18	11	6
19/05/2024	Jd. Maria Dirce	12	8	10	6
19/05/2024	Jd. Novo Portugal	26	11	19	19
26/05/2024	Jd. Álamo	0	0	0	0
26/05/2024	Jd. Jade	4	8	2	6
26/05/2024	Jd. St. Paula	9	4	11	14
26/05/2024	Inocoop I	27	22	18	13
26/05/2024	Jd. Munira	13	8	16	11
26/05/2024	Pq. Residencial Bambi	6	12	9	8
26/05/2024	Jd. Lenize	9	6	9	7
26/05/2024	Vila São João	6	9	14	10
26/05/2024	Jd. Ponte Alta II	10	13	6	12
26/05/2024	Jd. Maria Dirce	10	11	7	4
26/05/2024	Soberana II	24	38	19	16
26/05/2024	Vila Carmela	12	14	5	7
26/05/2024	Jd. Fortaleza II	6	5	2	5
26/05/2024	Jd. Triunfo	09	10	05	04
26/05/2024	Jd. Lavras	17	16	12	15
26/05/2024	Jd. Novo Portugal	49	21	17	22
26/05/2024	Jd. Vila Rica	11	17	3	13
26/05/2024	Vila São José	11	12	4	7
26/05/2024	Jd. Pres. Dutra	9	17	14	15
26/05/2024	Inocoop II	12	15	7	8
26/05/2024	Jd. Fátima	19	15	6	9
26/05/2024	Jd. Hanna	15	23	13	16
26/05/2024	Pq. Santos Dumont	21	20	10	5
26/05/2024	Jd. Fortaleza III	8	14	7	4
26/05/2024	Soberana I	10	19	10	10
26/05/2024	Jd. Fortaleza	14	11	8	6
26/05/2024	Vila União	7	4	2	1
26/05/2024	Maria Paula	8	7	9	11
26/05/2024	Jd. Ponte Alta	12	7	4	12
02/06/2024	Jd. Fátima	0	0	0	0
02/06/2024	Jd. Hanna	5	5	21	20
02/06/2024	Jd. Fortaleza II	8	12	13	7
02/06/2024	Jd. Lavras	36	38	37	22
02/06/2024	Orquidiama	8	6	4	6
02/06/2024	Jd. Triunfo	11	13	09	06
02/06/2024	Soberana I	0	0	0	0
02/06/2024	Vila União	0	0	0	0
02/06/2024	Jd. Jade	6	9	4	2
02/06/2024	Jd. St. Paula	10	5	12	17
02/06/2024	Soberana II	18	23	17	14
02/06/2024	Inocoop I	32	32	30	22
02/06/2024	Jd. Novo Portugal	33	11	20	20
02/06/2024	Jd. Pres. Dutra	18	27	18	18
02/06/2024	Maria Paula	6	6	9	15
02/06/2024	Vila São João	8	8	9	8
02/06/2024	Jd. Munira	25	32	19	15
02/06/2024	Jd. Ponte Alta II	12	14	4	11
02/06/2024	Jd. Vila Rica	11	18	14	19
02/06/2024	Vila Nova Bonsucesso	23	22	9	15
02/06/2024	Vila Carmela	26	41	14	7
02/06/2024	Cid. Nova Soberana	25	30	28	23
02/06/2024	Vila São José	13	09	13	15
02/06/2024	Pq. Residencial Bambi	10	10	13	15
02/06/2024	Pq. Santos Dumont	12	12	6	9
02/06/2024	Inocoop II	20	20	10	15
02/06/2024	Jd. Fortaleza III	7	12	12	8
02/06/2024	Jd. Ponte Alta	18	9	10	15
02/06/2024	Jd. Fortaleza	12	16	8	9
02/06/2024	Jd. Álamo	21	19	9	6
09/06/2024	Jd. Hanna	7	5	23	25
09/06/2024	Jd. Fortaleza II	10	10	11	7
09/06/2024	Jd. Ponte Alta	0	0	0	0
09/06/2024	Jd. Triunfo	09	12	06	03
09/06/2024	Jd. Lenize	0	0	0	0
09/06/2024	Jd. Fátima	29	29	18	20
09/06/2024	Jd. Jade	4	9	3	4
09/06/2024	Jd. Novo Portugal	29	21	22	19
09/06/2024	Jd. Munira	19	17	14	17
09/06/2024	Jd. St. Paula	5	7	19	22
09/06/2024	Pq. Santos Dumont	18	20	10	15
09/06/2024	Soberana II	24	17	10	19
09/06/2024	Inocoop I	24	30	36	18
09/06/2024	Jd. Novo Portugal	29	21	22	19
09/06/2024	Orquidiama	8	10	5	7
09/06/2024	Jd. Pres. Dutra	17	30	25	19
09/06/2024	Vila São João	07	04	12	02
09/06/2024	Jd. Álamo	16	15	8	6
09/06/2024	Jd. Vila Rica	14	12	10	25
09/06/2024	Vila São José	10	11	24	19
09/06/2024	Vila Nova Bonsucesso	19	22	14	11
09/06/2024	Pq. Residencial Bambi	8	11	15	19
09/06/2024	Jd. Ponte Alta II	18	14	8	17
09/06/2024	Soberana I	20	20	17	12
09/06/2024	Vila Carmela	21	24	14	16
09/06/2024	Jd. Fortaleza III	9	12	8	6
09/06/2024	Jd. Lavras	22	30	21	20
09/06/2024	Vila União	10	7	7	1
09/06/2024	Inocoop II	17	09	08	10
09/06/2024	Maria Paula	9	9	10	14
09/06/2024	Jd. Fortaleza	15	9	6	17
16/06/2024	Cid. Nova Soberana	33	31	35	22
16/06/2024	Jd. Fortaleza II	8	6	8	4
16/06/2024	Maria Paula	9	6	17	16
16/06/2024	Jd. Lavras	40	42	22	33
16/06/2024	Jd. Triunfo	08	09	05	05
16/06/2024	Jd. Munira	0	0	0	0
16/06/2024	Jd. Fátima	17	12	20	14
16/06/2024	Jd. Jade	6	10	6	11
16/06/2024	Jd. St. Paula	20	15	14	17
16/06/2024	Pq. Residencial Bambi	11	12	17	23
16/06/2024	Pq. Santos Dumont	28	24	7	15
16/06/2024	Soberana II	17	19	14	19
16/06/2024	Jd. Novo Portugal	23	21	24	14
16/06/2024	Jd. Fortaleza III	6	6	5	3
16/06/2024	Jd. Pres. Dutra	17	24	25	12
16/06/2024	Jd. Vila Rica	12	17	16	17
16/06/2024	Vila São José	18	09	14	12
16/06/2024	Orquidiama	10	6	6	12
16/06/2024	Inocoop I	26	29	43	31
16/06/2024	Vila São João	13	07	20	03
16/06/2024	Jd. Lenize	16	11	18	16
16/06/2024	Pq. Residencial Bambi	11	12	17	23
16/06/2024	Jd. Hanna	6	7	18	11
16/06/2024	Vila União	8	4	9	6
16/06/2024	Jd. Ponte Alta II	23	32	10	17
16/06/2024	Jd. Fortaleza	14	7	7	4
16/06/2024	Soberana I	15	16	11	15
16/06/2024	Inocoop II	18	17	15	19
16/06/2024	Vila Carmela	29	45	19	12
16/06/2024	Vila Nova Bonsucesso	20	20	8	14
16/06/2024	Jd. Ponte Alta	13	8	5	16
16/06/2024	Jd. Álamo	18	17	5	8
16/06/2024	Jd. Maria Dirce	11	9	12	9
23/06/2024	Jd. Hanna	8	6	21	27
23/06/2024	Maria Paula	5	4	14	16
23/06/2024	Jd. Triunfo	12	14	07	05
23/06/2024	Jd. Fortaleza II	0	0	0	0
23/06/2024	Jd. Jade	0	0	0	0
23/06/2024	Jd. Ponte Alta	0	0	0	0
23/06/2024	Jd. Fátima	9	11	21	9
23/06/2024	Inocoop II	15	17	8	16
23/06/2024	Jd. Munira	12	8	17	25
23/06/2024	Jd. St. Paula	10	7	10	21
23/06/2024	Pq. Residencial Bambi	11	11	12	16
23/06/2024	Pq. Residencial Bambi	10	13	21	22
23/06/2024	Pq. Santos Dumont	19	18	9	11
23/06/2024	Jd. Fortaleza	7	6	12	13
23/06/2024	Soberana II	24	29	25	21
23/06/2024	Jd. Pres. Dutra	13	21	15	10
23/06/2024	Orquidiama	5	6	5	6
23/06/2024	Vila Carmela	20	20	24	15
23/06/2024	Vila Nova Bonsucesso	64	30	12	69
23/06/2024	Jd. Ponte Alta II	13	14	15	15
23/06/2024	Vila União	12	5	5	4
23/06/2024	Jd. Lenize	14	9	14	9
23/06/2024	Vila São João	07	04	09	03
23/06/2024	Jd. Álamo	20	14	9	9
23/06/2024	Inocoop I	43	34	27	20
23/06/2024	Jd. Fortaleza III	13	12	9	9
23/06/2024	Vila São José	11	06	10	16
23/06/2024	Jd. Vila Rica	17	19	13	24
23/06/2024	Soberana I	20	18	11	11
23/06/2024	Jd. Lavras	13	21	17	15
23/06/2024	Jd. Maria Dirce	13	7	9	9
30/06/2024	Jd. Hanna	10	8	19	25
30/06/2024	Jd. Fortaleza II	7	6	8	4
30/06/2024	Jd. Ponte Alta II	7	6	8	4
30/06/2024	Maria Paula	23	18	26	19
30/06/2024	Jd. Lavras	37	32	20	16
30/06/2024	Jd. Triunfo	21	19	07	06
30/06/2024	Jd. Fátima	12	6	17	14
30/06/2024	Jd. Jade	3	6	5	11
30/06/2024	Jd. Munira	15	4	11	13
30/06/2024	Jd. St. Paula	7	5	12	13
30/06/2024	Pq. Residencial Bambi	8	10	9	15
30/06/2024	Jd. Pres. Dutra	16	28	21	20
30/06/2024	Jd. Ponte Alta II	10	11	4	8
30/06/2024	Jd. Álamo	72	47	16	14
30/06/2024	Orquidiama	9	5	10	8
30/06/2024	Vila União	12	6	7	2
30/06/2024	Vila São João	13	07	27	15
30/06/2024	Jd. Fortaleza III	14	12	8	6
30/06/2024	Jd. Ponte Alta	11	8	4	15
30/06/2024	Vila Nova Bonsucesso	20	24	10	9
30/06/2024	Cid. Nova Soberana	21	22	15	21
30/06/2024	Vila Carmela	22	25	22	8
30/06/2024	Pq. Santos Dumont	27	26	15	10
30/06/2024	Vila São José	11	7	20	19
30/06/2024	Inocoop II	15	14	8	15
30/06/2024	Jd. Lenize	21	14	22	18
30/06/2024	Soberana I	12	21	17	10
30/06/2024	Jd. Vila Rica	11	14	11	15
30/06/2024	Inocoop I	14	25	31	23
30/06/2024	Jd. Lenize	17	12	12	10
30/06/2024	Soberana II	21	15	18	15
30/06/2024	Jd. Maria Dirce	8	11	4	7
07/07/2024	Vila Nova Bonsucesso	15	18	13	15
07/07/2024	Inocoop I	26	25	18	15
07/07/2024	Inocoop II	16	14	13	10
07/07/2024	Jd. St. Paula	5	7	19	18
07/07/2024	Jd. Lavras	21	19	18	17
07/07/2024	Soberana II	17	21	14	20
07/07/2024	Jd. Hanna	10	12	17	19
07/07/2024	Jd. Fortaleza III	15	16	8	7
07/07/2024	Jd. Triunfo	11	09	05	04
07/07/2024	Orquidiama	0	0	0	0
07/07/2024	Cid. Nova Soberana	0	0	0	0
07/07/2024	Maria Paula	0	0	0	0
07/07/2024	Jd. Fortaleza II	6	3	6	4
07/07/2024	Jd. Fátima	17	10	14	13
07/07/2024	Jd. Pres. Dutra	23	31	25	21
07/07/2024	Jd. Jade	6	5	7	8
07/07/2024	Vila Carmela	33	31	13	22
07/07/2024	Jd. Ponte Alta II	13	12	6	13
07/07/2024	Jd. Vila Rica	14	16	10	16
07/07/2024	Pq. Santos Dumont	28	22	10	12
07/07/2024	Jd. Ponte Alta	15	13	5	14
07/07/2024	Vila União	13	3	7	2
07/07/2024	Jd. Munira	21	15	14	10
07/07/2024	Jd. Fortaleza	12	9	3	5
07/07/2024	Inocoop I	28	32	28	29
07/07/2024	Vila União	13	3	7	2
07/07/2024	Jd. Álamo	17	21	4	6
07/07/2024	Pq. Residencial Bambi	11	13	13	26
07/07/2024	Vila São João	08	04	08	07
07/07/2024	Vila São José	11	10	13	13
07/07/2024	Jd. Lenize	15	15	8	6
07/07/2024	Soberana I	18	19	19	16
07/07/2024	Jd. Maria Dirce	13	11	12	11
14/07/2024	Jd. St. Paula	7	6	20	18
14/07/2024	Jd. Lavras	19	13	14	16
14/07/2024	Soberana II	25	12	18	14
14/07/2024	Jd. Hanna	7	10	18	22
14/07/2024	Orquidiama	10	9	4	5
14/07/2024	Jd. Triunfo	13	14	07	05
14/07/2024	Pq. Residencial Bambi	0	0	0	0
14/07/2024	Jd. Fortaleza II	8	7	9	3
14/07/2024	Jd. Fortaleza	14	18	9	9
14/07/2024	Jd. Fátima	9	17	18	13
14/07/2024	Jd. Pres. Dutra	11	16	17	13
14/07/2024	Jd. Jade	4	6	10	6
14/07/2024	Jd. Álamo	15	17	5	7
14/07/2024	Cid. Nova Soberana	22	21	20	20
14/07/2024	Vila Carmela	22	25	15	15
14/07/2024	Maria Paula	11	9	16	19
14/07/2024	Vila União	10	3	4	4
14/07/2024	Vila São João	09	04	11	04
14/07/2024	Inocoop I	32	38	19	25
14/07/2024	Jd. Ponte Alta II	14	13	2	13
14/07/2024	Inocoop II	15	17	11	15
14/07/2024	Jd. Lenize	17	10	13	11
14/07/2024	Vila São José	12	09	17	21
14/07/2024	Vila Nova Bonsucesso	18	25	13	10
14/07/2024	Jd. Fortaleza III	7	9	6	9
14/07/2024	Jd. Ponte Alta	12	8	7	15
14/07/2024	Jd. Vila Rica	13	16	13	9
14/07/2024	Soberana I	14	10	12	11
14/07/2024	Pq. Santos Dumont	11	16	4	3
14/07/2024	Jd. Maria Dirce	10	8	13	12
21/07/2024	Jd. Ponte Alta II	8	8	7	9
21/07/2024	Maria Paula	10	9	15	20
21/07/2024	Jd. Jade	7	8	6	5
21/07/2024	Jd. St. Paula	8	9	22	19
21/07/2024	Inocoop I	0	0	0	0
21/07/2024	Jd. Lavras	21	26	20	12
21/07/2024	Soberana II	19	13	7	10
21/07/2024	Jd. Hanna	18	19	25	23
21/07/2024	Jd. Hanna	12	15	19	20
21/07/2024	Jd. Novo Portugal	28	14	18	16
21/07/2024	Orquidiama	4	7	4	5
21/07/2024	Vila Nova Bonsucesso	0	0	0	0
21/07/2024	Jd. Triunfo	12	17	07	04
21/07/2024	Jd. Fortaleza	0	0	0	0
21/07/2024	Jd. Fortaleza II	10	8	11	8
21/07/2024	Jd. Fátima	10	12	12	9
21/07/2024	Jd. Vila Rica	14	18	7	15
21/07/2024	Jd. Maria Dirce	9	15	10	0
21/07/2024	Jd. Pres. Dutra	17	28	20	22
21/07/2024	Pq. Santos Dumont	10	14	9	2
21/07/2024	Jd. Ponte Alta	20	10	4	15
21/07/2024	Vila São José	15	12	29	19
21/07/2024	Jd. Álamo	16	19	12	7
21/07/2024	Inocoop II	60	63	6	12
21/07/2024	Jd. Fortaleza III	10	6	5	6
21/07/2024	Pq. Residencial Bambi	25	25	4	4
21/07/2024	Jd. Lenize	13	9	6	6
21/07/2024	Vila União	7	5	5	2
21/07/2024	Vila São João	07	03	09	01
21/07/2024	Vila Carmela	16	19	20	6
21/07/2024	Soberana I	19	8	13	12
28/07/2024	Jd. Ponte Alta II	0	0	0	0
28/07/2024	Jd. Jade	15	14	12	13
28/07/2024	Inocoop II	11	12	10	12
28/07/2024	Jd. Munira	22	18	14	16
28/07/2024	Jd. St. Paula	7	5	28	21
28/07/2024	Jd. Lavras	11	16	13	17
28/07/2024	Soberana II	17	10	15	11
28/07/2024	Jd. Hanna	6	9	20	22
28/07/2024	Pq. Residencial Bambi	8	10	15	24
28/07/2024	Vila Carmela	35	34	21	17
28/07/2024	Orquidiama	10	5	6	4
28/07/2024	Jd. Novo Portugal	41	21	35	29
28/07/2024	Jd. Triunfo	16	15	09	05
28/07/2024	Jd. Pres. Dutra	0	0	0	0
28/07/2024	Jd. Vila Rica	0	0	0	0
28/07/2024	Jd. Fortaleza II	7	5	8	6
28/07/2024	Jd. Fortaleza	9	8	10	16
28/07/2024	Cid. Nova Soberana	22	16	28	23
28/07/2024	Vila União	12	2	7	3
28/07/2024	Vila São João	19	14	16	09
28/07/2024	Jd. Ponte Alta	2	0	2	10
28/07/2024	Vila Nova Bonsucesso	26	26	16	24
28/07/2024	Jd. Lenize	20	12	16	14
28/07/2024	Jd. Fátima	21	14	14	13
28/07/2024	Pq. Santos Dumont	27	28	17	14
28/07/2024	Vila São José	13	08	16	17
28/07/2024	Soberana I	25	20	12	18
28/07/2024	Jd. Fortaleza III	10	7	6	7
28/07/2024	Inocoop I	44	37	22	29
28/07/2024	Maria Paula	11	6	16	15
28/07/2024	Jd. Álamo	22	20	9	8
28/07/2024	Jd. Maria Dirce	14	16	14	9
01/08/2024	Jd. Triunfo	13	12	02	02
04/08/2024	Jd. Ponte Alta II	9	8	9	10
04/08/2024	Vila São José	12	12	10	21
04/08/2024	Orquidiama	30	26	7	20
04/08/2024	Maria Paula	7	7	15	10
04/08/2024	Jd. Jade	9	12	5	6
04/08/2024	Jd. Munira	19	19	13	21
04/08/2024	Jd. St. Paula	18	17	18	17
04/08/2024	Inocoop I	1	1	1	1
04/08/2024	Soberana II	27	23	17	16
04/08/2024	Jd. Hanna	17	16	23	24
04/08/2024	Pq. Santos Dumont	30	29	9	5
04/08/2024	Inocoop II	16	17	11	13
04/08/2024	Jd. Vila Rica	15	15	11	11
04/08/2024	Jd. Lenize	19	13	16	17
04/08/2024	Inocoop II	16	18	14	15
04/08/2024	Vila Nova Bonsucesso	26	25	8	18
04/08/2024	Jd. Ponte Alta	11	10	6	12
04/08/2024	Vila União	11	8	8	2
04/08/2024	Jd. Fátima	14	18	24	16
04/08/2024	Jd. Pres. Dutra	24	30	26	24
04/08/2024	Jd. Fortaleza	22	21	12	9
04/08/2024	Pq. Residencial Bambi	10	7	13	26
04/08/2024	Soberana I	18	18	15	11
04/08/2024	Vila Carmela	20	31	22	18
04/08/2024	Jd. Álamo	16	17	14	9
04/08/2024	Vila São João	05	07	10	02
04/08/2024	Jd. Lavras	0	0	0	0
04/08/2024	Jd. Novo Portugal	0	0	0	0
04/08/2024	Inocoop I	0	0	0	0
04/08/2024	Jd. Triunfo	06	09	04	03
04/08/2024	Jd. Fortaleza II	11	9	13	11
04/08/2024	Jd. Maria Dirce	9	12	3	7
11/08/2024	Jd. Ponte Alta II	6	7	5	8
11/08/2024	Vila São José	11	09	14	14
11/08/2024	Maria Paula	7	6	6	10
11/08/2024	Jd. Vila Rica	7	14	4	12
11/08/2024	Soberana II	25	21	19	12
11/08/2024	Jd. Jade	6	5	5	7
11/08/2024	Jd. Munira	14	11	7	5
11/08/2024	Jd. Lavras	14	19	11	18
11/08/2024	Vila Nova Bonsucesso	15	29	8	8
11/08/2024	Jd. Álamo	14	13	2	10
11/08/2024	Jd. Pres. Dutra	11	22	7	8
11/08/2024	Jd. Hanna	22	20	23	22
11/08/2024	Jd. Lenize	34	25	34	28
11/08/2024	Orquidiama	5	8	2	1
11/08/2024	Pq. Santos Dumont	17	19	13	7
11/08/2024	Inocoop I	27	26	10	21
11/08/2024	Vila Carmela	20	25	10	4
11/08/2024	Cid. Nova Soberana	16	17	11	8
11/08/2024	Jd. Fátima	9	9	11	11
11/08/2024	Vila União	10	7	5	3
11/08/2024	Jd. Fortaleza	15	12	4	2
11/08/2024	Pq. Residencial Bambi	8	11	8	18
11/08/2024	Soberana I	15	11	6	12
11/08/2024	Inocoop II	17	13	07	10
11/08/2024	Jd. Fortaleza III	7	9	7	7
11/08/2024	Jd. Ponte Alta	10	7	4	8
11/08/2024	Vila São João	07	04	10	05
11/08/2024	Jd. Novo Portugal	18	11	15	13
11/08/2024	Jd. St. Paula	0	0	0	0
11/08/2024	Jd. Triunfo	08	05	04	01
11/08/2024	Jd. Fortaleza II	7	7	8	5
11/08/2024	Jd. Maria Dirce	11	12	11	6
18/08/2024	Jd. Ponte Alta II	9	12	8	11
18/08/2024	Vila São José	27	35	29	26
18/08/2024	Orquidiama	8	7	6	7
18/08/2024	Maria Paula	8	5	11	14
18/08/2024	Jd. Vila Rica	8	13	11	9
18/08/2024	Jd. Jade	8	6	8	16
18/08/2024	Jd. Fortaleza	15	7	10	12
18/08/2024	Inocoop II	18	17	9	12
18/08/2024	Jd. Munira	22	21	17	21
18/08/2024	Vila União	7	2	5	2
18/08/2024	Pq. Residencial Bambi	11	15	17	24
18/08/2024	Jd. St. Paula	9	7	27	17
18/08/2024	Jd. Pres. Dutra	14	30	23	19
18/08/2024	Jd. Lavras	25	36	16	33
18/08/2024	Vila Nova Bonsucesso	19	17	10	15
18/08/2024	Jd. Lenize	40	68	8	12
18/08/2024	Vila Carmela	30	39	24	13
18/08/2024	Jd. Fortaleza III	11	11	13	3
18/08/2024	Soberana I	22	15	12	15
18/08/2024	Jd. Fátima	18	14	26	18
18/08/2024	Inocoop I	15	20	46	27
18/08/2024	Jd. Ponte Alta	17	10	10	8
18/08/2024	Soberana II	24	21	18	10
18/08/2024	Jd. Álamo	30	22	8	5
18/08/2024	Vila São João	9	4	11	4
18/08/2024	Jd. Hanna	0	0	0	0
18/08/2024	Jd. Triunfo	11	10	08	03
18/08/2024	Jd. Fortaleza II	6	5	7	8
18/08/2024	Jd. Maria Dirce	10	11	5	5
18/08/2024	Jd. Novo Portugal	18	11	15	13
25/08/2024	Jd. Triunfo	20	23	2	05
25/08/2024	Jd. Ponte Alta II	13	16	9	12
25/08/2024	Vila São José	13	10	16	14
25/08/2024	Jd. Lavras	12	17	7	15
25/08/2024	Vila Nova Bonsucesso	26	27	10	15
25/08/2024	Maria Paula	6	3	13	13
25/08/2024	Jd. Novo Portugal	29	27	17	15
25/08/2024	Jd. Vila Rica	10	12	6	16
25/08/2024	Jd. Hanna	6	7	20	22
25/08/2024	Jd. Hanna	7	5	15	20
25/08/2024	Soberana II	23	20	12	11
25/08/2024	Jd. St. Paula	8	7	13	16
25/08/2024	Jd. Lenize	21	16	26	23
25/08/2024	Orquidiama	15	7	6	8
25/08/2024	Jd. Jade	5	7	8	7
25/08/2024	Jd. Munira	20	11	10	5
25/08/2024	Inocoop I	38	30	18	15
25/08/2024	Jd. Pres. Dutra	12	24	14	9
25/08/2024	Jd. Fortaleza	31	26	08	11
25/08/2024	Pq. Santos Dumont	18	13	10	10
25/08/2024	Inocoop II	21	17	7	11
25/08/2024	Pq. Residencial Bambi	8	16	6	8
25/08/2024	Jd. Fortaleza III	5	7	4	5
25/08/2024	Soberana I	17	11	13	11
25/08/2024	Cid. Nova Soberana	22	19	14	10
25/08/2024	Jd. Álamo	16	23	4	3
25/08/2024	Jd. Fátima	23	11	16	15
25/08/2024	Vila União	8	7	5	1
25/08/2024	Jd. Ponte Alta	6	6	2	4
25/08/2024	Vila São João	07	05	08	05
25/08/2024	Vila Carmela	0	0	0	0
25/08/2024	Jd. Fortaleza II	6	4	9	8
25/08/2024	Jd. Maria Dirce	7	5	7	7
01/09/2024	Jd. Triunfo	09	10	3	06
01/09/2024	Jd. Munira	13	15	14	20
01/09/2024	Jd. Lenize	19	20	26	27
01/09/2024	Jd. Ponte Alta II	8	7	7	12
01/09/2024	Jd. Fortaleza II	7	10	6	6
01/09/2024	Vila São José	14	15	27	27
01/09/2024	Orquidiama	13	6	5	6
01/09/2024	Pq. Residencial Bambi	9	17	19	18
01/09/2024	Jd. Vila Rica	15	18	13	15
01/09/2024	Jd. Hanna	7	9	24	22
01/09/2024	Jd. Fortaleza	14	14	10	11
01/09/2024	Pq. Santos Dumont	17	18	17	8
01/09/2024	Soberana II	33	31	27	19
01/09/2024	Pq. São Luiz	4	2	13	8
01/09/2024	Jd. Pres. Dutra	12	25	17	17
01/09/2024	Maria Paula	7	7	14	15
01/09/2024	Vila Carmela	32	35	18	17
01/09/2024	Jd. St. Paula	8	7	15	15
01/09/2024	Jd. Lavras	27	28	23	18
01/09/2024	Inocoop II	17	24	7	18
01/09/2024	Jd. Lenize	14	9	23	13
01/09/2024	Jd. Ponte Alta	16	10	9	12
01/09/2024	Inocoop I	36	31	17	29
01/09/2024	Vila União	6	6	10	3
01/09/2024	Jd. Fortaleza III	12	7	11	12
01/09/2024	Soberana I	20	19	11	14
01/09/2024	Jd. Fátima	17	17	26	22
01/09/2024	Jd. Álamo	16	22	6	7
01/09/2024	Vila São João	07	04	10	05
01/09/2024	Vila Nova Bonsucesso	0	0	0	0
01/09/2024	Jd. Jade	8	7	8	7
01/09/2024	Jd. Maria Dirce	12	8	10	5
01/09/2024	Jd. Novo Portugal	28	14	18	12
08/09/2024	Jd. Triunfo	06	07	5	00
08/09/2024	Jd. Ponte Alta II	10	8	6	10
08/09/2024	Jd. Fortaleza II	9	7	11	8
08/09/2024	Vila São José	07	11	12	17
08/09/2024	Inocoop I	26	25	18	15
08/09/2024	Orquidiama	15	13	9	7
08/09/2024	Jd. Novo Portugal	29	16	13	17
08/09/2024	Cid. Nova Soberana	21	17	23	23
08/09/2024	Jd. Pres. Dutra	12	24	8	11
08/09/2024	Jd. St. Paula	16	16	11	12
08/09/2024	Pq. Residencial Bambi	11	11	9	13
08/09/2024	Jd. Munira	15	15	12	13
08/09/2024	Jd. Lavras	12	13	10	8
08/09/2024	Pq. Residencial Bambi	11	11	9	13
08/09/2024	Jd. Vila Rica	16	17	10	22
08/09/2024	Jd. Fortaleza	20	12	12	11
08/09/2024	Pq. São Luiz	4	4	10	8
08/09/2024	Vila Nova Bonsucesso	24	25	14	12
08/09/2024	Maria Paula	10	07	17	15
08/09/2024	Inocoop II	14	14	11	18
08/09/2024	Jd. Fortaleza III	9	9	2	3
08/09/2024	Jd. Lenize	9	14	19	13
08/09/2024	Vila União	6	3	10	1
08/09/2024	Soberana II	28	22	12	10
08/09/2024	Pq. Santos Dumont	24	25	17	11
08/09/2024	Jd. Ponte Alta	13	9	7	11
08/09/2024	Soberana I	17	17	9	11
08/09/2024	Jd. Fátima	21	13	12	13
08/09/2024	Jd. Álamo	20	21	10	10
08/09/2024	Vila Carmela	0	0	0	0
08/09/2024	Vila São João	08	04	11	09
08/09/2024	Vila Carmela	0	0	0	0
08/09/2024	Jd. Jade	5	6	6	9
08/09/2024	Jd. Hanna	14	17	25	27
08/09/2024	Jd. Maria Dirce	9	13	6	10
08/09/2024	Jd. Jade	5	6	6	9
15/09/2024	Jd. Triunfo	08	11	2	00
15/09/2024	Vila Nova Bonsucesso	21	25	11	12
15/09/2024	Jd. Vila Rica	10	20	13	17
15/09/2024	Jd. Ponte Alta II	9	13	7	15
15/09/2024	Jd. Fortaleza II	5	5	3	3
15/09/2024	Vila São José	16	09	18	22
15/09/2024	Orquidiama	5	8	6	11
15/09/2024	Jd. Hanna	5	5	15	20
15/09/2024	Jd. Pres. Dutra	14	24	16	15
15/09/2024	Jd. St. Paula	13	18	13	16
15/09/2024	Jd. Fortaleza	17	19	3	7
15/09/2024	Pq. São Luiz	3	5	8	8
15/09/2024	Jd. Novo Portugal	27	24	18	19
15/09/2024	Vila União	7	6	7	5
15/09/2024	Vila Carmela	26	14	13	10
15/09/2024	Jd. Munira	42	33	12	21
15/09/2024	Jd. Fortaleza III	7	6	11	8
15/09/2024	Inocoop I	21	30	47	22
15/09/2024	Jd. Lavras	19	17	20	20
15/09/2024	Jd. Fortaleza	17	19	3	7
15/09/2024	Jd. Álamo	22	25	9	8
15/09/2024	Pq. Santos Dumont	21	22	7	3
15/09/2024	Soberana II	33	23	12	10
15/09/2024	Jd. Lenize	13	12	22	23
15/09/2024	Jd. Fátima	18	11	13	12
15/09/2024	Pq. Residencial Bambi	12	11	13	20
15/09/2024	Soberana I	16	15	7	14
15/09/2024	Inocoop II	14	11	11	14
15/09/2024	Maria Paula	07	03	06	12
15/09/2024	Jd. Ponte Alta	0	0	0	0
15/09/2024	Vila São João	07	08	12	06
15/09/2024	Jd. Jade	6	5	8	6
15/09/2024	Jd. Pres. Dutra	14	24	16	15
15/09/2024	Jd. Novo Portugal	27	24	18	19
15/09/2024	Jd. Maria Dirce	13	11	14	9
15/09/2024	Jd. Jade	6	5	8	6
22/09/2024	Vila Nova Bonsucesso	19	20	21	27
22/09/2024	Jd. Munira	13	19	13	19
22/09/2024	Soberana II	44	30	20	20
22/09/2024	Vila São José	16	09	12	15
22/09/2024	Jd. Triunfo	12	19	6	06
22/09/2024	Inocoop I	81	110	63	45
22/09/2024	Jd. Lenize	24	15	19	21
22/09/2024	Jd. St. Paula	16	16	20	16
22/09/2024	Jd. Fortaleza III	9	10	8	7
22/09/2024	Vila Carmela	26	25	17	24
22/09/2024	Pq. Santos Dumont	18	16	14	18
22/09/2024	Jd. Novo Portugal	31	13	23	39
22/09/2024	Vila São João	07	06	16	06
22/09/2024	Vila São João	07	06	16	06
22/09/2024	Inocoop II	18	21	11	17
22/09/2024	Jd. Fortaleza	15	10	7	5
22/09/2024	Jd. Fortaleza II	4	11	6	3
22/09/2024	Vila União	10	5	9	1
22/09/2024	Jd. Fátima	13	11	12	10
22/09/2024	Soberana I	16	22	8	15
22/09/2024	Jd. Vila Rica	16	11	14	13
22/09/2024	Jd. Ponte Alta	14	5	9	13
22/09/2024	Cid. Nova Soberana	25	19	28	15
22/09/2024	Jd. Álamo	28	22	10	15
22/09/2024	Vila Nova Bonsucesso	27	31	9	13
22/09/2024	Pq. São Luiz	4	5	10	8
22/09/2024	Jd. Lavras	0	0	0	0
22/09/2024	Jd. Jade	13	15	15	14
22/09/2024	Jd. Pres. Dutra	15	30	25	21
22/09/2024	Jd. Hanna	14	18	22	23
22/09/2024	Maria Paula	6	5	10	13
22/09/2024	Jd. Maria Dirce	10	10	13	7
22/09/2024	Jd. Jade	13	15	15	14
06/10/2024	Jd. Álamo	22	20	4	4
06/10/2024	Soberana I	18	17	13	15
06/10/2024	Vila União	8	6	7	2
06/10/2024	Jd. Fortaleza II	10	8	13	8
06/10/2024	Jd. Fortaleza III	12	11	10	7
06/10/2024	Pq. Santos Dumont	17	23	29	8
06/10/2024	Jd. Ponte Alta	13	12	9	13
06/10/2024	Pq. Residencial Bambi	15	18	14	18
06/10/2024	Inocoop II	15	17	5	13
06/10/2024	Vila Nova Bonsucesso	16	28	20	19
06/10/2024	Inocoop I	30	31	33	24
06/10/2024	Vila São José	15	11	16	11
06/10/2024	Jd. Lenize	11	8	9	4
06/10/2024	Jd. St. Paula	11	10	8	9
06/10/2024	Soberana II	44	33	32	22
06/10/2024	Jd. Triunfo	08	13	04	06
06/10/2024	Jd. Fortaleza	12	18	3	8
06/10/2024	Jd. Vila Rica	14	20	9	12
06/10/2024	Cid. Nova Soberana	19	19	20	24
06/10/2024	Vila São João	05	01	07	01
06/10/2024	Pq. São Luiz	7	5	7	6
06/10/2024	Jd. Pres. Dutra	16	30	18	14
06/10/2024	Maria Paula	8	4	5	8
06/10/2024	Orquidiama	5	6	4	5
06/10/2024	Jd. Munira	13	7	6	15
06/10/2024	Jd. Fátima	0	0	0	0
06/10/2024	Jd. Hanna	6	6	18	17
06/10/2024	Jd. Hanna	7	6	21	25
06/10/2024	Jd. Lavras	19	19	20	24
06/10/2024	Vila Carmela	0	0	0	0
06/10/2024	Jd. Jade	7	9	9	6
13/10/2024	Jd. Lavras	0	0	0	0
13/10/2024	Pq. São Luiz	5	4	11	11
13/10/2024	Jd. Fátima	19	14	23	18
13/10/2024	Soberana I	16	19	9	15
13/10/2024	Jd. Ponte Alta	15	13	7	12
13/10/2024	Vila São João	6	5	17	11
13/10/2024	Jd. Vila Rica	9	17	16	10
13/10/2024	Jd. Fortaleza II	8	4	7	9
13/10/2024	Pq. Residencial Bambi	10	17	17	7
13/10/2024	Vila União	8	8	10	1
13/10/2024	Jd. Fortaleza III	16	13	16	14
13/10/2024	Vila Carmela	26	20	15	5
13/10/2024	Inocoop II	16	13	9	17
13/10/2024	Jd. Fortaleza	16	15	7	8
13/10/2024	Jd. Triunfo	05	09	05	03
13/10/2024	Soberana II	22	33	11	22
13/10/2024	Vila São José	14	09	16	21
13/10/2024	Jd. Lenize	22	13	22	10
13/10/2024	Jd. St. Paula	9	7	12	17
13/10/2024	Jd. Novo Portugal	42	41	24	30
13/10/2024	Jd. Maria Dirce	12	8	8	11
13/10/2024	Inocoop I	33	28	22	19
13/10/2024	Jd. Pres. Dutra	15	26	24	22
13/10/2024	Orquidiama	12	9	7	13
13/10/2024	Maria Paula	5	6	13	14
13/10/2024	Jd. Álamo	17	20	10	8
13/10/2024	Jd. Munira	27	26	28	36
13/10/2024	Jd. Hanna	12	12	24	27
13/10/2024	Vila Nova Bonsucesso	20	20	12	17
13/10/2024	Jd. Jade	9	8	10	8
20/10/2024	Jd. Álamo	34	22	12	11
20/10/2024	Jd. Ponte Alta	8	11	5	6
20/10/2024	Jd. Fátima	8	16	24	9
20/10/2024	Jd. Maria Dirce	12	11	13	15
20/10/2024	Pq. Residencial Bambi	12	13	16	12
20/10/2024	Jd. Fortaleza III	7	6	2	3
20/10/2024	Jd. Vila Rica	9	10	3	7
20/10/2024	Soberana I	15	13	6	8
20/10/2024	Vila União	7	4	4	1
20/10/2024	Jd. Fortaleza II	9	5	9	4
20/10/2024	Pq. Santos Dumont	15	14	5	7
20/10/2024	Pq. São Luiz	6	4	7	5
20/10/2024	Vila São João	08	05	08	02
20/10/2024	Jd. Fortaleza	12	11	9	9
20/10/2024	Inocoop I	25	35	32	10
20/10/2024	Vila São José	16	07	17	15
20/10/2024	Jd. Triunfo	09	12	03	01
20/10/2024	Vila Nova Bonsucesso	15	18	9	9
20/10/2024	Cid. Nova Soberana	21	22	17	18
20/10/2024	Vila Carmela	28	23	11	9
20/10/2024	Jd. Lenize	8	10	27	27
20/10/2024	Soberana II	33	31	11	11
20/10/2024	Jd. Ponte Alta II	9	8	8	17
20/10/2024	Inocoop II	18	21	11	15
20/10/2024	Orquidiama	6	6	4	3
20/10/2024	Jd. Munira	12	4	5	8
20/10/2024	Jd. St. Paula	6	3	21	23
20/10/2024	Jd. Pres. Dutra	14	18	18	8
20/10/2024	Jd. Hanna	2	2	16	15
20/10/2024	Jd. Lavras	18	16	18	22
20/10/2024	Jd. Jade	6	6	7	7
20/10/2024	Maria Paula	8	8	19	17
27/10/2024	Jd. Maria Dirce	8	4	14	4
27/10/2024	Jd. Álamo	20	12	10	5
27/10/2024	Pq. Santos Dumont	17	15	11	6
27/10/2024	Jd. Vila Rica	13	19	11	15
27/10/2024	Vila São João	09	04	10	07
27/10/2024	Vila União	11	11	9	3
27/10/2024	Jd. Fortaleza III	13	11	7	9
27/10/2024	Pq. Residencial Bambi	17	15	17	19
27/10/2024	Inocoop I	13	30	28	21
27/10/2024	Jd. Ponte Alta II	12	8	9	15
27/10/2024	Jd. Ponte Alta II	12	9	10	15
27/10/2024	Jd. Ponte Alta	16	11	10	11
27/10/2024	Inocoop II	19	16	7	17
27/10/2024	Vila São José	10	08	17	11
27/10/2024	Jd. Pres. Dutra	17	25	20	15
27/10/2024	Orquidiama	11	11	5	3
27/10/2024	Jd. Munira	20	17	9	12
27/10/2024	Jd. Triunfo	10	08	03	05
27/10/2024	Jd. Fortaleza	16	21	9	11
27/10/2024	Jd. Fortaleza II	9	6	7	11
27/10/2024	Soberana I	16	19	24	19
27/10/2024	Jd. Novo Portugal	23	14	22	13
27/10/2024	Jd. St. Paula	5	6	14	14
27/10/2024	Vila Nova Bonsucesso	21	16	6	12
27/10/2024	Pq. São Luiz	6	4	12	10
27/10/2024	Jd. Fátima	0	0	0	0
27/10/2024	Jd. Lenize	22	16	24	16
27/10/2024	Jd. Hanna	5	4	13	18
27/10/2024	Jd. Lavras	21	21	17	24
27/10/2024	Cid. Nova Soberana	28	27	27	26
27/10/2024	Vila Carmela	0	0	0	0
27/10/2024	Jd. Jade	5	5	5	8
27/10/2024	Maria Paula	5	5	8	15
03/11/2024	Jd. Maria Dirce	11	9	10	8
03/11/2024	Jd. Álamo	26	20	9	8
03/11/2024	Jd. Vila Rica	9	14	12	10
03/11/2024	Jd. Fortaleza III	13	8	8	15
03/11/2024	Jd. Ponte Alta	12	7	5	8
03/11/2024	Jd. Fortaleza II	8	6	9	5
03/11/2024	Vila São João	12	06	13	08
03/11/2024	Soberana I	16	19	16	11
03/11/2024	Jd. Lenize	16	15	18	9
03/11/2024	Inocoop I	20	30	32	29
03/11/2024	Jd. Fátima	23	18	23	16
03/11/2024	Jd. Hanna	7	6	21	25
03/11/2024	Orquidiama	10	6	7	7
03/11/2024	Vila Nova Bonsucesso	16	15	7	8
03/11/2024	Vila União	8	3	7	1
03/11/2024	Jd. Novo Portugal	23	11	21	30
03/11/2024	Vila São José	16	07	18	09
03/11/2024	Pq. Residencial Bambi	11	14	19	14
03/11/2024	Inocoop II	13	13	11	13
03/11/2024	Jd. Lavras	24	23	23	28
03/11/2024	Jd. Triunfo	05	10	03	01
03/11/2024	Pq. Santos Dumont	15	16	7	6
03/11/2024	Cid. Nova Soberana	14	18	18	16
03/11/2024	Jd. Fortaleza	10	13	14	8
03/11/2024	Jd. Novo Portugal	23	11	21	30
03/11/2024	Jd. Ponte Alta II	12	8	6	17
03/11/2024	Jd. Jade	5	7	5	8
03/11/2024	Jd. St. Paula	6	4	16	13
03/11/2024	Jd. Munira	15	10	7	12
03/11/2024	Jd. Lavras	24	23	23	28
03/11/2024	Maria Paula	7	5	16	12
03/11/2024	Vila Carmela	22	18	18	18
03/11/2024	Pq. São Luiz	13	14	3	2
03/11/2024	Jd. Pres. Dutra	11	29	18	7
03/11/2024	Soberana II	22	33	11	11
10/11/2024	Vila Nova Bonsucesso	22	37	5	6
10/11/2024	Jd. Fátima	10	10	18	11
10/11/2024	Pq. São Luiz	6	3	7	4
10/11/2024	Soberana I	15	15	13	8
10/11/2024	Jd. Fortaleza III	7	7	2	7
10/11/2024	Vila São João	09	04	15	08
10/11/2024	Pq. Residencial Bambi	8	12	18	24
10/11/2024	Jd. Hanna	7	4	20	21
10/11/2024	Jd. Lenize	12	10	13	7
10/11/2024	Jd. Ponte Alta	13	12	9	15
10/11/2024	Inocoop I	35	40	31	26
10/11/2024	Vila São José	17	10	25	22
10/11/2024	Vila União	10	2	4	1
10/11/2024	Vila Carmela	31	32	22	17
10/11/2024	Jd. Fortaleza II	7	6	8	6
10/11/2024	Inocoop II	16	16	12	16
10/11/2024	Jd. Álamo	22	20	8	8
10/11/2024	Jd. Triunfo	12	10	03	05
10/11/2024	Pq. Santos Dumont	16	18	8	11
10/11/2024	Jd. Maria Dirce	7	4	11	9
10/11/2024	Jd. Ponte Alta II	16	12	7	13
10/11/2024	Jd. Jade	6	6	7	7
10/11/2024	Jd. Novo Portugal	30	15	18	32
10/11/2024	Jd. Vila Rica	11	12	11	12
10/11/2024	Jd. St. Paula	7	4	17	13
10/11/2024	Jd. Munira	22	21	19	24
10/11/2024	Jd. Lavras	22	21	18	26
10/11/2024	Maria Paula	6	4	9	12
10/11/2024	Jd. Pres. Dutra	13	21	17	8
10/11/2024	Jd. Lenize	12	18	9	12
10/11/2024	Jd. Fortaleza	12	18	9	12
10/11/2024	Soberana II	22	12	17	7
17/11/2024	Jd. Maria Dirce	8	9	11	6
17/11/2024	Jd. Ponte Alta	13	12	6	11
17/11/2024	Soberana I	16	18	17	13
17/11/2024	Pq. Residencial Bambi	16	15	19	13
17/11/2024	Vila União	7	5	8	1
17/11/2024	Vila São João	08	05	10	05
17/11/2024	Jd. Fortaleza II	5	7	6	7
17/11/2024	Vila São José	15	09	26	23
17/11/2024	Jd. Hanna	6	7	11	15
17/11/2024	Pq. Santos Dumont	12	15	18	8
17/11/2024	Jd. Lenize	16	9	18	13
17/11/2024	Inocoop I	29	33	29	28
17/11/2024	Cid. Nova Soberana	17	22	18	26
17/11/2024	Jd. Fortaleza III	13	8	2	6
17/11/2024	Vila Nova Bonsucesso	13	21	17	16
17/11/2024	Jd. Triunfo	32	26	05	08
17/11/2024	Jd. Ponte Alta II	12	8	9	24
17/11/2024	Orquidiama	5	4	5	7
17/11/2024	Jd. Álamo	25	13	10	5
17/11/2024	Jd. Jade	6	6	6	7
17/11/2024	Jd. Fátima	23	31	10	22
17/11/2024	Jd. Vila Rica	12	8	9	8
17/11/2024	Inocoop II	14	18	7	14
17/11/2024	Jd. St. Paula	8	6	24	21
17/11/2024	Jd. Munira	17	20	17	16
17/11/2024	Jd. Lavras	25	18	21	21
17/11/2024	Maria Paula	12	7	26	23
17/11/2024	Vila Carmela	31	32	22	17
17/11/2024	Pq. São Luiz	5	4	4	7
17/11/2024	Jd. Pres. Dutra	13	22	17	10
17/11/2024	Jd. Fortaleza	0	0	0	0
17/11/2024	Soberana II	45	33	23	11
24/11/2024	Jd. Maria Dirce	9	10	18	10
24/11/2024	Jd. Fátima	22	16	17	17
24/11/2024	Soberana I	18	17	12	15
24/11/2024	Vila São João	12	04	16	08
24/11/2024	Jd. Ponte Alta	14	9	11	15
24/11/2024	Jd. Fortaleza III	17	9	10	7
24/11/2024	Jd. Fortaleza II	8	9	12	5
24/11/2024	Vila São José	13	12	20	18
24/11/2024	Inocoop II	17	12	8	11
24/11/2024	Pq. Santos Dumont	26	20	11	8
24/11/2024	Vila União	9	9	7	5
24/11/2024	Jd. Lenize	19	18	25	13
24/11/2024	Jd. Vila Rica	15	22	13	13
24/11/2024	Inocoop I	24	30	32	26
24/11/2024	Jd. Fortaleza	13	16	9	11
24/11/2024	Cid. Nova Soberana	24	28	20	19
24/11/2024	Jd. Hanna	8	12	20	17
24/11/2024	Jd. St. Paula	6	5	17	21
24/11/2024	Vila Nova Bonsucesso	23	28	18	9
24/11/2024	Jd. Lavras	16	17	22	32
24/11/2024	Orquidiama	8	9	8	9
24/11/2024	Jd. Álamo	25	24	12	07
24/11/2024	Pq. Residencial Bambi	17	16	12	19
24/11/2024	Pq. São Luiz	6	4	6	8
24/11/2024	Jd. Triunfo	05	05	0	02
24/11/2024	Maria Paula	8	7	11	18
24/11/2024	Vila Carmela	25	26	18	24
24/11/2024	Pq. São Luiz	7	2	3	5
24/11/2024	Jd. Pres. Dutra	18	24	14	8
24/11/2024	Soberana II	23	28	12	44
24/11/2024	Jd. Jade	7	6	6	7
01/12/2024	Jd. Álamo	21	16	11	06
01/12/2024	Pq. Residencial Bambi	12	15	24	15
01/12/2024	Jd. Fátima	9	14	19	12
01/12/2024	Jd. Vila Rica	10	12	8	11
01/12/2024	Soberana I	14	12	13	14
01/12/2024	Jd. Lavras	26	22	17	34
01/12/2024	Jd. Ponte Alta	12	12	9	16
01/12/2024	Vila São João	08	05	13	07
01/12/2024	Jd. Fortaleza II	7	5	13	5
01/12/2024	Jd. Lenize	22	17	16	11
01/12/2024	Inocoop II	17	23	9	18
01/12/2024	Inocoop I	20	21	31	25
01/12/2024	Vila Carmela	26	20	22	17
01/12/2024	Vila São José	15	10	33	18
01/12/2024	Pq. Santos Dumont	15	13	9	8
01/12/2024	Vila União	9	6	8	2
01/12/2024	Jd. Fortaleza	20	21	11	13
01/12/2024	Jd. Novo Portugal	36	14	23	31
01/12/2024	Vila Nova Bonsucesso	14	9	9	8
01/12/2024	Jd. Hanna	15	14	16	20
01/12/2024	Jd. Fortaleza III	6	6	7	7
01/12/2024	Jd. Maria Dirce	8	6	9	7
01/12/2024	Cid. Nova Soberana	18	15	16	21
01/12/2024	Maria Paula	7	7	14	18
01/12/2024	Vila Carmela	26	20	22	17
01/12/2024	Jd. Pres. Dutra	13	34	12	10
01/12/2024	Jd. Munira	19	18	14	14
01/12/2024	Soberana II	33	11	19	10
01/12/2024	Jd. Jade	6	6	9	9
01/12/2024	Orquidiama	12	7	7	4
01/12/2024	Jd. St. Paula	10	8	15	20
01/12/2024	Pq. São Luiz	9	8	3	2
08/12/2024	Jd. Maria Dirce	9	7	12	7
08/12/2024	Inocoop II	20	22	05	09
08/12/2024	Jd. Lenize	34	29	13	17
08/12/2024	Cid. Nova Soberana	11	16	12	15
08/12/2024	Vila São João	08	02	13	03
08/12/2024	Pq. Residencial Bambi	13	18	18	19
08/12/2024	Jd. Fátima	19	10	14	13
08/12/2024	Jd. Triunfo	02	07	0	02
08/12/2024	Jd. Ponte Alta	15	14	9	9
08/12/2024	Jd. Álamo	14	15	11	6
08/12/2024	Pq. São Luiz	14	10	2	4
08/12/2024	Vila União	8	4	8	1
08/12/2024	Vila Carmela	20	25	22	15
08/12/2024	Vila São José	15	11	24	23
08/12/2024	Jd. Fortaleza II	10	9	4	2
08/12/2024	Jd. Hanna	11	11	14	27
08/12/2024	Jd. Lavras	17	51	12	22
08/12/2024	Inocoop I	24	26	27	16
08/12/2024	Jd. Vila Rica	12	15	9	10
08/12/2024	Soberana I	15	13	6	8
08/12/2024	Vila Nova Bonsucesso	0	0	0	0
08/12/2024	Pq. Santos Dumont	22	23	10	5
08/12/2024	Maria Paula	8	6	18	17
08/12/2024	Vila Carmela	28	35	26	23
08/12/2024	Jd. Munira	16	20	19	18
08/12/2024	Soberana II	11	10	16	11
08/12/2024	Jd. Pres. Dutra	16	28	19	15
08/12/2024	Jd. Jade	5	6	5	6
08/12/2024	Orquidiama	17	7	8	17
08/12/2024	Jd. St. Paula	11	9	14	16
08/12/2024	Jd. Fortaleza	34	29	13	17
08/12/2024	Jd. Novo Portugal	38	23	32	31
15/12/2024	Jd. Álamo	28	15	08	16
15/12/2024	Vila São João	05	03	04	01
15/12/2024	Inocoop II	17	22	09	09
15/12/2024	Jd. Fortaleza II	10	6	9	6
15/12/2024	Jd. Fátima	18	18	12	16
15/12/2024	Inocoop I	17	23	19	18
15/12/2024	Maria Paula	8	8	13	13
15/12/2024	Jd. Ponte Alta	12	11	8	6
15/12/2024	Vila União	9	5	6	1
15/12/2024	Soberana I	14	15	11	11
15/12/2024	Pq. São Luiz	10	3	3	8
15/12/2024	Pq. Residencial Bambi	19	26	23	19
15/12/2024	Cid. Nova Soberana	10	16	13	13
15/12/2024	Jd. Hanna	8	9	10	17
15/12/2024	Vila Carmela	23	24	23	8
15/12/2024	Jd. Pres. Dutra	20	37	30	20
15/12/2024	Vila São José	10	14	19	11
15/12/2024	Jd. Triunfo	13	09	02	01
15/12/2024	Pq. Santos Dumont	19	20	18	13
15/12/2024	Jd. Fortaleza	16	12	8	7
15/12/2024	Jd. Lavras	17	24	16	16
15/12/2024	Jd. Lenize	20	13	22	18
15/12/2024	Vila Nova Bonsucesso	0	0	0	0
15/12/2024	Jd. Maria Dirce	8	5	12	6
15/12/2024	Maria Paula	8	7	13	13
15/12/2024	Jd. Munira	17	14	12	10
15/12/2024	Soberana II	22	9	11	3
15/12/2024	Jd. Jade	5	5	4	7
15/12/2024	Orquidiama	6	7	5	6
15/12/2024	Jd. St. Paula	24	20	9	11
15/12/2024	Jd. Vila Rica	10	18	11	10
22/12/2024	Jd. Maria Dirce	8	4	6	4
22/12/2024	Vila Nova Bonsucesso	28	28	12	16
22/12/2024	Jd. Álamo	21	15	12	11
22/12/2024	Jd. Fátima	19	13	14	10
22/12/2024	Jd. Ponte Alta	15	16	6	5
22/12/2024	Vila São João	06	02	07	03
22/12/2024	Maria Paula	10	5	9	15
22/12/2024	Inocoop II	12	21	8	13
22/12/2024	Pq. São Luiz	16	4	5	10
22/12/2024	Vila São José	08	11	25	10
22/12/2024	Soberana I	13	18	15	10
22/12/2024	Cid. Nova Soberana	15	13	14	9
22/12/2024	Jd. Fortaleza	21	16	10	11
22/12/2024	Inocoop I	40	46	38	42
22/12/2024	Vila Carmela	26	25	19	20
22/12/2024	Jd. Lenize	20	15	17	11
22/12/2024	Jd. Ponte Alta	15	8	6	11
22/12/2024	Jd. Fortaleza II	7	9	8	6
22/12/2024	Jd. Fortaleza II	7	9	8	6
22/12/2024	Vila União	10	4	12	1
22/12/2024	Pq. Residencial Bambi	16	17	21	13
22/12/2024	Jd. Triunfo	04	09	05	03
22/12/2024	Jd. Lavras	20	23	11	19
22/12/2024	Pq. Santos Dumont	19	13	9	10
22/12/2024	Jd. Hanna	11	20	16	23
22/12/2024	Jd. Munira	18	15	13	20
22/12/2024	Vila Carmela	24	26	21	23
22/12/2024	Jd. Pres. Dutra	87	65	25	17
22/12/2024	Soberana II	22	22	33	12
22/12/2024	Jd. Ponte Alta II	11	11	17	16
22/12/2024	Jd. Jade	6	7	5	8
22/12/2024	Orquidiama	5	3	2	4
22/12/2024	Jd. St. Paula	8	6	15	16
22/12/2024	Jd. Vila Rica	15	15	11	10
29/12/2024	Jd. Fátima	14	16	20	15
29/12/2024	Vila Nova Bonsucesso	15	18	20	16
29/12/2024	Jd. Álamo	22	12	05	10
29/12/2024	Maria Paula	9	7	14	14
29/12/2024	Jd. Fortaleza II	5	6	0	3
29/12/2024	Soberana I	15	9	11	11
29/12/2024	Inocoop II	13	17	10	15
29/12/2024	Vila União	9	4	10	2
29/12/2024	Vila São João	08	03	12	05
29/12/2024	Jd. Hanna	7	8	24	17
29/12/2024	Jd. Lenize	10	9	11	8
29/12/2024	Jd. Ponte Alta	19	9	18	18
29/12/2024	Jd. Fortaleza II	5	8	10	8
29/12/2024	Pq. Santos Dumont	23	19	15	6
29/12/2024	Cid. Nova Soberana	13	16	9	14
29/12/2024	Vila São José	12	12	29	16
29/12/2024	Jd. Triunfo	08	06	05	03
29/12/2024	Jd. Maria Dirce	12	14	13	11
29/12/2024	Soberana II	22	23	44	44
29/12/2024	Pq. São Luiz	5	5	3	2
29/12/2024	Jd. Ponte Alta II	16	16	9	15
29/12/2024	Jd. Pres. Dutra	11	23	19	8
29/12/2024	Jd. Novo Portugal	34	39	32	21
29/12/2024	Vila Carmela	34	46	23	10
29/12/2024	Pq. Residencial Bambi	12	14	14	13
29/12/2024	Jd. Munira	21	19	13	16
29/12/2024	Jd. Fortaleza	16	23	8	17
29/12/2024	Jd. Lavras	17	18	23	25
29/12/2024	Inocoop I	13	36	24	25
29/12/2024	Jd. Jade	11	10	9	11
29/12/2024	Orquidiama	8	6	5	8
29/12/2024	Jd. Munira	21	20	13	14
29/12/2024	Jd. Novo Portugal	35	18	45	28
29/12/2024	Jd. St. Paula	6	5	14	19
29/12/2024	Jd. Vila Rica	12	15	8	12
05/01/2025	Vila Nova Bonsucesso	13	14	14	12
05/01/2025	Jd. Maria Dirce	9	5	9	6
05/01/2025	Inocoop II	19	22	06	15
05/01/2025	Pq. Residencial Bambi	23	20	7	10
05/01/2025	Maria Paula	07	06	05	14
05/01/2025	Soberana I	14	17	15	13
05/01/2025	Jd. Lenize	12	15	17	9
05/01/2025	Vila São José	11	11	27	22
05/01/2025	Vila União	9	5	6	6
05/01/2025	Vila Carmela	20	28	14	6
05/01/2025	Jd. Ponte Alta	17	10	11	13
05/01/2025	Vila São João	10	03	10	04
05/01/2025	Jd. Hanna	9	6	14	10
05/01/2025	Jd. Álamo	21	16	12	4
05/01/2025	Soberana II	8	12	10	7
05/01/2025	Jd. Lavras	20	19	16	27
05/01/2025	Inocoop I	30	45	39	37
05/01/2025	Jd. Fortaleza	21	18	7	12
05/01/2025	Pq. Santos Dumont	16	16	11	13
05/01/2025	Jd. Fortaleza II	14	6	8	8
05/01/2025	Jd. Fátima	17	15	10	9
05/01/2025	Jd. Jade	5	6	5	7
05/01/2025	Jd. Pres. Dutra	14	30	16	12
05/01/2025	Pq. São Luiz	6	2	6	6
05/01/2025	Vila Carmela	28	26	24	22
05/01/2025	Jd. Munira	22	6	18	25
05/01/2025	Jd. Novo Portugal	32	29	19	18
05/01/2025	Cid. Nova Soberana	10	17	17	9
05/01/2025	Jd. Vila Rica	8	11	8	10
05/01/2025	Jd. Triunfo	15	10	03	02
05/01/2025	Orquidiama	6	3	5	10
05/01/2025	Jd. St. Paula	11	10	14	12
05/01/2025	Jd. Ponte Alta II	12	8	10	15
05/01/2025	Jd. Lenize	15	11	19	10
05/01/2025	Jd. Novo Portugal	32	29	19	18
05/01/2025	Jd. Fortaleza III	4	5	6	4
05/01/2025	Maria Paula	07	06	05	14
12/01/2025	Jd. Álamo	22	16	11	08
12/01/2025	Vila São José	12	11	27	20
12/01/2025	Maria Paula	6	6	14	13
12/01/2025	Inocoop II	15	14	10	14
12/01/2025	Jd. Ponte Alta	11	12	8	12
12/01/2025	Soberana I	13	16	16	15
12/01/2025	Jd. Fátima	23	11	10	14
12/01/2025	Jd. Maria Dirce	8	10	13	7
12/01/2025	Vila União	11	6	8	5
12/01/2025	Cid. Nova Soberana	12	16	14	10
12/01/2025	Jd. Fortaleza III	7	6	7	4
12/01/2025	Vila Carmela	0	0	0	0
12/01/2025	Inocoop I	24	24	40	15
12/01/2025	Jd. Lavras	19	24	22	16
12/01/2025	Jd. Fortaleza II	14	17	13	6
12/01/2025	Jd. Hanna	6	11	21	26
12/01/2025	Pq. Santos Dumont	19	17	10	6
12/01/2025	Vila São João	05	07	06	0
12/01/2025	Jd. Lenize	15	12	20	23
12/01/2025	Jd. Vila Rica	12	14	8	16
12/01/2025	Jd. Triunfo	03	06	03	02
12/01/2025	Pq. São Luiz	8	2	4	5
12/01/2025	Orquidiama	9	8	7	5
12/01/2025	Jd. Fortaleza	27	22	19	16
12/01/2025	Jd. Pres. Dutra	14	34	20	14
12/01/2025	Pq. Residencial Bambi	22	21	8	9
12/01/2025	Jd. St. Paula	6	8	14	14
12/01/2025	Vila Carmela	0	0	0	0
12/01/2025	Jd. Ponte Alta II	12	7	10	16
12/01/2025	Vila Nova Bonsucesso	15	13	9	11
12/01/2025	Jd. Munira	22	18	17	15
12/01/2025	Soberana II	12	12	5	9
12/01/2025	Jd. Jade	17	12	8	7
19/01/2025	Jd. Maria Dirce	7	6	11	9
19/01/2025	Inocoop II	16	15	10	11
19/01/2025	Jd. Álamo	21	23	11	08
19/01/2025	Jd. Fátima	21	21	11	12
19/01/2025	Vila União	10	4	4	1
19/01/2025	Soberana I	11	4	17	11
19/01/2025	Pq. Residencial Bambi	13	8	18	16
19/01/2025	Jd. Vila Rica	9	14	8	12
19/01/2025	Cid. Nova Soberana	11	15	13	11
19/01/2025	Vila São João	08	02	13	02
19/01/2025	Inocoop I	20	28	33	26
19/01/2025	Vila Carmela	21	18	21	15
19/01/2025	Jd. Lavras	19	27	29	20
19/01/2025	Jd. Ponte Alta	13	10	13	10
19/01/2025	Jd. Pres. Dutra	14	32	20	14
19/01/2025	Jd. Lenize	15	12	8	12
19/01/2025	Jd. Triunfo	10	09	02	03
19/01/2025	Pq. Santos Dumont	13	16	9	10
19/01/2025	Jd. Hanna	13	13	19	19
19/01/2025	Vila Carmela	29	27	25	23
19/01/2025	Jd. Novo Portugal	34	16	30	26
19/01/2025	Vila São José	09	06	22	08
19/01/2025	Jd. Ponte Alta II	10	7	12	11
19/01/2025	Orquidiama	4	4	5	8
19/01/2025	Vila Nova Bonsucesso	17	13	12	11
19/01/2025	Pq. São Luiz	5	4	6	7
19/01/2025	Jd. Fortaleza II	7	7	9	7
19/01/2025	Jd. Fortaleza III	5	6	3	3
19/01/2025	Jd. Fortaleza	20	19	6	9
19/01/2025	Jd. Fortaleza	20	19	6	9
19/01/2025	Jd. St. Paula	6	10	25	30
19/01/2025	Soberana II	11	9	12	8
19/01/2025	Jd. Jade	7	8	6	7
26/01/2025	Inocoop II	18	20	10	19
26/01/2025	Jd. Fátima	72	54	19	10
26/01/2025	Vila São José	15	16	24	19
26/01/2025	Maria Paula	8	10	15	18
26/01/2025	Jd. Vila Rica	8	15	12	21
26/01/2025	Pq. Residencial Bambi	13	15	12	18
26/01/2025	Jd. Ponte Alta	12	14	9	12
26/01/2025	Pq. Santos Dumont	15	21	13	13
26/01/2025	Vila União	8	4	8	2
26/01/2025	Vila São João	09	03	14	04
26/01/2025	Jd. Fortaleza II	9	7	7	10
26/01/2025	Jd. Álamo	32	29	16	11
26/01/2025	Soberana I	17	12	16	15
26/01/2025	Inocoop I	23	39	24	36
26/01/2025	Jd. Fortaleza III	11	7	6	4
26/01/2025	Jd. Ponte Alta II	19	15	11	16
26/01/2025	Jd. Lenize	45	49	30	21
26/01/2025	Orquidiama	11	7	9	14
26/01/2025	Vila Nova Bonsucesso	18	18	12	15
26/01/2025	Vila Carmela	38	24	30	14
26/01/2025	Jd. Hanna	20	22	22	16
26/01/2025	Jd. Triunfo	11	09	02	06
26/01/2025	Cid. Nova Soberana	15	13	13	17
26/01/2025	Vila Carmela	30	26	25	29
26/01/2025	Jd. Pres. Dutra	20	40	19	23
26/01/2025	Jd. Lavras	15	18	24	31
26/01/2025	Orquidiama	11	7	9	14
26/01/2025	Pq. São Luiz	8	5	7	5
26/01/2025	Jd. Fortaleza	13	13	6	7
26/01/2025	Jd. Fortaleza	13	13	6	7
26/01/2025	Jd. St. Paula	6	8	16	18
26/01/2025	Soberana II	7	12	10	11
26/01/2025	Jd. Jade	6	6	7	10
02/02/2025	Cid. Nova Soberana	13	17	14	14
02/02/2025	Jd. Fátima	18	12	19	17
02/02/2025	Vila São José	14	11	22	21
02/02/2025	Jd. Maria Dirce	8	6	9	4
02/02/2025	Jd. Vila Rica	9	17	13	18
02/02/2025	Pq. Santos Dumont	22	30	2	3
02/02/2025	Jd. Ponte Alta	13	9	9	7
02/02/2025	Inocoop II	21	24	09	16
02/02/2025	Vila São João	04	03	10	03
02/02/2025	Pq. Residencial Bambi	16	17	18	14
02/02/2025	Vila União	5	7	6	1
02/02/2025	Jd. Álamo	22	25	13	7
02/02/2025	Soberana I	31	41	22	21
02/02/2025	Inocoop I	21	20	30	17
02/02/2025	Vila Carmela	27	30	21	16
02/02/2025	Vila Carmela	27	30	24	20
02/02/2025	Jd. Fortaleza III	10	5	7	5
02/02/2025	Jd. Fortaleza II	5	6	5	7
02/02/2025	Jd. Pres. Dutra	18	32	24	16
02/02/2025	Jd. Triunfo	10	09	03	07
02/02/2025	Jd. Hanna	11	8	16	18
02/02/2025	Jd. Fortaleza	19	14	8	9
02/02/2025	Soberana I	31	31	22	21
02/02/2025	Jd. Novo Portugal	27	18	19	33
02/02/2025	Jd. Lavras	18	39	19	18
02/02/2025	Orquidiama	10	6	6	3
02/02/2025	Vila Nova Bonsucesso	12	16	9	11
02/02/2025	Pq. São Luiz	3	4	5	3
02/02/2025	Jd. St. Paula	5	6	19	20
02/02/2025	Maria Paula	5	7	17	15
02/02/2025	Jd. Munira	17	16	14	9
02/02/2025	Soberana II	10	12	13	5
02/02/2025	Jd. Jade	6	6	8	8
02/02/2025	Jd. Ponte Alta II	11	12	8	13
09/02/2025	Vila Nova Bonsucesso	25	23	16	16
09/02/2025	Jd. Fortaleza	16	16	5	10
09/02/2025	Jd. Álamo	27	23	09	11
09/02/2025	Inocoop II	21	25	07	15
09/02/2025	Jd. Ponte Alta	12	15	9	10
09/02/2025	Vila União	9	5	10	5
09/02/2025	Soberana I	15	11	17	10
09/02/2025	Vila Carmela	15	19	26	5
09/02/2025	Jd. Vila Rica	14	14	7	16
09/02/2025	Jd. Fortaleza II	10	7	8	6
09/02/2025	Jd. Hanna	28	22	16	24
09/02/2025	Pq. Santos Dumont	17	23	13	11
09/02/2025	Jd. Fátima	18	19	20	15
09/02/2025	Cid. Nova Soberana	13	15	21	12
09/02/2025	Vila São João	8	5	10	4
09/02/2025	Inocoop I	21	33	31	34
09/02/2025	Jd. Pres. Dutra	32	49	18	22
09/02/2025	Jd. Fortaleza III	8	6	6	3
09/02/2025	Vila São José	11	08	26	25
09/02/2025	Vila Carmela	26	25	24	21
09/02/2025	Jd. Lavras	0	0	0	0
09/02/2025	Orquidiama	15	20	7	10
09/02/2025	Jd. Lenize	18	16	20	19
09/02/2025	Jd. Triunfo	04	09	01	01
09/02/2025	Pq. Residencial Bambi	13	15	20	23
09/02/2025	Pq. São Luiz	4	7	12	6
09/02/2025	Jd. St. Paula	4	8	20	21
09/02/2025	Maria Paula	10	5	6	18
09/02/2025	Jd. Munira	22	20	16	17
09/02/2025	Soberana II	11	9	11	8
09/02/2025	Jd. Jade	6	7	7	12
09/02/2025	Jd. Ponte Alta II	14	11	8	15
16/02/2025	Pq. São Luiz	9	8	5	4
16/02/2025	Vila Nova Bonsucesso	17	18	7	18
16/02/2025	Jd. Ponte Alta	8	10	9	6
16/02/2025	Jd. Maria Dirce	11	4	10	7
16/02/2025	Inocoop II	19	19	12	16
16/02/2025	Jd. Lavras	19	16	19	30
16/02/2025	Jd. Fátima	14	18	15	19
16/02/2025	Pq. Residencial Bambi	17	16	10	12
16/02/2025	Vila União	8	4	10	9
16/02/2025	Vila Carmela	36	38	28	22
16/02/2025	Jd. Hanna	11	17	23	20
16/02/2025	Jd. Fortaleza III	12	9	13	9
16/02/2025	Jd. Álamo	27	22	18	12
16/02/2025	Jd. Lenize	19	15	11	9
16/02/2025	Cid. Nova Soberana	17	13	19	16
16/02/2025	Pq. Santos Dumont	11	12	7	8
16/02/2025	Jd. Fortaleza II	4	5	10	5
16/02/2025	Vila São José	12	13	22	16
16/02/2025	Jd. Vila Rica	15	16	14	19
16/02/2025	Soberana I	15	15	18	10
16/02/2025	Jd. Fortaleza	17	16	8	7
16/02/2025	Vila São João	4	2	5	5
16/02/2025	Vila Carmela	36	40	28	25
16/02/2025	Vila São João	3	2	10	5
16/02/2025	Jd. Triunfo	08	08	01	07
16/02/2025	Jd. Novo Portugal	44	18	24	31
16/02/2025	Inocoop I	26	32	33	30
16/02/2025	Orquidiama	8	4	6	8
16/02/2025	Jd. Pres. Dutra	10	25	19	10
16/02/2025	Jd. St. Paula	7	10	27	27
16/02/2025	Maria Paula	7	5	12	15
16/02/2025	Jd. Pres. Dutra	10	25	19	10
16/02/2025	Jd. Munira	28	25	24	25
16/02/2025	Soberana II	6	10	4	10
16/02/2025	Jd. Jade	5	6	8	8
16/02/2025	Jd. Ponte Alta II	8	13	8	12
23/02/2025	Vila Nova Bonsucesso	23	22	18	17
23/02/2025	Jd. Maria Dirce	7	6	9	7
23/02/2025	Jd. Fátima	22	16	15	17
23/02/2025	Inocoop II	23	20	11	15
23/02/2025	Jd. Vila Rica	14	18	12	15
23/02/2025	Vila São João	10	02	16	11
23/02/2025	Vila União	10	8	8	1
23/02/2025	Soberana I	16	13	20	12
23/02/2025	Jd. Fortaleza III	9	9	6	2
23/02/2025	Cid. Nova Soberana	18	19	16	17
23/02/2025	Pq. Residencial Bambi	15	15	24	16
23/02/2025	Jd. Ponte Alta	12	12	8	19
23/02/2025	Jd. Lavras	18	27	13	17
23/02/2025	Jd. Fortaleza II	6	9	5	11
23/02/2025	Jd. Hanna	9	9	19	18
23/02/2025	Vila Carmela	28	27	24	21
23/02/2025	Jd. Fortaleza	11	19	11	11
23/02/2025	Inocoop I	25	30	27	25
23/02/2025	Jd. Álamo	27	17	11	11
23/02/2025	Vila Carmela	24	26	25	11
23/02/2025	Pq. Santos Dumont	18	24	21	9
23/02/2025	Vila São José	15	11	29	28
23/02/2025	Orquidiama	16	13	10	6
23/02/2025	Vila Carmela	26	28	25	24
23/02/2025	Pq. São Luiz	6	9	9	4
23/02/2025	Jd. St. Paula	4	9	16	15
23/02/2025	Maria Paula	5	7	10	12
23/02/2025	Jd. Triunfo	13	12	07	07
23/02/2025	Pq. São Luiz	6	9	9	4
23/02/2025	Jd. Pres. Dutra	17	33	26	18
23/02/2025	Jd. Munira	15	22	12	15
23/02/2025	Soberana II	12	12	7	8
23/02/2025	Jd. Jade	5	7	6	8
23/02/2025	Jd. Ponte Alta II	13	12	9	17
02/03/2025	Jd. Maria Dirce	7	5	7	8
02/03/2025	Inocoop II	14	17	07	12
02/03/2025	Jd. Fátima	23	22	11	13
02/03/2025	Vila Nova Bonsucesso	14	17	19	17
02/03/2025	Soberana I	11	9	9	7
02/03/2025	Jd. Ponte Alta	17	12	10	13
02/03/2025	Maria Paula	7	8	7	14
02/03/2025	Jd. Fortaleza III	10	6	9	5
02/03/2025	Pq. Residencial Bambi	14	20	21	18
02/03/2025	Vila Carmela	35	30	25	26
02/03/2025	Pq. Santos Dumont	22	22	11	11
02/03/2025	Vila União	7	6	5	6
02/03/2025	Cid. Nova Soberana	15	13	14	13
02/03/2025	Jd. Fortaleza II	10	8	8	6
02/03/2025	Inocoop I	24	30	51	25
02/03/2025	Jd. Lavras	11	16	24	28
02/03/2025	Vila São João	07	03	12	04
02/03/2025	Jd. Lenize	19	16	7	9
02/03/2025	Vila São José	11	10	20	24
02/03/2025	Jd. Vila Rica	11	11	12	13
02/03/2025	Jd. Triunfo	14	12	05	02
02/03/2025	Pq. São Luiz	3	7	3	2
02/03/2025	Jd. Álamo	21	15	07	09
02/03/2025	Vila Carmela	26	30	29	35
02/03/2025	Jd. Hanna	5	8	19	18
02/03/2025	Jd. Pres. Dutra	14	33	15	11
02/03/2025	Jd. Fortaleza	15	18	6	10
02/03/2025	Jd. Jade	8	10	8	13
02/03/2025	Jd. Ponte Alta II	14	10	5	13
02/03/2025	Orquidiama	10	9	7	7
02/03/2025	Soberana II	7	13	10	11
02/03/2025	Jd. St. Paula	11	10	14	12
02/03/2025	Jd. St. Paula	4	7	15	15
09/03/2025	Vila São José	18	15	25	23
09/03/2025	Jd. Fátima	10	13	17	19
09/03/2025	Jd. Maria Dirce	9	6	10	9
09/03/2025	Vila Nova Bonsucesso	17	20	15	15
09/03/2025	Inocoop II	25	26	12	20
09/03/2025	Jd. Vila Rica	17	15	8	13
09/03/2025	Jd. Álamo	36	23	11	13
09/03/2025	Cid. Nova Soberana	15	19	19	16
09/03/2025	Pq. Residencial Bambi	16	17	17	20
09/03/2025	Jd. Triunfo	05	07	05	03
09/03/2025	Soberana I	15	15	19	10
09/03/2025	Vila Carmela	26	28	19	12
09/03/2025	Vila União	10	8	12	4
09/03/2025	Jd. Ponte Alta	15	12	11	9
09/03/2025	Inocoop I	0	0	0	0
09/03/2025	Jd. Hanna	6	9	14	17
09/03/2025	Jd. Lavras	23	25	22	29
09/03/2025	Jd. Lenize	14	16	12	10
09/03/2025	Jd. Fortaleza III	10	5	7	4
09/03/2025	Vila São João	06	02	10	05
09/03/2025	Jd. Fortaleza II	6	6	9	4
09/03/2025	Jd. Pres. Dutra	19	29	20	17
09/03/2025	Pq. São Luiz	8	9	9	7
09/03/2025	Jd. Fortaleza	15	14	6	8
09/03/2025	Vila Carmela	27	24	25	28
09/03/2025	Jd. Munira	19	10	8	14
09/03/2025	Pq. Santos Dumont	16	23	17	11
09/03/2025	Orquidiama	8	9	6	9
09/03/2025	Jd. Ponte Alta II	13	10	7	14
09/03/2025	Jd. Ponte Alta II	13	14	4	17
09/03/2025	Jd. Jade	6	6	7	8
09/03/2025	Jd. St. Paula	5	11	16	20
09/03/2025	Soberana II	17	19	14	10
09/03/2025	Jd. St. Paula	5	11	16	20
16/03/2025	Jd. Maria Dirce	10	13	15	10
16/03/2025	Vila União	10	3	9	14
16/03/2025	Inocoop II	40	41	13	18
16/03/2025	Jd. Vila Rica	4	15	14	10
16/03/2025	Soberana I	15	8	14	14
16/03/2025	Pq. Residencial Bambi	16	16	13	16
16/03/2025	Jd. Fátima	14	18	15	10
16/03/2025	Jd. Ponte Alta	14	8	9	11
16/03/2025	Maria Paula	7	7	12	16
16/03/2025	Jd. Fortaleza II	10	8	9	4
16/03/2025	Cid. Nova Soberana	7	11	14	14
16/03/2025	Vila Carmela	22	20	15	13
16/03/2025	Jd. Fortaleza III	11	08	09	03
16/03/2025	Vila São José	12	11	24	20
16/03/2025	Pq. Santos Dumont	21	10	18	6
16/03/2025	Inocoop I	27	24	19	18
16/03/2025	Jd. Lenize	17	8	10	6
16/03/2025	Jd. Fortaleza	11	9	7	11
16/03/2025	Jd. Álamo	23	19	13	10
16/03/2025	Jd. Munira	20	17	12	16
16/03/2025	Pq. São Luiz	5	5	6	7
16/03/2025	Vila Carmela	26	23	24	22
16/03/2025	Jd. Hanna	8	8	36	20
16/03/2025	Orquidiama	8	2	5	4
16/03/2025	Vila Nova Bonsucesso	16	19	12	15
16/03/2025	Jd. Triunfo	06	11	04	04
16/03/2025	Jd. Ponte Alta II	11	14	7	15
16/03/2025	Jd. Jade	6	5	6	8
16/03/2025	Jd. Lavras	18	10	17	16
16/03/2025	Jd. Hanna	8	8	36	20
16/03/2025	Vila São João	9	03	11	05
16/03/2025	Jd. St. Paula	5	10	20	20
16/03/2025	Jd. Pres. Dutra	22	35	18	13
16/03/2025	Soberana II	13	10	10	7
16/03/2025	Jd. St. Paula	5	10	20	20
23/03/2025	Jd. Maria Dirce	8	6	4	6
23/03/2025	Jd. Fátima	12	16	18	19
23/03/2025	Inocoop II	23	27	13	18
23/03/2025	Jd. Ponte Alta	16	13	8	9
23/03/2025	Vila São João	07	03	05	08
23/03/2025	Maria Paula	7	8	14	19
23/03/2025	Pq. Residencial Bambi	16	19	16	13
23/03/2025	Soberana I	17	16	11	12
23/03/2025	Vila São José	12	15	30	12
23/03/2025	Jd. Fortaleza III	10	6	9	2
23/03/2025	Vila União	5	5	4	5
23/03/2025	Inocoop I	32	34	23	33
23/03/2025	Vila Nova Bonsucesso	19	21	24	18
23/03/2025	Jd. Fortaleza II	9	5	6	4
23/03/2025	Jd. Triunfo	09	11	05	06
23/03/2025	Jd. Fortaleza	16	16	8	12
23/03/2025	Pq. Santos Dumont	34	28	16	20
23/03/2025	Vila Carmela	25	25	25	15
23/03/2025	Jd. Novo Portugal	42	21	26	39
23/03/2025	Jd. Ponte Alta II	14	13	9	17
23/03/2025	Jd. Ponte Alta II	13	14	8	18
23/03/2025	Jd. Jade	7	7	8	10
23/03/2025	Jd. Munira	23	19	11	14
23/03/2025	Jd. Álamo	31	24	8	12
23/03/2025	Orquidiama	9	7	7	7
23/03/2025	Pq. São Luiz	4	1	10	7
23/03/2025	Jd. Lenize	17	18	15	16
23/03/2025	Jd. Lavras	20	18	21	25
23/03/2025	Vila Carmela	25	27	24	26
23/03/2025	Cid. Nova Soberana	14	20	21	19
23/03/2025	Jd. Hanna	8	11	24	21
23/03/2025	Jd. Vila Rica	9	6	6	12
23/03/2025	Jd. Pres. Dutra	20	29	17	13
23/03/2025	Jd. St. Paula	5	10	31	29
23/03/2025	Soberana II	9	10	11	11
30/03/2025	Jd. Maria Dirce	9	11	9	7
30/03/2025	Jd. Fátima	18	10	15	15
30/03/2025	Jd. Álamo	33	19	11	14
30/03/2025	Vila Carmela	15	20	19	16
30/03/2025	Pq. Residencial Bambi	12	13	14	16
30/03/2025	Inocoop II	42	48	13	24
30/03/2025	Jd. Fortaleza II	7	8	7	5
30/03/2025	Jd. Fortaleza II	7	8	7	5
30/03/2025	Jd. Ponte Alta	11	11	9	11
30/03/2025	Jd. Fortaleza	14	14	7	12
30/03/2025	Pq. São Luiz	5	4	10	10
30/03/2025	Vila Nova Bonsucesso	25	30	7	3
30/03/2025	Vila São João	10	02	10	05
30/03/2025	Cid. Nova Soberana	14	11	15	17
30/03/2025	Inocoop I	22	35	39	33
30/03/2025	Vila São José	09	11	26	18
30/03/2025	Pq. Santos Dumont	17	17	7	13
30/03/2025	Jd. Hanna	13	16	31	43
30/03/2025	Vila União	9	6	7	4
30/03/2025	Vila Carmela	25	23	27	21
30/03/2025	Jd. Fortaleza III	9	6	12	2
30/03/2025	Orquidiama	11	18	12	12
30/03/2025	Soberana I	17	16	10	10
30/03/2025	Jd. Lenize	17	15	10	12
30/03/2025	Vila Carmela	27	24	23	22
30/03/2025	Jd. Vila Rica	11	13	12	13
30/03/2025	Jd. Triunfo	13	09	02	04
30/03/2025	Jd. Pres. Dutra	25	40	27	21
30/03/2025	Jd. Lavras	16	12	26	25
30/03/2025	Jd. St. Paula	5	8	16	15
30/03/2025	Soberana II	13	8	10	7
06/04/2025	Jd. Maria Dirce	7	6	5	2
06/04/2025	Jd. Fátima	19	10	13	14
06/04/2025	Inocoop II	15	19	10	11
06/04/2025	Jd. Vila Rica	7	9	6	13
06/04/2025	Vila União	11	5	5	4
06/04/2025	Maria Paula	10	8	9	15
06/04/2025	Jd. Álamo	28	25	8	10
06/04/2025	Vila Nova Bonsucesso	19	17	6	11
06/04/2025	Pq. São Luiz	4	5	15	9
06/04/2025	Vila Carmela	17	23	13	14
06/04/2025	Jd. Fortaleza II	10	7	5	2
06/04/2025	Vila São José	13	11	27	21
06/04/2025	Inocoop I	12	25	25	12
06/04/2025	Jd. Ponte Alta	9	12	8	7
06/04/2025	Jd. Fortaleza II	10	10	5	3
06/04/2025	Vila Carmela	24	20	23	21
06/04/2025	Jd. Triunfo	10	09	04	01
06/04/2025	Soberana I	14	13	14	13
06/04/2025	Jd. Hanna	13	17	27	23
06/04/2025	Pq. Santos Dumont	17	23	14	11
06/04/2025	Jd. Pres. Dutra	18	36	18	11
06/04/2025	Pq. Residencial Bambi	14	15	15	13
06/04/2025	Jd. Lavras	17	14	15	21
06/04/2025	Jd. Lenize	24	19	23	17
06/04/2025	Orquidiama	10	7	5	5
06/04/2025	Cid. Nova Soberana	16	13	14	16
06/04/2025	Jd. Fortaleza	17	7	2	8
06/04/2025	Jd. St. Paula	7	6	16	18
06/04/2025	Jd. Ponte Alta II	14	12	8	17
06/04/2025	Jd. Ponte Alta II	14	12	8	17
06/04/2025	Jd. Jade	6	8	7	9
06/04/2025	Jd. Munira	23	18	10	12
06/04/2025	Vila São João	05	03	11	03
06/04/2025	Soberana II	9	16	15	12
13/04/2025	Jd. Maria Dirce	9	5	5	7
13/04/2025	Jd. Fátima	14	10	11	17
13/04/2025	Pq. Residencial Bambi	17	17	24	17
13/04/2025	Soberana I	10	15	20	11
13/04/2025	Inocoop II	27	29	13	20
13/04/2025	Vila União	10	8	10	4
13/04/2025	Maria Paula	11	8	8	15
13/04/2025	Vila São José	12	08	21	21
13/04/2025	Jd. Lavras	16	33	15	15
13/04/2025	Jd. Ponte Alta	17	12	9	11
13/04/2025	Vila Carmela	27	20	30	20
13/04/2025	Jd. Vila Rica	11	19	8	14
13/04/2025	Inocoop I	20	34	36	30
13/04/2025	Jd. Lenize	21	17	25	16
13/04/2025	Jd. Fortaleza III	12	5	7	2
13/04/2025	Jd. Hanna	9	13	35	25
13/04/2025	Jd. Fortaleza II	8	9	9	7
13/04/2025	Jd. Fortaleza II	8	9	9	7
13/04/2025	Vila São João	09	12	13	08
13/04/2025	Jd. Triunfo	03	06	03	03
13/04/2025	Pq. Santos Dumont	16	27	6	3
13/04/2025	Vila Nova Bonsucesso	0	0	0	0
13/04/2025	Jd. Pres. Dutra	14	33	20	15
13/04/2025	Pq. São Luiz	3	7	10	6
13/04/2025	Vila Carmela	27	20	30	23
13/04/2025	Jd. Álamo	30	26	11	08
13/04/2025	Orquidiama	7	7	5	6
13/04/2025	Cid. Nova Soberana	22	22	22	22
13/04/2025	Jd. Fortaleza	13	16	5	9
13/04/2025	Jd. St. Paula	19	18	16	12
13/04/2025	Pq. Residencial Bambi	17	17	24	17
13/04/2025	Jd. Ponte Alta II	10	11	7	16
13/04/2025	Jd. Jade	6	7	7	7
13/04/2025	Jd. Munira	21	20	11	14
13/04/2025	Soberana II	11	9	14	9
20/04/2025	Vila Nova Bonsucesso	0	0	0	0
20/04/2025	Soberana I	0	0	0	0
20/04/2025	Jd. Lenize	0	0	0	0
20/04/2025	Vila São José	0	0	0	0
20/04/2025	Jd. Fortaleza III	0	0	0	0
20/04/2025	Cid. Nova Soberana	00	00	00	00
20/04/2025	Jd. Pres. Dutra	0	0	0	0
20/04/2025	Vila Carmela	0	0	0	0
20/04/2025	Jd. Fortaleza	0	0	0	0
20/04/2025	Jd. Álamo	0	0	0	0
20/04/2025	Jd. Ponte Alta	0	0	0	0
20/04/2025	Orquidiama	0	0	0	0
20/04/2025	Jd. St. Paula	0	0	0	0
20/04/2025	Jd. Fátima	0	0	0	0
20/04/2025	Jd. Fortaleza II	0	0	0	0
20/04/2025	Jd. Vila Rica	0	0	0	0
20/04/2025	Inocoop II	0	0	0	0
20/04/2025	Maria Paula	0	0	0	0
20/04/2025	Vila Carmela	0	0	0	0
20/04/2025	Jd. Triunfo	0	0	0	0
20/04/2025	Jd. Novo Portugal	0	0	0	0
20/04/2025	Pq. Residencial Bambi	0	0	0	0
20/04/2025	Jd. Munira	22	21	14	14
20/04/2025	Pq. São Luiz	0	0	0	0
20/04/2025	Vila São João	07	05	09	04
20/04/2025	Jd. Hanna	0	0	0	0
20/04/2025	Vila São João	0	0	0	0
20/04/2025	Jd. Lavras	0	0	0	0
20/04/2025	Inocoop I	0	0	0	0
20/04/2025	Soberana II	9	10	10	11
27/04/2025	Jd. Maria Dirce	9	5	12	4
27/04/2025	Jd. Fátima	18	19	16	14
27/04/2025	Inocoop II	15	22	10	14
27/04/2025	Maria Paula	7	6	13	15
27/04/2025	Vila União	10	6	7	5
27/04/2025	Jd. Vila Rica	13	20	11	11
27/04/2025	Soberana I	16	14	16	14
27/04/2025	Vila Carmela	30	27	16	26
27/04/2025	Vila Nova Bonsucesso	16	21	10	18
27/04/2025	Jd. Fortaleza III	9	7	4	3
27/04/2025	Jd. Lenize	16	10	13	10
27/04/2025	Pq. São Luiz	6	7	10	4
27/04/2025	Jd. Triunfo	11	06	05	07
27/04/2025	Vila São João	5	2	8	7
27/04/2025	Vila São João	05	02	08	07
27/04/2025	Jd. Lavras	18	22	19	17
27/04/2025	Jd. Fortaleza	20	14	5	8
27/04/2025	Pq. Santos Dumont	16	21	16	12
27/04/2025	Pq. Santos Dumont	16	21	16	12
27/04/2025	Jd. Álamo	28	18	6	10
27/04/2025	Vila São José	14	10	26	24
27/04/2025	Jd. Hanna	5	10	20	28
27/04/2025	Jd. Ponte Alta	16	14	16	14
27/04/2025	Orquidiama	12	8	6	6
27/04/2025	Jd. St. Paula	4	7	17	21
27/04/2025	Inocoop I	20	30	30	28
27/04/2025	Jd. Fortaleza II	9	5	8	9
27/04/2025	Vila Carmela	21	22	28	25
27/04/2025	Jd. Pres. Dutra	22	36	17	16
27/04/2025	Jd. Novo Portugal	42	47	19	29
27/04/2025	Pq. Residencial Bambi	17	15	17	15
27/04/2025	Jd. Ponte Alta II	25	27	12	25
27/04/2025	Jd. Jade	8	8	10	20
27/04/2025	Jd. Munira	20	20	10	15
27/04/2025	Soberana II	11	9	10	10
04/05/2025	Jd. Maria Dirce	5	7	9	11
04/05/2025	Inocoop II	25	24	12	19
04/05/2025	Jd. Fátima	16	12	12	16
04/05/2025	Jd. Álamo	17	16	08	08
04/05/2025	Maria Paula	10	10	15	18
04/05/2025	Jd. Lavras	19	26	21	20
04/05/2025	Soberana I	15	10	12	9
04/05/2025	Jd. Fortaleza III	10	03	09	04
04/05/2025	Inocoop I	20	32	30	28
04/05/2025	Jd. Ponte Alta	15	13	4	10
04/05/2025	Jd. Fortaleza II	7	8	11	9
04/05/2025	Vila Carmela	22	24	13	9
04/05/2025	Vila União	7	6	5	3
04/05/2025	Vila São José	10	12	25	14
04/05/2025	Jd. Fortaleza	0	0	0	0
04/05/2025	Vila Nova Bonsucesso	26	28	11	12
04/05/2025	Jd. Vila Rica	12	12	10	11
04/05/2025	Jd. Pres. Dutra	0	0	0	0
04/05/2025	Jd. Hanna	8	12	30	19
04/05/2025	Pq. Residencial Bambi	18	16	19	17
04/05/2025	Pq. São Luiz	5	2	5	4
04/05/2025	Jd. Triunfo	09	08	03	01
04/05/2025	Vila Carmela	21	24	26	21
04/05/2025	Jd. St. Paula	5	7	13	14
04/05/2025	Orquidiama	12	19	8	6
04/05/2025	Jd. Jade	8	10	15	13
04/05/2025	Jd. Munira	22	20	16	18
04/05/2025	Cid. Nova Soberana	13	16	13	22
04/05/2025	Pq. Santos Dumont	26	21	12	10
04/05/2025	Vila São João	08	03	10	04
04/05/2025	Vila São João	4	2	8	2
04/05/2025	Soberana II	13	11	9	9
11/05/2025	Jd. Maria Dirce	9	4	2	5
11/05/2025	Jd. Álamo	19	22	08	03
11/05/2025	Jd. Fátima	14	17	17	12
11/05/2025	Jd. Fortaleza III	8	8	2	0
11/05/2025	Pq. Residencial Bambi	13	13	10	4
11/05/2025	Jd. Lavras	15	14	13	18
11/05/2025	Jd. Ponte Alta	8	9	4	7
11/05/2025	Inocoop II	18	18	7	11
11/05/2025	Jd. Vila Rica	11	14	6	8
11/05/2025	Vila União	10	6	2	3
11/05/2025	Vila São João	7	2	10	3
11/05/2025	Soberana I	8	6	10	11
11/05/2025	Inocoop I	20	20	20	25
11/05/2025	Vila São José	14	10	10	15
11/05/2025	Jd. Lenize	19	9	8	4
11/05/2025	Vila Nova Bonsucesso	10	17	5	10
11/05/2025	Jd. Triunfo	05	08	02	02
11/05/2025	Vila Carmela	27	25	24	22
11/05/2025	Pq. São Luiz	6	2	9	6
11/05/2025	Jd. Novo Portugal	43	18	19	29
11/05/2025	Jd. Hanna	4	8	14	14
11/05/2025	Vila Carmela	13	22	8	7
11/05/2025	Jd. Fortaleza II	8	4	10	8
11/05/2025	Jd. St. Paula	5	8	10	10
11/05/2025	Orquidiama	9	6	4	3
11/05/2025	Jd. Ponte Alta II	13	12	7	18
11/05/2025	Jd. Jade	7	6	7	8
11/05/2025	Jd. Munira	20	16	13	15
11/05/2025	Cid. Nova Soberana	15	13	8	15
11/05/2025	Pq. Santos Dumont	22	24	13	14
11/05/2025	Jd. Fortaleza	13	9	5	5
11/05/2025	Jd. Pres. Dutra	12	21	3	12
11/05/2025	Maria Paula	8	10	13	15
11/05/2025	Soberana II	12	13	12	8
18/05/2025	Jd. Novo Portugal	0	0	0	0
18/05/2025	Jd. Fortaleza III	8	7	5	7
18/05/2025	Jd. Maria Dirce	7	6	6	8
18/05/2025	Jd. Fátima	16	12	14	14
18/05/2025	Pq. Residencial Bambi	19	14	21	19
18/05/2025	Jd. Ponte Alta	10	9	6	8
18/05/2025	Soberana I	15	13	18	9
18/05/2025	Vila Carmela	14	17	19	16
18/05/2025	Inocoop I	24	18	25	14
18/05/2025	Jd. Vila Rica	16	19	12	20
18/05/2025	Jd. Fortaleza II	8	4	10	8
18/05/2025	Vila Nova Bonsucesso	0	0	0	0
18/05/2025	Vila União	8	8	10	4
18/05/2025	Vila São José	17	14	35	28
18/05/2025	Inocoop II	0	0	0	0
18/05/2025	Jd. Pres. Dutra	25	40	22	22
18/05/2025	Jd. Fortaleza	17	12	5	12
18/05/2025	Jd. St. Paula	3	7	27	21
18/05/2025	Jd. Hanna	15	11	26	20
18/05/2025	Vila Carmela	22	23	29	26
18/05/2025	Orquidiama	5	3	3	4
18/05/2025	Jd. Ponte Alta II	11	9	3	12
18/05/2025	Jd. Jade	7	7	6	7
18/05/2025	Jd. Álamo	24	26	9	16
18/05/2025	Jd. Triunfo	09	06	07	03
18/05/2025	Jd. Lavras	19	16	22	26
18/05/2025	Jd. Munira	20	21	10	10
18/05/2025	Pq. São Luiz	7	6	11	2
18/05/2025	Cid. Nova Soberana	10	12	15	15
18/05/2025	Pq. Santos Dumont	24	22	15	14
18/05/2025	Vila São João	06	04	11	02
18/05/2025	Jd. Pres. Dutra	25	40	22	22
18/05/2025	Maria Paula	10	14	10	14
18/05/2025	Soberana II	7	7	10	6
25/05/2025	Jd. Maria Dirce	10	6	6	10
25/05/2025	Jd. Fátima	15	14	18	16
25/05/2025	Jd. Fortaleza III	10	8	5	4
25/05/2025	Inocoop II	16	21	06	16
25/05/2025	Jd. Vila Rica	13	17	6	13
25/05/2025	Jd. Álamo	0	0	0	0
25/05/2025	Vila União	6	5	5	4
25/05/2025	Vila Nova Bonsucesso	17	17	7	13
25/05/2025	Inocoop I	28	32	31	27
25/05/2025	Jd. Lavras	16	12	19	24
25/05/2025	Vila Carmela	23	27	23	27
25/05/2025	Vila São João	6	2	09	3
25/05/2025	Vila São José	13	10	17	17
25/05/2025	Jd. Lenize	16	14	13	6
25/05/2025	Jd. Ponte Alta	10	13	8	8
25/05/2025	Jd. Fortaleza II	8	11	9	8
25/05/2025	Pq. Santos Dumont	25	17	13	7
25/05/2025	Jd. Munira	20	19	17	15
25/05/2025	Vila Carmela	23	27	23	27
25/05/2025	Jd. Novo Portugal	33	29	19	28
25/05/2025	Pq. São Luiz	6	4	7	3
25/05/2025	Cid. Nova Soberana	17	18	15	15
25/05/2025	Jd. Triunfo	13	16	01	06
25/05/2025	Jd. Ponte Alta II	12	14	8	15
25/05/2025	Jd. St. Paula	14	13	8	10
25/05/2025	Jd. Fortaleza	18	9	2	7
25/05/2025	Jd. Hanna	6	8	24	16
25/05/2025	Jd. Pres. Dutra	89	91	31	26
25/05/2025	Maria Paula	14	14	10	15
01/06/2025	Inocoop II	17	22	09	15
01/06/2025	Jd. Álamo	27	21	12	13
01/06/2025	Jd. Lavras	16	17	22	24
01/06/2025	Jd. Vila Rica	12	11	8	14
01/06/2025	Jd. Ponte Alta	15	15	2	6
01/06/2025	Vila Carmela	21	18	15	17
01/06/2025	Vila União	0	0	0	0
01/06/2025	Jd. Fortaleza II	8	5	11	4
01/06/2025	Vila São João	4	2	6	1
01/06/2025	Jd. Fortaleza III	08	07	05	04
01/06/2025	Inocoop I	26	34	33	32
01/06/2025	Vila Carmela	23	22	20	23
01/06/2025	Vila São José	11	12	14	10
01/06/2025	Jd. Hanna	9	14	14	13
01/06/2025	Jd. Triunfo	09	06	03	0
01/06/2025	Pq. Residencial Bambi	9	9	15	9
01/06/2025	Jd. Lenize	48	41	27	24
01/06/2025	Jd. Ponte Alta II	8	9	6	13
01/06/2025	Jd. Ponte Alta II	14	12	6	11
01/06/2025	Vila Nova Bonsucesso	18	21	5	12
01/06/2025	Pq. Santos Dumont	15	20	11	8
01/06/2025	Jd. Fortaleza	10	16	06	06
01/06/2025	Jd. St. Paula	8	9	15	16
01/06/2025	Jd. Pres. Dutra	17	27	18	18
01/06/2025	Jd. Fátima	0	0	0	0
01/06/2025	Orquidiama	9	5	4	2
01/06/2025	Cid. Nova Soberana	13	17	10	11
01/06/2025	Maria Paula	13	18	12	13
08/06/2025	Jd. Maria Dirce	9	15	3	5
08/06/2025	Cid. Nova Soberana	14	12	12	13
08/06/2025	Jd. Fortaleza III	8	10	4	4
08/06/2025	Inocoop II	23	19	06	11
08/06/2025	Vila São João	06	02	07	05
08/06/2025	Jd. Fátima	19	17	18	14
08/06/2025	Jd. Ponte Alta	0	0	0	0
08/06/2025	Vila Carmela	23	25	13	13
08/06/2025	Pq. Residencial Bambi	15	16	12	15
08/06/2025	Pq. Santos Dumont	12	18	3	2
08/06/2025	Vila União	9	4	9	4
08/06/2025	Jd. Vila Rica	8	15	4	9
08/06/2025	Jd. Fortaleza II	4	3	3	5
08/06/2025	Jd. Lenize	0	0	0	0
08/06/2025	Vila Nova Bonsucesso	10	17	7	13
08/06/2025	Vila São José	29	31	19	24
08/06/2025	Jd. Álamo	16	16	8	4
08/06/2025	Jd. Hanna	4	11	30	25
08/06/2025	Soberana I	14	18	12	11
08/06/2025	Jd. Fortaleza	12	13	06	05
08/06/2025	Jd. Ponte Alta II	12	11	6	16
08/06/2025	Vila Carmela	22	21	24	23
08/06/2025	Pq. São Luiz	5	3	6	6
08/06/2025	Jd. St. Paula	15	16	8	9
08/06/2025	Jd. Triunfo	03	05	05	01
08/06/2025	Jd. Pres. Dutra	16	30	18	16
08/06/2025	Orquidiama	13	6	2	6
08/06/2025	Inocoop I	23	30	25	32
08/06/2025	Jd. Munira	20	21	11	15
08/06/2025	Jd. Lavras	13	16	11	20
08/06/2025	Maria Paula	10	12	8	12
15/06/2025	Jd. Maria Dirce	11	6	7	4
15/06/2025	Inocoop II	24	27	10	13
15/06/2025	Vila São João	08	03	06	04
15/06/2025	Jd. Álamo	24	26	06	10
15/06/2025	Vila Nova Bonsucesso	24	21	7	18
15/06/2025	Vila União	8	5	3	3
15/06/2025	Jd. Fátima	19	16	18	14
15/06/2025	Vila São José	08	11	14	06
15/06/2025	Jd. Fortaleza II	8	8	4	6
15/06/2025	Jd. Ponte Alta	6	12	7	9
15/06/2025	Vila Carmela	16	29	22	29
15/06/2025	Inocoop I	17	33	23	26
15/06/2025	Jd. Lenize	16	7	10	7
15/06/2025	Jd. St. Paula	4	12	15	19
15/06/2025	Jd. Ponte Alta II	5	09	5	13
15/06/2025	Pq. Santos Dumont	15	18	4	3
15/06/2025	Jd. Hanna	5	4	13	15
15/06/2025	Jd. Triunfo	21	19	03	05
15/06/2025	Jd. Novo Portugal	51	40	27	30
15/06/2025	Pq. São Luiz	3	6	8	6
15/06/2025	Soberana I	13	13	10	6
15/06/2025	Jd. Vila Rica	12	13	9	12
15/06/2025	Jd. Fortaleza III	7	6	1	3
15/06/2025	Jd. Pres. Dutra	14	28	13	13
15/06/2025	Vila Carmela	22	29	16	17
15/06/2025	Orquidiama	9	9	17	14
15/06/2025	Jd. Fortaleza	17	7	8	9
15/06/2025	Jd. Munira	00	00	00	00
15/06/2025	Jd. Lavras	8	9	13	15
15/06/2025	Pq. Residencial Bambi	13	12	12	5
15/06/2025	Cid. Nova Soberana	16	13	14	16
15/06/2025	Maria Paula	13	18	10	10
22/06/2025	Jd. Maria Dirce	10	6	5	6
22/06/2025	Inocoop II	16	23	13	23
22/06/2025	Jd. Fátima	14	13	11	12
22/06/2025	Vila Carmela	16	24	13	26
22/06/2025	Vila São João	08	03	09	06
22/06/2025	Pq. Residencial Bambi	16	13	11	12
22/06/2025	Jd. Ponte Alta	12	15	6	7
22/06/2025	Jd. Ponte Alta II	14	10	3	14
22/06/2025	Soberana I	17	13	15	14
22/06/2025	Jd. Vila Rica	13	18	10	10
22/06/2025	Vila União	7	7	9	2
22/06/2025	Jd. Álamo	19	14	10	3
22/06/2025	Jd. Fortaleza II	0	0	0	0
22/06/2025	Jd. Fortaleza	0	0	0	0
22/06/2025	Vila São José	11	12	15	17
22/06/2025	Jd. Lenize	20	12	15	12
22/06/2025	Inocoop I	24	35	33	34
22/06/2025	Pq. Santos Dumont	13	19	12	9
22/06/2025	Jd. Hanna	9	14	23	27
22/06/2025	Jd. Fortaleza III	8	6	6	7
22/06/2025	Vila Nova Bonsucesso	11	20	6	10
22/06/2025	Jd. Pres. Dutra	80	75	19	17
22/06/2025	Vila Carmela	23	21	26	23
22/06/2025	Orquidiama	12	8	9	9
22/06/2025	Jd. Munira	22	22	15	14
22/06/2025	Jd. Lavras	15	17	13	18
22/06/2025	Jd. Triunfo	06	10	03	02
22/06/2025	Cid. Nova Soberana	10	15	14	11
22/06/2025	Jd. St. Paula	7	10	23	31
22/06/2025	Maria Paula	14	14	8	11
29/06/2025	Jd. Maria Dirce	9	7	6	6
29/06/2025	Jd. Fátima	19	18	12	15
29/06/2025	Inocoop II	18	22	10	17
29/06/2025	Jd. Fortaleza III	9	7	5	6
29/06/2025	Jd. Ponte Alta	0	0	0	0
29/06/2025	Jd. Vila Rica	8	14	9	11
29/06/2025	Jd. Álamo	28	23	10	11
29/06/2025	Pq. Santos Dumont	14	17	15	9
29/06/2025	Vila São João	14	11	10	10
29/06/2025	Vila Nova Bonsucesso	19	23	13	13
29/06/2025	Jd. Ponte Alta II	16	14	8	15
29/06/2025	Vila São José	10	06	15	18
29/06/2025	Vila Carmela	29	33	22	16
29/06/2025	Vila União	9	6	8	2
29/06/2025	Jd. Lenize	60	52	17	8
29/06/2025	Jd. Fortaleza	12	13	6	8
29/06/2025	Jd. Fortaleza II	8	5	6	5
29/06/2025	Jd. Hanna	7	10	15	11
29/06/2025	Inocoop I	25	23	45	28
29/06/2025	Jd. Pres. Dutra	18	40	13	13
29/06/2025	Vila Carmela	29	33	22	16
29/06/2025	Vila Carmela	21	24	29	26
29/06/2025	Orquidiama	8	7	7	7
29/06/2025	Inocoop I	25	23	45	28
29/06/2025	Jd. Fortaleza	12	13	6	8
29/06/2025	Jd. Fortaleza II	8	5	6	5
29/06/2025	Jd. Hanna	7	10	15	11
29/06/2025	Jd. Munira	18	20	10	14
29/06/2025	Jd. Lavras	21	21	14	28
29/06/2025	Pq. São Luiz	12	9	12	9
29/06/2025	Jd. Triunfo	03	06	04	02
29/06/2025	Pq. Residencial Bambi	16	17	15	12
29/06/2025	Jd. Novo Portugal	46	37	17	10
29/06/2025	Cid. Nova Soberana	20	31	27	17
29/06/2025	Jd. St. Paula	5	6	8	15
29/06/2025	Maria Paula	13	15	7	13
06/07/2025	Jd. Fortaleza III	6	6	0	1
06/07/2025	Jd. Fátima	16	11	12	12
06/07/2025	Jd. Maria Dirce	9	6	9	10
06/07/2025	Jd. Vila Rica	6	8	7	10
06/07/2025	Vila União	6	9	6	4
06/07/2025	Inocoop II	20	17	11	15
06/07/2025	Soberana I	15	10	15	8
06/07/2025	Pq. Residencial Bambi	17	14	9	12
06/07/2025	Jd. Álamo	20	13	10	5
06/07/2025	Vila São João	07	04	05	10
06/07/2025	Cid. Nova Soberana	00	00	00	00
06/07/2025	Jd. Ponte Alta	12	12	2	10
06/07/2025	Vila Nova Bonsucesso	19	18	12	8
06/07/2025	Vila Carmela	16	16	7	7
06/07/2025	Jd. Hanna	14	16	16	14
06/07/2025	Vila São José	09	11	20	15
06/07/2025	Jd. Fortaleza II	6	12	9	7
06/07/2025	Inocoop I	68	150	21	30
06/07/2025	Jd. Triunfo	29	34	02	05
06/07/2025	Vila Carmela	22	25	21	20
06/07/2025	Jd. Lenize	14	16	23	17
06/07/2025	Pq. São Luiz	5	4	9	5
06/07/2025	Jd. Ponte Alta II	10	7	8	16
06/07/2025	Jd. Lavras	31	34	25	28
06/07/2025	Jd. Novo Portugal	38	29	30	16
06/07/2025	Jd. St. Paula	6	7	8	9
13/07/2025	Jd. Maria Dirce	11	9	4	4
13/07/2025	Jd. Fortaleza III	13	8	1	7
13/07/2025	Jd. Fátima	20	18	16	17
13/07/2025	Jd. Álamo	20	17	09	07
13/07/2025	Jd. Vila Rica	8	16	8	11
13/07/2025	Inocoop II	15	17	18	16
13/07/2025	Jd. Ponte Alta	14	13	8	6
13/07/2025	Vila São João	09	02	17	10
13/07/2025	Vila União	7	7	6	1
13/07/2025	Jd. Lenize	17	11	12	13
13/07/2025	Pq. Residencial Bambi	15	16	10	14
13/07/2025	Jd. Ponte Alta II	11	6	6	7
13/07/2025	Jd. Fortaleza II	7	4	6	9
13/07/2025	Jd. Hanna	7	11	19	19
13/07/2025	Jd. Lavras	13	14	12	15
13/07/2025	Pq. Santos Dumont	19	18	8	4
13/07/2025	Vila São José	15	10	25	31
13/07/2025	Vila Carmela	24	21	22	26
13/07/2025	Vila Carmela	25	28	17	14
13/07/2025	Jd. Fortaleza	10	18	5	10
13/07/2025	Inocoop I	33	50	28	32
13/07/2025	Vila Nova Bonsucesso	11	20	10	7
13/07/2025	Jd. Novo Portugal	33	20	19	21
13/07/2025	Cid. Nova Soberana	13	15	9	13
13/07/2025	Jd. St. Paula	6	5	7	8
20/07/2025	Pq. São Luiz	5	1	6	3
20/07/2025	Jd. Fortaleza III	0	0	0	0
20/07/2025	Jd. Novo Portugal	28	30	19	13
20/07/2025	Cid. Nova Soberana	6	9	8	8
20/07/2025	Jd. Maria Dirce	8	6	8	7
20/07/2025	Inocoop II	11	17	11	16
20/07/2025	Jd. Fátima	12	9	8	11
20/07/2025	Pq. Residencial Bambi	14	15	9	6
20/07/2025	Jd. Vila Rica	8	10	8	14
20/07/2025	Jd. Hanna	8	7	21	18
20/07/2025	Soberana I	12	11	8	6
20/07/2025	Vila União	6	8	8	3
20/07/2025	Jd. Álamo	18	14	12	11
20/07/2025	Jd. Fortaleza	0	0	0	0
20/07/2025	Vila São João	08	03	06	03
20/07/2025	Jd. St. Paula	4	7	17	16
20/07/2025	Vila Carmela	62	60	31	27
20/07/2025	Jd. Ponte Alta II	14	10	1	13
20/07/2025	Jd. Ponte Alta	11	11	2	8
20/07/2025	Vila São José	10	08	12	18
20/07/2025	Jd. Fortaleza II	9	7	5	5
20/07/2025	Pq. Santos Dumont	15	10	10	5
06/07/2025	Orquidiama	0	0	0	0
13/07/2025	Orquidiama	7	8	3	8
20/07/2025	Orquidiama	5	6	3	7
20/07/2025	Inocoop I	22	22	25	28
01/06/2025	Jd. Jade	5	8	10	8
08/06/2025	Jd. Jade	6	7	8	10
15/06/2025	Jd. Jade	5	7	7	8
29/06/2025	Jd. Jade	6	6	9	10
06/07/2025	Jd. Jade	4	7	7	7
13/07/2025	Jd. Jade	6	6	7	9
20/07/2025	Jd. Jade	5	8	12	10
20/07/2025	Vila Carmela	62	60	31	27
20/07/2025	Vila Nova Bonsucesso	18	16	9	13
27/07/2025	Jd. Fortaleza III	7	6	3	5
27/07/2025	Jd. Maria Dirce	9	6	4	8
27/07/2025	Jd. Fátima	15	10	15	15
27/07/2025	Jd. Vila Rica	0	0	0	0
27/07/2025	Jd. Álamo	25	19	11	09
27/07/2025	Vila São João	03	02	04	06
27/07/2025	Vila União	7	9	7	3
27/07/2025	Jd. Ponte Alta	15	14	9	10
27/07/2025	Pq. Santos Dumont	18	20	10	12
27/07/2025	Inocoop II	16	20	14	20
29/06/2025	Jd. St. Paula	4	8	10	18
27/07/2025	Vila Nova Bonsucesso	16	20	13	16
27/07/2025	Vila Carmela	31	34	26	23
27/07/2025	Jd. Lavras	33	58	21	41
27/07/2025	Jd. Lenize	19	14	10	13
27/07/2025	Vila Carmela	31	34	26	23
27/07/2025	Jd. Fortaleza II	6	6	5	6
20/07/2025	Jd. Triunfo	14	14	07	02
27/07/2025	Jd. Triunfo	05	04	04	04
27/07/2025	Jd. Fortaleza	20	15	10	13
27/07/2025	Vila São José	14	10	22	20
06/07/2025	Jd. Munira	18	19	13	11
13/07/2025	Jd. Munira	20	19	13	18
20/07/2025	Jd. Munira	13	12	13	15
27/07/2025	Jd. Munira	19	15	13	7
27/07/2025	Jd. Fortaleza II	6	6	5	6
06/07/2025	Maria Paula	0	0	0	0
13/07/2025	Maria Paula	27	25	12	15
20/07/2025	Maria Paula	03	04	05	09
27/07/2025	Maria Paula	7	5	15	8
01/06/2025	Soberana II	15	08	08	16
08/06/2025	Soberana II	07	08	14	15
15/06/2025	Soberana II	18	09	16	12
22/06/2025	Soberana II	14	16	02	16
29/06/2025	Soberana II	08	08	12	13
06/07/2025	Soberana II	12	13	19	18
13/07/2025	Soberana II	17	08	08	14
20/07/2025	Soberana II	15	07	11	11
27/07/2025	Soberana II	15	15	09	13
01/06/2025	Jd. Maria Dirce	8	6	5	6
27/07/2025	Jd. Hanna	12	13	13	23
27/07/2025	Jd. Pres. Dutra	0	0	0	0
13/07/2025	Jd. Pres. Dutra	14	32	20	16
20/07/2025	Jd. Pres. Dutra	14	29	24	24
13/07/2025	Jd. Triunfo	04	06	03	0
03/08/2025	Jd. Triunfo	0	0	0	0
06/07/2025	Jd. Fortaleza	14	9	7	11
03/08/2025	Jd. Fortaleza III	9	6	4	2
03/08/2025	Jd. Maria Dirce	10	5	8	8
03/08/2025	Jd. Fátima	16	16	12	16
03/08/2025	Inocoop II	20	18	14	16
13/07/2025	Soberana I	13	14	18	7
27/07/2025	Soberana I	10	16	16	14
03/08/2025	Jd. Lavras	0	0	0	0
03/08/2025	Soberana I	13	15	12	8
03/08/2025	Vila São João	15	05	06	03
03/08/2025	Pq. Residencial Bambi	14	18	13	15
27/07/2025	Pq. Residencial Bambi	17	26	16	14
27/07/2025	Inocoop I	30	30	24	22
03/08/2025	Inocoop I	0	0	0	0
03/08/2025	Jd. Ponte Alta II	16	13	1	12
03/08/2025	Vila Carmela	30	31	20	26
03/08/2025	Vila Nova Bonsucesso	17	20	9	9
03/08/2025	Jd. Lenize	47	43	11	5
03/08/2025	Jd. Ponte Alta	30	41	10	16
03/08/2025	Jd. Hanna	11	10	26	20
27/07/2025	Jd. St. Paula	4	8	10	18
03/08/2025	Jd. St. Paula	5	8	17	18
03/08/2025	Pq. Santos Dumont	15	29	6	3
03/08/2025	Jd. Álamo	23	18	9	7
03/08/2025	Vila Carmela	30	31	20	26
03/08/2025	Vila São José	09	09	26	22
03/08/2025	Jd. Munira	21	19	17	18
27/07/2025	Orquidiama	10	5	4	6
03/08/2025	Orquidiama	5	7	7	8
03/08/2025	Vila União	8	6	7	4
03/08/2025	Jd. Pres. Dutra	24	48	12	13
06/07/2025	Jd. Pres. Dutra	18	35	13	14
27/07/2025	Pq. São Luiz	14	16	2	9
10/08/2025	Pq. São Luiz	4	7	5	3
27/07/2025	Cid. Nova Soberana	14	16	9	13
03/08/2025	Cid. Nova Soberana	13	11	18	18
10/08/2025	Cid. Nova Soberana	11	14	6	12
10/08/2025	Inocoop II	14	21	11	22
10/08/2025	Jd. Fátima	19	14	15	14
10/08/2025	Jd. Hanna	4	6	18	10
03/08/2025	Jd. Vila Rica	11	14	3	12
10/08/2025	Jd. Vila Rica	10	13	4	7
10/08/2025	Jd. Ponte Alta	7	12	2	8
10/08/2025	Vila São João	09	03	07	02
20/07/2025	Jd. Lavras	14	19	19	18
03/08/2025	Jd. Lavras	0	0	0	0
10/08/2025	Jd. Lavras	15	20	11	18
27/07/2025	Jd. Lavras	23	58	21	41
10/08/2025	Vila Carmela	19	24	14	12
10/08/2025	Jd. Fortaleza II	6	9	10	12
10/08/2025	Inocoop I	20	32	29	34
10/08/2025	Pq. Residencial Bambi	0	0	0	0
10/08/2025	Jd. St. Paula	0	0	0	0
10/08/2025	Pq. Santos Dumont	17	16	10	14
10/08/2025	Vila São José	16	16	20	25
10/08/2025	Jd. Ponte Alta II	10	10	2	13
10/08/2025	Vila Nova Bonsucesso	12	13	3	5
10/08/2025	Jd. Álamo	10	9	5	9
10/08/2025	Orquidiama	9	8	3	6
03/08/2025	Pq. São Luiz	0	0	0	0
10/08/2025	Pq. São Luiz	4	7	5	3
10/08/2025	Jd. Fortaleza III	4	3	1	1
10/08/2025	Maria Paula	4	8	9	14
17/08/2025	Jd. Fortaleza III	9	6	2	5
17/08/2025	Inocoop II	19	29	07	19
17/08/2025	Maria Paula	06	05	14	16
17/08/2025	Jd. Lavras	14	28	11	15
10/08/2025	Soberana I	17	17	10	7
17/08/2025	Soberana I	16	14	17	7
17/08/2025	Jd. Ponte Alta II	10	11	6	12
17/08/2025	Jd. Ponte Alta	5	15	9	8
17/08/2025	Vila Carmela	16	35	18	18
10/08/2025	Vila União	10	8	4	4
17/08/2025	Vila União	7	9	8	5
17/08/2025	Jd. Hanna	0	0	0	0
17/08/2025	Vila São José	12	07	18	14
17/08/2025	Vila Nova Bonsucesso	67	57	10	22
17/08/2025	Vila São João	06	06	09	05
17/08/2025	Jd. Fátima	13	16	14	17
17/08/2025	Inocoop I	41	32	39	30
17/08/2025	Pq. Santos Dumont	0	0	0	0
10/08/2025	Vila Carmela	22	24	18	20
17/08/2025	Vila Carmela	20	21	19	35
17/08/2025	Jd. Fortaleza II	9	10	10	13
10/08/2025	Jd. Triunfo	04	06	03	01
17/08/2025	Jd. Triunfo	08	10	06	07
17/08/2025	Jd. Álamo	28	22	14	10
10/08/2025	Jd. Lenize	12	15	19	15
17/08/2025	Jd. Lenize	18	18	18	16
24/08/2025	Jd. Fortaleza III	7	5	5	6
24/08/2025	Pq. São Luiz	5	2	7	7
24/08/2025	Inocoop II	15	19	14	14
24/08/2025	Pq. Residencial Bambi	13	13	10	11
17/08/2025	Pq. Residencial Bambi	11	15	13	20
24/08/2025	Jd. Fátima	13	17	10	14
24/08/2025	Vila São José	14	14	22	13
24/08/2025	Vila São João	11	08	10	04
24/08/2025	Jd. Ponte Alta	16	14	9	7
24/08/2025	Vila União	8	7	5	6
24/08/2025	Jd. Lavras	16	23	14	29
24/08/2025	Jd. Ponte Alta II	15	10	3	11
24/08/2025	Soberana I	14	30	12	11
17/08/2025	Jd. St. Paula	3	6	17	16
24/08/2025	Jd. St. Paula	4	9	21	22
24/08/2025	Vila Carmela	0	0	0	0
24/08/2025	Jd. Álamo	21	25	11	09
24/08/2025	Pq. Santos Dumont	18	15	12	7
24/08/2025	Vila Nova Bonsucesso	19	30	10	16
17/08/2025	Jd. Vila Rica	20	13	7	14
24/08/2025	Jd. Vila Rica	10	16	10	12
24/08/2025	Jd. Fortaleza II	11	13	7	6
03/08/2025	Jd. Fortaleza II	8	8	7	5
17/08/2025	Orquidiama	15	14	1	1
24/08/2025	Orquidiama	8	10	6	7
24/08/2025	Jd. Hanna	20	28	8	6
24/08/2025	Jd. Lenize	11	12	11	15
03/08/2025	Jd. Pres. Dutra	24	48	12	13
10/08/2025	Jd. Pres. Dutra	11	29	9	7
24/08/2025	Vila Carmela	0	0	0	0
24/08/2025	Inocoop I	29	33	38	32
31/08/2025	Jd. Maria Dirce	8	2	5	3
10/08/2025	Jd. Maria Dirce	8	2	5	3
17/08/2025	Jd. Maria Dirce	9	5	7	7
24/08/2025	Jd. Maria Dirce	8	7	6	8
31/08/2025	Pq. São Luiz	4	4	4	2
31/08/2025	Jd. Maria Dirce	11	9	8	13
31/08/2025	Jd. Fortaleza III	6	5	4	6
31/08/2025	Jd. Fátima	19	12	14	15
31/08/2025	Jd. Novo Portugal	33	25	26	25
24/08/2025	Jd. Novo Portugal	28	15	15	16
17/08/2025	Jd. Novo Portugal	30	20	27	23
10/08/2025	Jd. Novo Portugal	36	24	17	18
03/08/2025	Jd. Novo Portugal	0	0	0	0
31/08/2025	Inocoop II	22	25	08	19
31/08/2025	Soberana I	14	13	11	13
31/08/2025	Jd. Lavras	20	28	23	14
31/08/2025	Vila União	7	8	7	4
31/08/2025	Jd. Ponte Alta II	13	15	2	12
31/08/2025	Jd. Ponte Alta	20	17	12	12
31/08/2025	Jd. Álamo	29	18	8	6
31/08/2025	Inocoop I	31	40	28	35
31/08/2025	Jd. Fortaleza II	10	10	10	10
31/08/2025	Pq. Santos Dumont	20	18	10	9
31/08/2025	Vila Carmela	22	25	18	24
31/08/2025	Jd. Vila Rica	17	22	7	11
31/08/2025	Jd. Hanna	10	15	20	21
31/08/2025	Jd. Hanna	10	15	20	21
17/08/2025	Jd. Pres. Dutra	25	28	18	15
24/08/2025	Jd. Pres. Dutra	16	31	18	19
31/08/2025	Jd. Pres. Dutra	56	55	19	19
31/08/2025	Vila São João	09	04	10	06
03/08/2025	Jd. Fortaleza	13	6	7	6
10/08/2025	Jd. Fortaleza	14	7	5	4
17/08/2025	Jd. Fortaleza	16	18	7	7
24/08/2025	Jd. Fortaleza	13	9	9	9
31/08/2025	Jd. Fortaleza	15	15	9	4
31/08/2025	Jd. St. Paula	4	9	21	22
13/07/2025	Pq. São Luiz	5	4	1	1
03/08/2025	Jd. Munira	19	21	17	18
10/08/2025	Jd. Munira	16	13	7	6
17/08/2025	Jd. Munira	23	21	18	20
24/08/2025	Jd. Munira	20	11	10	12
31/08/2025	Jd. Munira	18	20	17	19
31/08/2025	Vila Nova Bonsucesso	0	0	0	0
31/08/2025	Vila São José	10	07	12	21
31/08/2025	Maria Paula	03	06	21	13
31/08/2025	Orquidiama	10	8	6	8
17/08/2025	Pq. São Luiz	4	10	11	2
07/09/2025	Pq. São Luiz	4	2	5	5
07/09/2025	Jd. Maria Dirce	8	4	6	8
07/09/2025	Jd. Ponte Alta II	17	14	5	16
07/09/2025	Jd. Fortaleza	15	12	11	8
07/09/2025	Jd. Álamo	14	16	11	15
07/09/2025	Jd. Fátima	20	18	17	15
07/09/2025	Jd. Fortaleza III	09	06	03	01
07/09/2025	Jd. Ponte Alta	7	11	6	9
07/09/2025	Jd. Fortaleza II	10	11	7	5
07/09/2025	Pq. Residencial Bambi	14	14	16	15
07/09/2025	Vila Carmela	33	28	17	16
31/08/2025	Vila Carmela	22	26	18	24
07/09/2025	Inocoop II	22	25	10	19
07/09/2025	Vila Nova Bonsucesso	16	19	9	9
07/09/2025	Vila São José	10	08	25	18
07/09/2025	Jd. Lenize	94	63	9	4
07/09/2025	Jd. Hanna	5	6	16	10
07/09/2025	Pq. Santos Dumont	15	14	11	11
07/09/2025	Jd. Pres. Dutra	19	32	19	18
31/08/2025	Jd. Triunfo	07	08	06	02
07/09/2025	Jd. Triunfo	08	08	04	0
24/08/2025	Jd. Triunfo	09	05	03	02
07/09/2025	Vila Carmela	19	33	18	28
14/09/2025	Pq. São Luiz	5	2	9	10
14/09/2025	Jd. Maria Dirce	15	4	6	5
14/09/2025	Inocoop II	16	19	15	17
14/09/2025	Vila Carmela	0	0	0	0
14/09/2025	Jd. Lavras	14	21	13	23
14/09/2025	Vila São João	06	02	06	04
07/09/2025	Jd. Lavras	16	26	17	10
14/09/2025	Jd. Vila Rica	11	14	5	8
14/09/2025	Jd. Hanna	10	7	20	16
14/09/2025	Jd. Fátima	14	13	12	11
07/09/2025	Vila União	7	6	8	3
14/09/2025	Vila União	10	7	9	6
14/09/2025	Soberana I	17	16	8	9
14/09/2025	Pq. Residencial Bambi	17	14	14	13
14/09/2025	Jd. Triunfo	05	07	02	02
14/09/2025	Jd. Ponte Alta II	13	13	2	12
14/09/2025	Jd. Lenize	22	30	13	10
14/09/2025	Jd. Fortaleza	0	0	0	0
14/09/2025	Jd. Fortaleza II	9	15	11	11
14/09/2025	Jd. Álamo	11	16	9	6
07/09/2025	Inocoop I	39	36	20	35
14/09/2025	Inocoop I	16	33	33	32
14/09/2025	Vila São José	09	17	19	14
14/09/2025	Jd. Ponte Alta	17	16	7	11
14/09/2025	Jd. Fortaleza III	4	2	7	6
21/09/2025	Jd. Maria Dirce	9	7	8	11
21/09/2025	Pq. São Luiz	5	1	7	6
21/09/2025	Jd. Fortaleza III	12	12	6	2
21/09/2025	Inocoop II	14	15	13	22
21/09/2025	Jd. Fátima	14	16	11	9
21/09/2025	Jd. Álamo	21	16	16	10
21/09/2025	Vila Carmela	15	19	15	14
21/09/2025	Vila São João	09	05	10	06
21/09/2025	Jd. Ponte Alta II	10	6	7	11
21/09/2025	Pq. Residencial Bambi	11	5	15	17
21/09/2025	Jd. Lenize	13	12	4	6
21/09/2025	Vila União	9	9	12	4
21/09/2025	Vila São José	11	07	23	16
21/09/2025	Jd. Hanna	8	6	20	12
21/09/2025	Jd. Triunfo	07	07	03	01
21/09/2025	Jd. Fortaleza	14	11	9	9
21/09/2025	Jd. Fortaleza	14	11	9	9
21/09/2025	Jd. Vila Rica	11	16	10	12
14/09/2025	Jd. Munira	22	19	17	19
21/09/2025	Jd. Munira	13	7	5	7
07/09/2025	Jd. Munira	18	16	10	10
14/09/2025	Orquidiama	9	8	4	3
21/09/2025	Orquidiama	6	5	2	6
07/09/2025	Orquidiama	7	8	6	9
21/09/2025	Maria Paula	4	5	16	12
27/07/2025	Jd. Jade	6	5	12	7
03/08/2025	Jd. Jade	5	7	11	12
10/08/2025	Jd. Jade	6	8	8	9
17/08/2025	Jd. Jade	6	8	11	11
24/08/2025	Jd. Jade	5	7	9	10
31/08/2025	Jd. Jade	5	8	10	7
07/09/2025	Jd. Jade	5	7	9	10
14/09/2025	Jd. Jade	6	8	10	8
21/09/2025	Jd. Jade	6	9	8	9
21/09/2025	Vila Nova Bonsucesso	0	0	0	0
21/09/2025	Soberana I	13	10	11	6
21/09/2025	Jd. Fortaleza	14	13	9	9
21/09/2025	Inocoop I	31	15	16	16
21/09/2025	Vila Carmela	24	25	20	22
07/09/2025	Jd. St. Paula	4	6	15	16
14/09/2025	Jd. St. Paula	3	7	12	16
21/09/2025	Jd. St. Paula	3	10	14	22
21/09/2025	Jd. Ponte Alta	9	11	4	13
28/09/2025	Inocoop II	0	0	0	0
28/09/2025	Jd. Ponte Alta	0	0	0	0
28/09/2025	Jd. Fortaleza II	0	0	0	0
28/09/2025	Soberana I	0	0	0	0
28/09/2025	Jd. Fortaleza III	0	0	0	0
28/09/2025	Jd. Fátima	0	0	0	0
28/09/2025	Jd. St. Paula	0	0	0	0
28/09/2025	Jd. Álamo	0	0	0	0
28/09/2025	Jd. Fortaleza	0	0	0	0
28/09/2025	Jd. Vila Rica	0	0	0	0
28/09/2025	Jd. Hanna	0	0	0	0
28/09/2025	Vila São José	0	0	0	0
28/09/2025	Inocoop I	0	0	0	0
28/09/2025	Orquidiama	0	0	0	0
28/09/2025	Vila Carmela	0	0	0	0
28/09/2025	Jd. Pres. Dutra	0	0	0	0
14/09/2025	Vila Nova Bonsucesso	23	14	10	15
28/09/2025	Vila Nova Bonsucesso	0	0	0	0
05/10/2025	Jd. Fortaleza III	10	6	6	5
05/10/2025	Jd. Maria Dirce	8	10	11	7
05/10/2025	Pq. São Luiz	4	2	8	6
28/09/2025	Pq. São Luiz	0	0	0	0
05/10/2025	Jd. Fátima	19	10	12	17
05/10/2025	Inocoop II	17	17	06	21
05/10/2025	Jd. Vila Rica	10	16	10	15
05/10/2025	Maria Paula	6	7	13	18
05/10/2025	Vila União	9	3	6	4
28/09/2025	Vila União	0	0	0	0
05/10/2025	Vila São João	10	06	12	10
05/10/2025	Jd. Ponte Alta	16	15	10	19
05/10/2025	Vila Carmela	18	29	17	19
05/10/2025	Vila Nova Bonsucesso	21	19	9	8
28/09/2025	Jd. Triunfo	15	21	05	05
21/09/2025	Jd. Lavras	115	10	18	12
28/09/2025	Jd. Lavras	0	0	0	0
05/10/2025	Jd. Lavras	20	33	20	22
05/10/2025	Vila São José	13	14	30	25
05/10/2025	Pq. Santos Dumont	21	17	14	11
14/09/2025	Pq. Santos Dumont	20	27	9	3
21/09/2025	Pq. Santos Dumont	9	11	9	11
28/09/2025	Pq. Santos Dumont	0	0	0	0
05/10/2025	Jd. Ponte Alta II	8	6	3	12
05/10/2025	Jd. Triunfo	10	10	02	04
05/10/2025	Jd. Álamo	23	18	9	7
05/10/2025	Jd. Fortaleza II	9	5	5	7
05/10/2025	Orquidiama	10	7	2	10
05/10/2025	Soberana I	15	18	17	7
05/10/2025	Jd. Lenize	15	10	8	15
05/10/2025	Jd. Hanna	9	8	27	26
21/09/2025	Jd. Fortaleza II	8	7	8	5
05/10/2025	Vila Carmela	24	29	19	21
12/10/2025	Jd. Maria Dirce	8	10	9	11
12/10/2025	Pq. São Luiz	5	2	8	7
12/10/2025	Jd. Fátima	16	20	15	17
12/10/2025	Jd. Álamo	28	18	10	14
12/10/2025	Inocoop II	17	17	14	22
12/10/2025	Pq. Residencial Bambi	13	14	13	7
28/09/2025	Pq. Residencial Bambi	0	0	0	0
12/10/2025	Soberana I	17	20	25	19
12/10/2025	Vila São José	15	09	28	21
12/10/2025	Jd. Ponte Alta II	18	9	9	18
12/10/2025	Jd. Triunfo	06	07	03	02
12/10/2025	Vila São João	18	19	19	19
12/10/2025	Jd. Ponte Alta	14	16	8	13
12/10/2025	Vila Nova Bonsucesso	19	24	18	17
05/10/2025	Jd. Fortaleza	17	14	7	11
12/10/2025	Jd. Fortaleza	13	16	5	11
12/10/2025	Jd. Fortaleza II	10	9	9	10
12/10/2025	Jd. Hanna	9	13	26	30
12/10/2025	Jd. Fortaleza III	6	6	7	4
12/10/2025	Jd. Lenize	14	12	17	17
12/10/2025	Vila Carmela	26	22	15	16
07/09/2025	Jd. Novo Portugal	35	35	18	19
14/09/2025	Jd. Novo Portugal	28	15	27	25
21/09/2025	Jd. Novo Portugal	25	20	27	20
05/10/2025	Jd. Novo Portugal	27	24	12	26
12/10/2025	Jd. Novo Portugal	41	37	26	26
12/10/2025	Vila Carmela	26	28	23	25
14/09/2025	Jd. Pres. Dutra	17	32	14	13
21/09/2025	Jd. Pres. Dutra	16	28	21	14
05/10/2025	Jd. Pres. Dutra	12	18	8	12
12/10/2025	Jd. Pres. Dutra	15	31	15	13
19/10/2025	Pq. São Luiz	5	2	8	8
19/10/2025	Jd. Fortaleza III	10	7	7	4
19/10/2025	Jd. Maria Dirce	6	7	6	7
17/08/2025	Cid. Nova Soberana	12	15	18	21
24/08/2025	Cid. Nova Soberana	19	11	14	10
07/09/2025	Cid. Nova Soberana	17	14	12	9
14/09/2025	Cid. Nova Soberana	14	13	14	10
21/09/2025	Cid. Nova Soberana	8	13	7	11
28/09/2025	Cid. Nova Soberana	00	00	00	00
05/10/2025	Cid. Nova Soberana	14	16	17	19
12/10/2025	Cid. Nova Soberana	00	00	00	00
31/08/2025	Cid. Nova Soberana	26	20	21	14
19/10/2025	Inocoop II	18	20	16	23
19/10/2025	Jd. Fátima	10	12	9	14
07/09/2025	Jd. Vila Rica	7	15	9	17
19/10/2025	Jd. Vila Rica	10	15	6	8
19/10/2025	Jd. Ponte Alta	16	13	5	12
19/10/2025	Vila São José	15	16	12	14
19/10/2025	Soberana I	9	10	12	12
07/09/2025	Soberana I	16	9	12	6
19/10/2025	Jd. Lenize	16	13	7	14
19/10/2025	Jd. Fortaleza II	6	9	8	8
19/10/2025	Vila São João	08	05	08	07
19/10/2025	Jd. Álamo	14	13	6	4
19/10/2025	Vila Carmela	19	17	13	16
19/10/2025	Jd. Hanna	9	11	28	29
19/10/2025	Jd. Triunfo	05	08	03	02
19/10/2025	Jd. Ponte Alta II	11	8	6	14
19/10/2025	Vila Carmela	26	23	21	20
07/09/2025	Vila São João	07	05	10	06
28/09/2025	Vila São João	09	06	16	06
19/10/2025	Vila Carmela	22	23	21	24
26/10/2025	Jd. Maria Dirce	9	5	4	4
26/10/2025	Pq. São Luiz	5	1	5	5
26/10/2025	Jd. Fátima	9	11	15	13
26/10/2025	Jd. Vila Rica	9	7	4	12
26/10/2025	Jd. Fortaleza III	12	11	12	3
26/10/2025	Inocoop II	24	21	17	26
26/10/2025	Jd. Álamo	24	25	13	16
26/10/2025	Pq. Santos Dumont	28	26	15	17
26/10/2025	Soberana I	11	10	14	8
12/10/2025	Jd. Lavras	17	27	25	18
19/10/2025	Jd. Lavras	13	30	16	8
26/10/2025	Jd. Lavras	20	35	16	16
26/10/2025	Jd. Ponte Alta	19	14	15	12
26/10/2025	Pq. Residencial Bambi	14	12	25	19
19/10/2025	Vila Nova Bonsucesso	23	13	10	7
26/10/2025	Vila Nova Bonsucesso	11	13	16	18
26/10/2025	Jd. Ponte Alta II	13	9	6	12
26/10/2025	Jd. Ponte Alta II	13	9	6	12
26/10/2025	Jd. Fortaleza II	7	7	8	5
26/10/2025	Vila São José	11	13	27	26
19/10/2025	Jd. Pres. Dutra	16	20	8	10
12/10/2025	Jd. Pres. Dutra	15	31	15	13
26/10/2025	Jd. Lenize	50	50	9	4
26/10/2025	Jd. Pres. Dutra	19	33	20	22
26/10/2025	Vila Carmela	45	45	25	28
26/10/2025	Jd. Triunfo	08	06	06	07
26/10/2025	Jd. Hanna	8	11	23	20
05/10/2025	Orquidiama	10	7	2	10
12/10/2025	Orquidiama	18	15	9	11
26/10/2025	Orquidiama	11	11	4	6
19/10/2025	Orquidiama	9	7	2	5
19/10/2025	Jd. Fortaleza	13	15	6	9
26/10/2025	Jd. Fortaleza	19	15	7	12
12/10/2025	Inocoop I	22	32	24	29
26/10/2025	Inocoop I	13	24	30	20
12/10/2025	Pq. Santos Dumont	5	10	5	8
19/10/2025	Pq. Santos Dumont	16	16	11	8
05/10/2025	Soberana II	34	20	12	17
12/10/2025	Soberana II	21	11	9	10
19/10/2025	Soberana II	12	14	18	19
26/10/2025	Soberana II	31	22	12	17
12/10/2025	Jd. Vila Rica	12	17	9	12
02/11/2025	Jd. Maria Dirce	8	7	5	8
02/11/2025	Pq. São Luiz	4	1	6	5
02/11/2025	Jd. Fortaleza III	05	04	01	00
02/11/2025	Jd. Fátima	17	10	21	18
02/11/2025	Jd. Hanna	7	6	9	6
02/11/2025	Inocoop II	14	11	10	11
02/11/2025	Jd. Vila Rica	8	13	3	8
12/10/2025	Jd. Vila Rica	12	17	9	12
02/11/2025	Vila Carmela	17	29	10	11
02/11/2025	Jd. Ponte Alta	11	17	6	6
02/11/2025	Jd. Fortaleza II	9	8	1	4
02/11/2025	Jd. Fortaleza II	8	8	2	3
02/11/2025	Jd. Lenize	15	11	7	4
19/10/2025	Pq. Residencial Bambi	12	11	11	11
02/11/2025	Pq. Residencial Bambi	14	12	12	5
02/11/2025	Vila Nova Bonsucesso	12	23	15	10
02/11/2025	Soberana I	20	24	11	12
05/10/2025	Inocoop I	43	39	30	35
02/11/2025	Inocoop I	17	30	28	28
12/10/2025	Vila União	6	6	4	2
19/10/2025	Vila União	7	5	4	2
02/11/2025	Jd. Ponte Alta II	20	19	11	21
26/10/2025	Vila União	6	4	6	2
02/11/2025	Vila União	7	3	6	2
02/11/2025	Pq. Santos Dumont	14	17	5	7
02/11/2025	Vila São João	08	04	12	07
05/10/2025	Jd. St. Paula	5	4	14	16
12/10/2025	Jd. St. Paula	6	5	15	17
19/10/2025	Jd. St. Paula	6	9	21	29
26/10/2025	Jd. St. Paula	4	7	11	13
02/11/2025	Jd. St. Paula	9	8	11	10
02/11/2025	Jd. Álamo	14	15	3	2
02/11/2025	Soberana II	18	20	10	11
02/11/2025	Vila São José	10	11	10	10
02/11/2025	Orquidiama	10	9	3	6
26/10/2025	Jd. Munira	22	10	13	16
05/10/2025	Jd. Munira	18	17	14	19
19/10/2025	Jd. Munira	19	19	16	24
12/10/2025	Jd. Munira	18	10	10	21
02/11/2025	Jd. Munira	21	18	7	9
02/11/2025	Jd. Pres. Dutra	30	38	14	17
03/08/2025	Soberana II	12	10	14	12
10/08/2025	Soberana II	08	11	12	10
17/08/2025	Soberana II	12	10	10	11
24/08/2025	Soberana II	13	12	10	08
31/08/2025	Soberana II	08	14	11	12
07/09/2025	Soberana II	14	13	12	10
14/09/2025	Soberana II	13	10	12	11
21/09/2025	Soberana II	14	13	10	11
05/10/2025	Soberana II	12	10	11	13
12/10/2025	Soberana II	12	11	12	08
19/10/2025	Soberana II	13	10	11	10
26/10/2025	Soberana II	24	17	13	12
02/11/2025	Soberana II	11	11	14	12
09/11/2025	Jd. Fortaleza III	10	5	2	6
09/11/2025	Pq. São Luiz	6	4	8	10
09/11/2025	Jd. Álamo	17	19	08	05
09/11/2025	Inocoop II	17	16	11	14
09/11/2025	Jd. Hanna	9	11	16	21
02/11/2025	Jd. Lavras	50	61	15	10
09/11/2025	Jd. Lavras	13	28	16	18
05/10/2025	Pq. Residencial Bambi	15	11	11	17
09/11/2025	Pq. Residencial Bambi	9	11	15	20
09/11/2025	Vila União	8	3	3	2
09/11/2025	Vila Carmela	37	21	17	17
09/11/2025	Jd. Ponte Alta II	13	10	8	13
09/11/2025	Pq. Santos Dumont	11	17	12	6
09/11/2025	Jd. Fátima	15	13	11	9
09/11/2025	Vila São João	09	01	11	12
09/11/2025	Soberana I	15	17	14	14
09/11/2025	Jd. Vila Rica	11	18	10	15
09/11/2025	Jd. Ponte Alta	16	17	4	11
09/11/2025	Vila São José	11	10	18	20
02/11/2025	Vila Carmela	23	30	15	18
09/11/2025	Vila Carmela	25	37	21	20
09/11/2025	Inocoop I	23	55	55	45
09/11/2025	Vila Nova Bonsucesso	17	19	14	15
16/11/2025	Pq. São Luiz	6	1	10	9
02/11/2025	Jd. Fortaleza	14	7	6	14
09/11/2025	Jd. Fortaleza	14	17	5	12
16/11/2025	Jd. Fortaleza	11	6	4	13
16/11/2025	Jd. Fortaleza III	8	3	6	3
16/11/2025	Jd. Vila Rica	7	11	5	7
16/11/2025	Jd. Fátima	13	15	9	7
16/11/2025	Inocoop II	14	18	6	12
16/11/2025	Pq. Residencial Bambi	10	13	16	15
16/11/2025	Jd. Hanna	6	10	20	22
16/11/2025	Jd. Fortaleza II	9	10	4	6
16/11/2025	Jd. Ponte Alta II	12	10	8	13
16/11/2025	Jd. Álamo	14	15	7	4
09/11/2025	Vila União	7	6	2	2
16/11/2025	Vila União	9	3	6	4
16/11/2025	Vila Carmela	23	18	16	11
16/11/2025	Pq. Santos Dumont	18	26	12	13
16/11/2025	Jd. Pres. Dutra	17	33	13	10
09/11/2025	Jd. Pres. Dutra	14	28	17	11
16/11/2025	Vila Carmela	26	24	21	19
16/11/2025	Vila São João	08	01	13	08
16/11/2025	Vila São José	08	08	19	20
16/11/2025	Vila Nova Bonsucesso	24	25	3	2
09/11/2025	Orquidiama	8	9	3	4
16/11/2025	Orquidiama	9	8	3	7
23/11/2025	Pq. São Luiz	7	1	5	8
23/11/2025	Jd. Fortaleza III	5	5	3	5
19/10/2025	Cid. Nova Soberana	20	12	19	17
26/10/2025	Cid. Nova Soberana	18	17	11	11
02/11/2025	Cid. Nova Soberana	11	12	13	12
23/11/2025	Jd. Maria Dirce	9	8	9	7
16/11/2025	Jd. Maria Dirce	9	7	10	11
09/11/2025	Jd. Maria Dirce	6	8	9	12
16/11/2025	Cid. Nova Soberana	18	14	14	14
23/11/2025	Inocoop II	8	13	11	12
23/11/2025	Jd. Álamo	22	21	10	06
23/11/2025	Jd. Fátima	12	10	19	13
23/11/2025	Soberana I	11	5	12	8
23/11/2025	Vila União	7	3	8	3
16/11/2025	Jd. Ponte Alta	22	18	9	12
23/11/2025	Jd. Ponte Alta	18	19	5	8
23/11/2025	Jd. Vila Rica	7	16	5	11
23/11/2025	Vila Carmela	23	29	14	16
23/11/2025	Jd. Fortaleza II	10	12	7	4
23/11/2025	Vila São João	13	06	12	14
23/11/2025	Jd. Hanna	8	8	18	17
23/11/2025	Jd. Ponte Alta II	10	7	5	10
23/11/2025	Vila São José	14	14	25	11
23/11/2025	Orquidiama	16	18	12	11
23/11/2025	Pq. Santos Dumont	16	20	9	9
12/10/2025	Maria Paula	5	8	10	11
19/10/2025	Maria Paula	4	6	8	13
26/10/2025	Maria Paula	3	7	10	15
02/11/2025	Maria Paula	6	7	5	8
09/11/2025	Maria Paula	7	7	10	12
16/11/2025	Maria Paula	5	5	8	7
23/11/2025	Maria Paula	6	8	7	12
30/11/2025	Maria Paula	10	13	17	20
28/09/2025	Jd. Vila Rica II	14	10	3	7
05/10/2025	Jd. Vila Rica II	8	7	4	5
12/10/2025	Jd. Vila Rica II	5	6	2	10
19/10/2025	Jd. Vila Rica II	10	8	3	8
26/10/2025	Jd. Vila Rica II	12	15	0	4
02/11/2025	Jd. Vila Rica II	5	5	0	9
09/11/2025	Jd. Vila Rica II	3	6	2	7
16/11/2025	Jd. Vila Rica II	7	6	4	6
23/11/2025	Jd. Vila Rica II	4	8	0	9
05/10/2025	Jd. Jade	5	8	7	8
12/10/2025	Jd. Jade	5	6	8	8
19/10/2025	Jd. Jade	4	6	7	9
26/10/2025	Jd. Jade	4	6	11	8
02/11/2025	Jd. Jade	4	6	8	6
09/11/2025	Jd. Jade	5	7	9	9
16/11/2025	Jd. Jade	5	6	8	7
23/11/2025	Jd. Jade	6	6	9	6
23/11/2025	Vila Nova Bonsucesso	15	14	16	13
30/11/2025	Pq. São Luiz	4	4	8	9
30/11/2025	Jd. Maria Dirce	7	8	8	6
30/11/2025	Jd. Fortaleza III	09	07	04	04
30/11/2025	Orquidiama	10	09	1	05
30/11/2025	Inocoop II	13	19	14	18
30/11/2025	Jd. Vila Rica	11	16	6	10
16/11/2025	Jd. Lavras	17	23	13	15
23/11/2025	Jd. Lavras	23	38	17	13
30/11/2025	Jd. Lavras	15	18	21	32
30/11/2025	Jd. Triunfo	05	05	09	03
09/11/2025	Jd. Triunfo	05	07	02	01
16/11/2025	Jd. Triunfo	06	12	04	03
30/11/2025	Jd. Ponte Alta	18	20	3	11
02/11/2025	Jd. Triunfo	13	12	03	04
30/11/2025	Vila Carmela	5	16	10	9
30/11/2025	Vila União	10	8	8	5
16/11/2025	Inocoop I	17	29	34	31
23/11/2025	Inocoop I	27	48	35	37
30/11/2025	Inocoop I	26	16	22	26
30/11/2025	Jd. Ponte Alta II	11	10	10	15
30/11/2025	Jd. Hanna	9	10	34	32
30/11/2025	Vila Nova Bonsucesso	13	21	19	14
30/11/2025	Pq. Santos Dumont	15	15	6	4
30/11/2025	Jd. Fátima	20	18	16	18
30/11/2025	Vila São João	11	5	14	15
30/11/2025	Jd. Álamo	22	16	19	14
23/11/2025	Vila Carmela	23	21	20	18
30/11/2025	Vila Carmela	25	21	24	19
30/11/2025	Soberana I	10	12	14	9
23/11/2025	Jd. Pres. Dutra	15	24	9	11
30/11/2025	Jd. Pres. Dutra	21	34	24	22
30/11/2025	Vila São José	13	15	24	11
30/11/2025	Jd. Fortaleza	5	10	3	6
09/11/2025	Jd. Fortaleza II	6	7	9	6
23/11/2025	Jd. Fortaleza	13	7	4	13
30/11/2025	Jd. Fortaleza	14	13	9	9
07/12/2025	Pq. São Luiz	3	4	3	8
07/12/2025	Jd. Maria Dirce	8	7	7	9
07/12/2025	Jd. Vila Rica	10	9	7	8
07/12/2025	Jd. Ponte Alta	14	18	11	10
07/12/2025	Soberana I	14	15	14	8
23/11/2025	Pq. Residencial Bambi	11	14	15	10
30/11/2025	Pq. Residencial Bambi	11	12	23	16
07/12/2025	Pq. Residencial Bambi	14	13	24	20
07/12/2025	Inocoop II	15	20	13	17
07/12/2025	Jd. Ponte Alta II	15	10	0	8
07/12/2025	Jd. Fátima	16	10	12	12
07/12/2025	Jd. Hanna	7	7	19	17
07/12/2025	Orquidiama	4	8	2	1
09/11/2025	Jd. St. Paula	6	6	16	18
16/11/2025	Jd. St. Paula	3	6	17	16
23/11/2025	Jd. St. Paula	5	5	9	15
30/11/2025	Jd. St. Paula	5	3	10	16
07/12/2025	Jd. St. Paula	5	7	12	18
07/12/2025	Jd. Fortaleza II	7	9	4	2
07/12/2025	Vila Carmela	19	28	19	19
07/12/2025	Jd. Fortaleza III	08	05	05	01
07/12/2025	Jd. Vila Rica II	5	6	0	3
07/12/2025	Jd. Triunfo	08	09	03	04
07/12/2025	Vila São José	09	14	21	15
07/12/2025	Vila São João	04	05	05	03
07/12/2025	Vila Carmela	25	24	23	21
07/12/2025	Vila Nova Bonsucesso	0	0	0	0
14/12/2025	Jd. Fortaleza III	3	5	1	3
14/12/2025	Jd. Maria Dirce	8	7	8	9
07/12/2025	Jd. Álamo	09	12	02	06
14/12/2025	Jd. Álamo	53	36	19	19
14/12/2025	Pq. Santos Dumont	17	22	7	3
14/12/2025	Inocoop II	18	21	11	13
14/12/2025	Soberana I	10	9	14	9
14/12/2025	Pq. Residencial Bambi	10	13	17	11
14/12/2025	Jd. Vila Rica	15	15	4	9
14/12/2025	Jd. Hanna	7	15	29	18
14/12/2025	Orquidiama	9	8	4	8
14/12/2025	Jd. Ponte Alta II	8	7	10	12
14/12/2025	Jd. Vila Rica II	4	4	1	4
14/12/2025	Jd. Fátima	10	9	12	14
14/12/2025	Vila São José	13	12	24	22
14/12/2025	Jd. Ponte Alta	9	12	3	7
14/12/2025	Vila Carmela	15	22	16	12
14/12/2025	Vila Nova Bonsucesso	0	0	0	0
14/12/2025	Vila Carmela	24	21	22	20
21/12/2025	Pq. São Luiz	5	3	5	10
14/12/2025	Pq. São Luiz	10	4	8	10
21/12/2025	Jd. Álamo	12	13	02	05
21/12/2025	Jd. Fátima	16	14	11	9
21/12/2025	Jd. Fortaleza III	7	6	6	4
21/12/2025	Inocoop II	14	22	8	11
21/12/2025	Jd. Maria Dirce	6	5	4	5
21/12/2025	Vila São José	12	12	14	14
14/12/2025	Vila União	11	5	7	9
21/12/2025	Vila União	7	3	6	4
21/12/2025	Jd. Ponte Alta II	12	9	5	14
02/11/2025	Maria Paula	4	5	8	10
09/11/2025	Maria Paula	4	7	2	4
16/11/2025	Maria Paula	5	4	7	15
23/11/2025	Maria Paula	9	11	19	11
07/12/2025	Maria Paula	12	10	12	10
14/12/2025	Maria Paula	6	5	8	14
21/12/2025	Maria Paula	6	6	12	11
21/12/2025	Orquidiama	09	12	03	02
07/12/2025	Jd. Lavras	35	37	10	13
14/12/2025	Jd. Lavras	17	15	8	18
21/12/2025	Jd. Lavras	21	34	20	17
21/12/2025	Vila Nova Bonsucesso	16	14	11	13
21/12/2025	Jd. Triunfo	12	12	02	04
21/12/2025	Vila Carmela	11	22	12	10
21/12/2025	Jd. Fortaleza II	10	9	5	6
21/12/2025	Jd. Vila Rica	17	21	11	18
21/12/2025	Vila Carmela	23	20	22	22
26/10/2025	Vila São João	7	9	11	8
19/10/2025	Inocoop I	13	24	30	20
21/12/2025	Jd. Ponte Alta	9	16	7	6
28/12/2025	Pq. São Luiz	3	2	6	6
28/12/2025	Jd. Fortaleza III	11	7	10	7
28/12/2025	Jd. Maria Dirce	7	9	5	6
28/12/2025	Inocoop II	15	14	11	14
07/12/2025	Jd. Fortaleza	13	5	5	12
14/12/2025	Jd. Fortaleza	19	9	7	13
21/12/2025	Jd. Fortaleza	12	13	4	8
28/12/2025	Jd. Fortaleza	15	11	4	11
28/12/2025	Jd. Ponte Alta	16	12	6	8
28/12/2025	Orquidiama	10	08	03	05
28/12/2025	Vila São José	15	07	11	16
28/12/2025	Pq. Santos Dumont	17	17	19	12
28/12/2025	Jd. Álamo	12	13	7	5
21/12/2025	Pq. Santos Dumont	4	8	4	1
14/12/2025	Pq. Santos Dumont	17	22	7	3
07/12/2025	Inocoop I	25	27	30	22
14/12/2025	Inocoop I	25	27	30	22
21/12/2025	Inocoop I	18	23	18	18
28/12/2025	Inocoop I	25	30	29	33
14/12/2025	Inocoop I	20	11	31	30
28/12/2025	Jd. Vila Rica II	8	6	1	2
21/12/2025	Jd. Hanna	7	11	23	17
28/12/2025	Jd. Hanna	8	16	26	21
28/12/2025	Jd. Ponte Alta II	13	11	15	16
28/12/2025	Jd. Vila Rica	6	10	5	7
28/12/2025	Jd. Fátima	21	20	15	17
07/12/2025	Jd. Pres. Dutra	16	30	18	13
14/12/2025	Jd. Pres. Dutra	17	32	15	12
21/12/2025	Jd. Pres. Dutra	98	70	23	21
28/12/2025	Jd. Pres. Dutra	21	33	15	13
28/12/2025	Jd. Fortaleza II	11	8	8	12
28/12/2025	Vila Carmela	23	21	15	16
21/12/2025	Pq. Residencial Bambi	15	15	16	9
28/12/2025	Pq. Residencial Bambi	15	14	15	14
28/12/2025	Maria Paula	6	5	18	10
07/12/2025	Jd. Fortaleza	13	5	5	12
14/12/2025	Jd. Fortaleza	19	9	7	13
21/12/2025	Jd. Fortaleza	12	13	4	8
28/12/2025	Jd. Fortaleza	15	11	4	11
28/12/2025	Vila Nova Bonsucesso	27	33	22	16
30/11/2025	Jd. Fortaleza II	5	10	3	6
14/12/2025	Vila São João	11	06	07	06
21/12/2025	Vila São João	10	06	11	10
28/12/2025	Vila São João	09	03	05	03
14/12/2025	Jd. Fortaleza II	10	9	5	6
28/12/2025	Vila Carmela	26	24	20	22
04/01/2026	Pq. São Luiz	5	2	3	5
04/01/2026	Jd. Fortaleza III	6	9	3	4
04/01/2026	Jd. Álamo	18	13	08	07
04/01/2026	Inocoop II	15	20	6	9
04/01/2026	Pq. Residencial Bambi	10	10	11	9
04/01/2026	Jd. Fátima	20	19	15	12
04/01/2026	Jd. Ponte Alta	11	16	7	6
28/12/2025	Vila União	8	4	6	7
04/01/2026	Maria Paula	06	07	12	13
04/01/2026	Vila Carmela	25	33	19	13
04/01/2026	Vila União	7	4	5	4
21/12/2025	Soberana I	13	14	16	11
04/01/2026	Soberana I	15	13	9	11
04/01/2026	Orquidiama	9	7	1	4
04/01/2026	Jd. Hanna	6	7	15	14
28/12/2025	Jd. Triunfo	09	08	02	04
04/01/2026	Jd. Ponte Alta II	11	7	9	10
14/12/2025	Jd. St. Paula	6	4	10	17
21/12/2025	Jd. St. Paula	5	7	13	19
28/12/2025	Jd. St. Paula	6	6	8	15
04/01/2026	Jd. Vila Rica	10	11	5	12
04/01/2026	Vila Carmela	26	21	24	25
04/01/2026	Vila São João	12	13	06	05
04/01/2026	Jd. Pres. Dutra	14	32	16	13
04/01/2026	Vila Carmela	28	24	25	23
11/01/2026	Pq. São Luiz	5	2	6	6
11/01/2026	Jd. Fortaleza III	07	09	02	01
11/01/2026	Jd. Maria Dirce	7	9	8	6
11/01/2026	Jd. Fortaleza II	9	9	5	9
11/01/2026	Maria Paula	10	07	10	16
11/01/2026	Jd. Ponte Alta	12	13	8	9
11/01/2026	Inocoop II	12	17	11	10
11/01/2026	Soberana I	16	13	14	11
11/01/2026	Vila São João	19	11	08	08
11/01/2026	Jd. Fátima	17	16	9	18
09/11/2025	Cid. Nova Soberana	19	15	14	18
23/11/2025	Cid. Nova Soberana	10	11	9	15
30/11/2025	Cid. Nova Soberana	13	10	15	20
07/12/2025	Cid. Nova Soberana	13	16	9	10
14/12/2025	Cid. Nova Soberana	14	12	12	13
21/12/2025	Cid. Nova Soberana	6	11	7	9
28/12/2025	Cid. Nova Soberana	16	11	9	18
04/01/2026	Cid. Nova Soberana	11	17	12	14
11/01/2026	Cid. Nova Soberana	15	15	11	16
11/01/2026	Jd. Vila Rica	5	12	9	10
04/01/2026	Vila Nova Bonsucesso	22	20	11	10
11/01/2026	Vila Nova Bonsucesso	20	27	13	11
25/01/2026	Vila São José	10	10	15	20
11/01/2026	Jd. Ponte Alta II	14	8	8	8
11/01/2026	Jd. Álamo	22	18	9	7
04/01/2026	Pq. Santos Dumont	12	16	6	8
11/01/2026	Orquidiama	10	10	5	8
11/01/2026	Jd. Pres. Dutra	20	31	16	18
11/01/2026	Jd. Hanna	6	12	14	8
11/01/2026	Vila Carmela	0	0	0	0
11/01/2026	Pq. Santos Dumont	14	13	10	5
30/11/2025	Jd. Jade	6	7	8	12
07/12/2025	Jd. Jade	11	8	10	10
14/12/2025	Jd. Jade	6	6	8	10
21/12/2025	Jd. Jade	5	5	8	7
28/12/2025	Jd. Jade	8	9	9	8
07/12/2025	Jd. Munira	16	17	9	12
14/12/2025	Jd. Munira	12	14	16	12
21/12/2025	Jd. Munira	22	21	16	15
28/12/2025	Jd. Munira	13	13	17	15
07/12/2025	Jd. Novo Portugal	20	19	17	26
30/11/2025	Jd. Novo Portugal	28	26	14	14
07/12/2025	Soberana II	12	10	10	12
14/12/2025	Soberana II	14	12	13	13
28/12/2025	Soberana II	14	10	16	14
04/01/2026	Soberana II	14	14	13	11
11/01/2026	Soberana II	10	12	10	11
02/11/2025	Jd. Novo Portugal	31	30	14	17
09/11/2025	Jd. Novo Portugal	40	34	29	30
16/11/2025	Jd. Novo Portugal	27	15	17	31
23/11/2025	Jd. Novo Portugal	32	18	15	20
30/11/2025	Jd. Novo Portugal	28	26	14	14
07/12/2025	Jd. Novo Portugal	30	19	17	26
14/12/2025	Jd. Novo Portugal	31	15	14	14
21/12/2025	Jd. Novo Portugal	28	15	10	7
28/12/2025	Jd. Novo Portugal	29	18	16	20
04/01/2026	Jd. Novo Portugal	28	11	17	25
11/01/2026	Jd. Novo Portugal	0	0	0	0
07/12/2025	Jd. Lenize	23	20	17	18
14/12/2025	Jd. Lenize	19	17	17	15
21/12/2025	Jd. Lenize	19	21	16	16
28/12/2025	Jd. Lenize	34	29	22	25
04/01/2026	Jd. Triunfo	18	16	02	06
11/01/2026	Jd. Triunfo	06	07	06	02
18/01/2026	Jd. Fortaleza III	07	04	03	03
18/01/2026	Jd. Maria Dirce	8	6	5	7
18/01/2026	Jd. Fátima	10	10	13	11
18/01/2026	Inocoop II	16	22	8	15
18/01/2026	Jd. Vila Rica	10	9	3	11
18/01/2026	Jd. Ponte Alta	11	10	3	7
18/01/2026	Pq. Residencial Bambi	12	12	5	4
18/01/2026	Vila Carmela	25	23	18	20
18/01/2026	Orquidiama	9	5	2	6
18/01/2026	Vila São João	11	02	09	08
18/01/2026	Soberana I	13	12	13	8
11/01/2026	Vila União	8	5	5	1
18/01/2026	Vila União	7	3	9	5
18/01/2026	Pq. Santos Dumont	9	12	14	7
18/01/2026	Jd. Fortaleza II	9	8	6	6
18/01/2026	Jd. Ponte Alta II	10	10	10	16
18/01/2026	Jd. Álamo	21	17	9	7
18/01/2026	Jd. Hanna	7	11	23	17
18/01/2026	Jd. Pres. Dutra	15	34	12	8
18/01/2026	Vila Carmela	24	21	27	22
18/01/2026	Pq. São Luiz	5	2	6	8
25/01/2026	Pq. São Luiz	4	5	7	6
18/01/2026	Jd. Triunfo	06	11	04	02
25/01/2026	Jd. Fortaleza III	6	7	10	4
25/01/2026	Jd. Vila Rica	10	13	5	11
25/01/2026	Jd. Fátima	13	15	10	9
25/01/2026	Inocoop II	10	17	8	12
25/01/2026	Vila Carmela	36	50	15	11
04/01/2026	Jd. Fortaleza	16	11	8	10
11/01/2026	Jd. Fortaleza	15	9	10	15
18/01/2026	Jd. Fortaleza	10	14	9	14
25/01/2026	Jd. Fortaleza	17	9	7	19
25/01/2026	Pq. Residencial Bambi	17	18	13	16
25/01/2026	Vila União	10	4	9	5
25/01/2026	Orquidiama	12	5	4	7
25/01/2026	Jd. Ponte Alta	10	9	4	7
25/01/2026	Jd. Ponte Alta II	15	15	8	13
25/01/2026	Jd. Lavras	26	29	34	31
25/01/2026	Jd. Maria Dirce	4	8	7	6
25/01/2026	Pq. Santos Dumont	19	18	13	12
25/01/2026	Jd. Triunfo	06	05	05	03
25/01/2026	Jd. Pres. Dutra	23	33	20	15
18/01/2026	Vila São José	13	12	30	11
25/01/2026	Vila São José	13	09	24	12
25/01/2026	Jd. Álamo	25	26	6	13
04/01/2026	Inocoop I	25	34	41	32
11/01/2026	Inocoop I	17	25	26	16
18/01/2026	Inocoop I	22	23	37	25
25/01/2026	Inocoop I	13	32	30	30
25/01/2026	Jd. Fortaleza II	5	9	5	8
25/01/2026	Vila São João	05	02	08	09
25/01/2026	Jd. Hanna	5	10	22	16
28/12/2025	Jd. Lavras	20	25	20	17
04/01/2026	Jd. Lavras	16	30	13	11
18/01/2026	Jd. Lavras	15	24	18	12
25/01/2026	Vila Nova Bonsucesso	20	14	20	17
01/02/2026	Jd. Fortaleza III	4	5	1	2
01/02/2026	Pq. São Luiz	6	3	3	8
01/02/2026	Jd. Fátima	13	15	10	16
01/02/2026	Jd. Maria Dirce	7	7	7	7
01/02/2026	Vila Carmela	25	41	18	20
01/02/2026	Jd. Álamo	19	18	10	07
01/02/2026	Inocoop II	9	13	9	10
01/02/2026	Vila São João	10	05	07	10
01/02/2026	Pq. Residencial Bambi	13	16	18	13
01/02/2026	Soberana I	14	19	13	9
01/02/2026	Vila União	6	7	10	4
01/02/2026	Jd. Hanna	11	7	19	7
01/02/2026	Jd. Ponte Alta	14	16	4	6
01/02/2026	Vila Nova Bonsucesso	21	27	9	11
01/02/2026	Jd. Ponte Alta II	16	10	1	12
01/02/2026	Jd. Lavras	20	27	15	15
11/01/2026	Jd. Lavras	19	34	27	15
01/02/2026	Jd. Triunfo	13	13	10	04
01/02/2026	Orquidiama	11	7	2	4
01/02/2026	Vila São José	12	13	14	10
25/01/2026	Vila Carmela	31	25	28	20
01/02/2026	Vila Carmela	25	41	18	24
08/02/2026	Pq. São Luiz	5	2	10	7
08/02/2026	Jd. Fortaleza III	7	4	2	2
08/02/2026	Jd. Maria Dirce	7	8	7	6
08/02/2026	Jd. Vila Rica	7	7	7	8
01/02/2026	Jd. Vila Rica	11	13	6	10
08/02/2026	Inocoop II	14	19	12	15
08/02/2026	Orquidiama	7	6	1	6
08/02/2026	Jd. Fátima	15	17	12	10
08/02/2026	Jd. Triunfo	05	07	05	02
08/02/2026	Pq. Residencial Bambi	11	20	16	12
08/02/2026	Jd. Hanna	5	10	20	16
08/02/2026	Jd. Ponte Alta II	9	17	12	19
08/02/2026	Jd. Álamo	24	22	10	5
08/02/2026	Soberana I	15	14	10	10
08/02/2026	Vila Carmela	24	39	15	18
01/02/2026	Pq. Santos Dumont	16	21	8	9
08/02/2026	Pq. Santos Dumont	10	16	4	4
08/02/2026	Jd. Ponte Alta	8	12	12	12
04/01/2026	Jd. St. Paula	9	8	16	18
11/01/2026	Jd. St. Paula	6	4	9	16
18/01/2026	Jd. St. Paula	8	6	12	20
25/01/2026	Jd. St. Paula	6	8	15	26
01/02/2026	Jd. St. Paula	7	6	11	18
08/02/2026	Jd. St. Paula	8	6	12	16
15/02/2026	Jd. Maria Dirce	6	7	13	8
15/02/2026	Pq. São Luiz	6	3	7	9
15/02/2026	Jd. Álamo	16	15	06	07
15/02/2026	Pq. Residencial Bambi	14	15	15	14
15/02/2026	Soberana I	14	12	13	7
15/02/2025	Orquidiama	11	8	4	6
15/02/2026	Jd. Lavras	13	25	25	17
15/02/2026	Jd. Fátima	14	13	12	11
15/02/2026	Jd. Ponte Alta	18	20	4	7
08/02/2026	Vila União	7	8	5	9
15/02/2026	Vila União	7	2	5	5
15/02/2026	Jd. Ponte Alta II	8	10	13	19
15/02/2026	Pq. Santos Dumont	30	27	8	4
15/02/2026	Jd. Triunfo	05	05	06	03
15/02/2026	Inocoop II	22	26	6	13
15/02/2026	Vila Carmela	17	18	25	28
08/02/2026	Vila São José	19	10	18	14
15/02/2026	Vila São José	14	13	24	29
08/02/2026	Vila Nova Bonsucesso	19	20	16	13
15/02/2026	Vila Nova Bonsucesso	12	21	19	8
15/02/2026	Jd. Fortaleza II	10	10	10	8
08/02/2026	Jd. Pres. Dutra	28	40	19	11
15/02/2026	Jd. Pres. Dutra	24	32	17	20
15/02/2026	Jd. Pres. Dutra	24	32	17	20
15/02/2026	Jd. Vila Rica	13	11	10	13
15/02/2026	Vila Carmela	32	28	25	23
08/02/2025	Vila Carmela	30	26	22	20
15/02/2026	Jd. Hanna	9	10	21	18
15/02/2026	Jd. St. Paula	8	12	17	27
15/02/2026	Jd. Fortaleza III	5	6	3	2
22/02/2026	Jd. Fortaleza III	8	7	4	4
22/02/2026	Pq. São Luiz	5	3	9	9
22/02/2026	Jd. Maria Dirce	9	9	7	4
22/02/2026	Inocoop II	14	24	12	14
22/02/2026	Jd. Fátima	18	14	11	13
22/02/2026	Jd. Ponte Alta	17	16	3	10
22/02/2026	Soberana I	14	17	9	10
22/02/2026	Jd. Hanna	08	12	17	16
22/02/2026	Orquidiama	10	08	09	09
22/02/2026	Vila Carmela	21	17	20	21
22/02/2026	Pq. Santos Dumont	11	21	3	2
22/02/2026	Pq. Santos Dumont	11	21	13	2
22/02/2026	Vila União	11	6	9	8
22/02/2026	Jd. Álamo	21	15	9	5
22/02/2026	Jd. Fortaleza II	7	12	7	9
22/02/2026	Jd. Lavras	25	35	16	17
08/02/2026	Vila Carmela	25	39	24	23
15/02/2026	Vila Carmela	20	21	25	29
22/02/2026	Vila Carmela	21	19	25	24
22/02/2026	Jd. Ponte Alta II	13	10	5	15
22/02/2026	Jd. Pres. Dutra	23	28	23	20
22/02/2026	Jd. St. Paula	7	8	14	17
22/02/2026	Jd. Triunfo	06	06	06	02
18/01/2026	Vila Nova Bonsucesso	0	0	0	0
22/02/2026	Vila São João	13	07	12	07
15/02/2026	Vila São João	11	12	16	16
11/01/2026	Jd. Vila Rica II	5	5	0	5
18/01/2026	Jd. Vila Rica II	5	5	3	14
25/01/2026	Jd. Vila Rica II	2	3	1	14
01/02/2026	Jd. Vila Rica II	4	5	3	10
08/02/2026	Jd. Vila Rica II	6	6	6	12
15/02/2026	Jd. Vila Rica II	11	14	3	18
22/02/2026	Jd. Vila Rica II	31	25	8	12
11/01/2026	Jd. Munira	13	8	11	15
18/01/2026	Jd. Munira	16	11	9	13
25/01/2026	Jd. Munira	24	11	12	18
08/02/2026	Jd. Munira	17	18	11	21
15/02/2026	Jd. Munira	11	12	18	16
22/02/2026	Jd. Munira	21	21	16	15
04/01/2026	Jd. Munira	16	9	11	15
01/02/2026	Jd. Fortaleza	13	10	5	10
08/02/2026	Jd. Fortaleza	16	11	07	18
15/02/2026	Jd. Fortaleza	17	7	9	13
22/02/2026	Jd. Fortaleza	17	15	10	11
22/02/2026	Vila São José	08	13	20	20
01/03/2026	Pq. São Luiz	5	2	8	5
01/03/2026	Orquidiama	10	7	8	9
01/03/2026	Jd. Fátima	14	14	10	14
01/03/2026	Jd. Fortaleza III	7	7	7	0
01/02/2026	Inocoop I	22	32	36	30
08/02/2026	Inocoop I	25	31	23	26
01/03/2026	Jd. Maria Dirce	7	14	10	5
15/02/2026	Inocoop I	30	30	41	35
22/02/2026	Inocoop I	27	36	40	36
01/03/2026	Inocoop I	28	28	35	22
01/03/2026	Jd. Álamo	29	22	10	06
01/03/2026	Inocoop II	14	25	8	19
01/03/2026	Vila União	10	4	11	5
01/03/2026	Vila São João	09	07	09	05
01/03/2026	Pq. Residencial Bambi	11	15	17	13
22/02/2026	Pq. Residencial Bambi	14	17	18	21
01/03/2026	Vila São José	11	09	23	19
01/03/2026	Jd. Ponte Alta	11	14	4	7
01/03/2026	Pq. Santos Dumont	15	22	11	17
01/03/2026	Jd. Ponte Alta II	12	13	7	11
01/03/2026	Vila Nova Bonsucesso	21	18	13	15
01/03/2026	Vila Carmela	25	12	9	13
01/03/2026	Jd. Triunfo	07	08	03	03
01/03/2026	Jd. Lavras	17	21	16	16
01/03/2026	Jd. Fortaleza II	12	13	9	11
01/03/2026	Vila Carmela	28	24	21	23
01/03/2026	Soberana I	13	13	13	18
08/03/2026	Jd. Fortaleza III	9	6	3	3
08/03/2026	Pq. São Luiz	6	3	6	6
08/03/2026	Jd. Maria Dirce	9	6	6	10
08/03/2026	Vila São João	08	06	11	08
08/03/2026	Jd. Vila Rica	9	14	11	10
01/03/2026	Jd. Hanna	6	12	26	12
08/03/2026	Jd. Hanna	28	28	23	10
08/03/2026	Inocoop II	16	15	11	15
08/03/2026	Pq. Residencial Bambi	12	11	6	16
08/03/2026	Jd. Triunfo	06	06	06	01
08/03/2026	Orquidiama	10	12	6	7
08/03/2026	Vila União	9	4	3	6
22/02/2026	Jd. Vila Rica	9	11	9	8
01/03/2026	Jd. Vila Rica	10	11	9	12
08/03/2026	Jd. Álamo	19	12	10	9
08/03/2026	Vila Carmela	36	45	28	27
08/03/2026	Soberana I	16	17	10	12
08/03/2026	Jd. Lavras	16	26	18	19
08/03/2026	Jd. Fátima	15	18	12	10
08/03/2026	Jd. Ponte Alta II	11	9	8	21
08/03/2026	Jd. Pres. Dutra	20	32	21	15
01/03/2026	Jd. Pres. Dutra	20	29	14	15
08/03/2026	Vila Nova Bonsucesso	17	23	18	16
08/03/2026	Jd. Ponte Alta	7	13	7	8
08/03/2026	Jd. Lenize	17	16	16	12
08/03/2026	Inocoop I	0	0	0	0
18/01/2026	Cid. Nova Soberana	17	13	16	17
25/01/2026	Cid. Nova Soberana	17	15	15	17
01/02/2026	Cid. Nova Soberana	17	12	10	14
15/02/2026	Cid. Nova Soberana	13	14	16	13
22/02/2026	Cid. Nova Soberana	15	15	9	19
01/03/2026	Cid. Nova Soberana	23	15	16	23
08/03/2026	Cid. Nova Soberana	25	16	11	13
15/03/2026	Jd. Maria Dirce	7	8	12	9
15/03/2026	Jd. Fortaleza III	7	6	7	3
15/03/2026	Orquidiama	9	14	4	10
15/03/2026	Vila São João	07	06	10	07
15/03/2026	Jd. Hanna	09	07	25	16
15/03/2026	Inocoop II	15	24	9	16
15/03/2026	Pq. Santos Dumont	13	10	11	12
15/03/2026	Jd. Vila Rica	8	15	5	11
15/03/2026	Soberana I	17	15	11	9
15/03/2026	Jd. Fátima	17	16	14	11
15/03/2026	Vila Carmela	22	28	16	21
15/03/2026	Jd. Ponte Alta	11	16	2	6
15/03/2026	Jd. Ponte Alta II	14	10	10	15
08/03/2026	Vila São José	14	09	26	21
08/03/2026	Vila Carmela	28	45	36	37
15/03/2026	Vila Carmela	24	22	25	24
15/03/2026	Jd. Álamo	12	14	04	10
15/03/2026	Vila São José	15	13	16	22
15/03/2026	Vila União	8	5	7	8
15/03/2026	Vila Nova Bonsucesso	14	23	10	10
15/03/2026	Jd. Pres. Dutra	12	24	12	9
22/03/2026	Orquidiama	12	09	07	11
22/03/2026	Jd. Hanna	07	09	20	17
22/03/2026	Jd. Fátima	20	117	15	15
22/03/2026	Maria Paula	4	4	10	13
22/03/2026	Inocoop II	16	24	12	18
22/03/2026	Jd. Vila Rica	8	12	10	18
22/03/2026	Vila São João	12	07	09	09
22/03/2026	Pq. Residencial Bambi	9	4	15	18
22/03/2026	Jd. Ponte Alta II	10	11	5	21
22/03/2026	Jd. Fortaleza	20	37	12	16
22/03/2026	Vila Carmela	36	30	26	27
22/03/2026	Soberana I	14	17	11	8
22/03/2026	Vila União	8	4	6	6
22/03/2026	Jd. Álamo	22	21	8	6
22/03/2026	Vila São José	12	11	27	22
22/03/2026	Jd. Ponte Alta	10	16	5	7
01/03/2026	Jd. St. Paula	6	7	12	25
08/03/2026	Jd. St. Paula	6	9	16	23
15/03/2026	Jd. St. Paula	9	10	18	23
22/03/2026	Jd. St. Paula	6	7	13	27
22/03/2026	Jd. Pres. Dutra	19	38	16	12
22/03/2026	Vila Nova Bonsucesso	18	18	14	8
22/03/2026	Jd. Lenize	16	18	10	12
01/03/2026	Jd. Munira	17	16	7	16
08/03/2026	Jd. Munira	19	13	12	16
22/03/2026	Jd. Fortaleza III	7	1	5	4
29/03/2026	Jd. Fortaleza III	7	7	3	2
15/03/2026	Pq. São Luiz	14	11	2	3
22/03/2026	Pq. São Luiz	4	2	4	6
29/03/2026	Pq. São Luiz	6	2	8	9
29/03/2026	Jd. Maria Dirce	5	7	9	9
29/03/2026	Jd. Vila Rica	16	20	11	22
29/03/2026	Jd. Álamo	23	19	08	10
29/03/2026	Jd. Hanna	7	10	15	16
29/03/2026	Inocoop II	18	15	12	15
29/03/2026	Maria Paula	8	6	8	13
29/03/2026	Jd. Fátima	13	10	15	12
01/03/2026	Jd. Fortaleza	20	10	7	21
08/03/2026	Jd. Fortaleza	16	15	7	12
15/03/2026	Jd. Fortaleza	11	11	9	12
22/03/2026	Jd. Fortaleza	20	37	12	16
29/03/2026	Jd. Fortaleza	15	13	8	13
29/03/2026	Vila União	6	5	8	6
29/03/2026	Soberana I	24	33	15	16
29/03/2026	Jd. Ponte Alta II	7	11	10	16
15/03/2026	Pq. Residencial Bambi	10	8	17	22
29/03/2026	Pq. Residencial Bambi	17	23	19	15
15/03/2026	Jd. Fortaleza II	10	10	10	8
22/03/2026	Jd. Fortaleza II	5	5	8	10
29/03/2026	Jd. Fortaleza II	6	7	5	3
29/03/2026	Jd. Ponte Alta	11	10	5	7
08/03/2026	Jd. Fortaleza II	9	8	6	15
04/01/2026	Jd. Fortaleza II	8	8	6	6
08/02/2026	Jd. Fortaleza II	7	11	5	5
08/02/2026	Jd. Fortaleza II	8	6	2	5
08/02/2026	Vila São João	07	05	10	07
29/03/2026	Jd. Triunfo	05	06	05	01
22/03/2025	Jd. Triunfo	07	09	09	04
15/03/2026	Jd. Triunfo	06	06	06	04
29/03/2026	Orquidiama	11	6	6	6
22/02/2026	Vila Nova Bonsucesso	24	25	15	10
29/03/2026	Vila Nova Bonsucesso	17	24	8	9
01/03/2026	Maria Paula	6	5	12	10
08/03/2026	Maria Paula	5	5	8	3
15/03/2026	Maria Paula	4	4	9	7
18/01/2026	Maria Paula	4	5	6	4
25/01/2026	Maria Paula	6	5	5	3
18/01/2026	Soberana II	12	10	9	10
25/01/2026	Soberana II	10	10	13	11
01/02/2026	Soberana II	14	15	10	13
08/02/2026	Soberana II	9	10	9	10
15/02/2026	Soberana II	13	11	10	11
22/02/2026	Soberana II	10	10	8	9
01/03/2026	Soberana II	10	8	8	7
08/03/2026	Soberana II	10	12	9	8
15/03/2026	Soberana II	10	10	9	11
22/03/2026	Soberana II	12	12	6	5
29/03/2026	Soberana II	12	10	8	7
15/03/2026	Jd. Munira	18	20	15	12
22/03/2026	Jd. Munira	22	22	18	14
29/03/2026	Jd. Munira	15	18	13	14
29/03/2026	Vila São João	17	15	15	10
01/02/2026	Jd. Novo Portugal	20	8	13	18
08/02/2026	Jd. Novo Portugal	37	26	19	21
08/02/2026	Jd. Lavras	0	0	0	0
15/02/2026	Jd. Novo Portugal	27	10	19	32
22/03/2026	Jd. Lavras	23	20	13	26
15/03/2026	Jd. Lavras	21	18	17	14
29/03/2026	Jd. Lavras	21	40	25	28
22/02/2026	Jd. Novo Portugal	43	17	17	32
01/03/2026	Jd. Novo Portugal	29	28	16	20
08/03/2026	Jd. Novo Portugal	40	22	14	17
15/03/2026	Jd. Novo Portugal	42	26	18	17
22/03/2026	Jd. Novo Portugal	35	19	19	33
29/03/2026	Jd. Novo Portugal	47	48	28	20
29/03/2026	Vila São José	12	07	28	25
22/02/2026	Jd. Lenize	37	33	15	15
01/03/2026	Jd. Lenize	15	10	09	11
08/03/2026	Jd. Lenize	17	16	13	12
15/03/2026	Jd. Lenize	12	06	16	12
22/03/2026	Jd. Lenize	10	12	13	13
29/03/2026	Jd. Lenize	10	09	14	07
04/01/2026	Jd. Jade	6	7	8	7
11/01/2026	Jd. Jade	7	6	7	8
18/01/2026	Jd. Jade	6	7	6	6
25/01/2026	Jd. Jade	6	6	8	7
01/02/2026	Jd. Jade	6	5	8	8
08/02/2026	Jd. Jade	7	6	8	7
15/02/2026	Jd. Jade	6	6	8	8
22/02/2026	Jd. Jade	5	7	8	10
01/03/2026	Jd. Jade	7	9	7	7
08/03/2026	Jd. Jade	6	7	7	6
15/03/2026	Jd. Jade	6	7	7	6
22/03/2026	Jd. Jade	5	7	7	12
29/03/2026	Jd. Jade	6	6	7	8
04/01/2026	Jd. Lenize	18	16	15	15
11/01/2026	Jd. Lenize	16	15	17	18
18/01/2026	Jd. Lenize	17	20	17	12
25/01/2026	Jd. Lenize	23	19	20	17
01/02/2026	Jd. Lenize	18	17	16	16
08/02/2026	Jd. Lenize	17	18	12	14
15/02/2026	Jd. Lenize	23	22	19	17
22/02/2026	Jd. Lenize	37	33	15	16
01/02/2026	Jd. Pres. Dutra	22	29	13	14
29/03/2026	Jd. Pres. Dutra	20	33	22	13
15/03/2026	Inocoop I	20	31	40	30
22/03/2026	Inocoop I	32	36	32	34
29/03/2026	Inocoop I	22	30	40	28
22/03/2026	Vila Carmela	36	27	23	30
29/03/2026	Vila Carmela	26	24	23	20
05/04/2026	Jd. Ponte Alta II	16	12	12	22
05/04/2026	Vila São José	20	21	24	14
05/04/2026	Jd. Novo Portugal	30	21	23	23
05/04/2026	Jd. Ponte Alta	17	16	15	15
05/04/2026	Jd. Munira	27	22	17	16
05/04/2026	Orquidiama	11	11	4	2
05/04/2026	Jd. Fátima	16	18	15	12
05/04/2026	Jd. Fortaleza III	6	7	3	4
05/04/2026	Vila União	10	7	12	4
05/04/2026	Inocoop II	23	26	7	16
05/04/2026	Jd. Hanna	13	22	27	22
05/04/2026	Jd. Vila Rica	11	15	14	13
05/04/2026	Soberana I	21	20	16	15
05/04/2026	Vila Carmela	26	24	30	18
29/03/2026	Vila Carmela	16	18	24	20
05/04/2026	Jd. Fortaleza	19	18	8	9
05/04/2026	Jd. Álamo	32	22	7	5
05/04/2026	Vila Nova Bonsucesso	24	21	34	25
05/04/2026	Jd. Fortaleza II	9	12	4	6
15/03/2026	Vila Carmela	26	28	21	24
22/03/2026	Vila Carmela	36	32	23	30
05/04/2026	Vila Carmela	26	24	30	27
05/04/2026	Jd. Pres. Dutra	138	105	26	21
05/04/2026	Jd. Lenize	103	101	25	20
12/04/2026	Jd. Fortaleza III	9	7	3	2
05/04/2026	Pq. São Luiz	4	2	10	8
12/04/2026	Pq. São Luiz	7	5	6	9
12/04/2026	Jd. Maria Dirce	6	7	11	11
12/04/2026	Orquidiama	5	6	5	5
12/04/2026	Jd. Álamo	14	20	08	09
12/04/2026	Jd. Fátima	23	22	17	18
12/04/2026	Jd. Hanna	8	14	9	15
12/04/2026	Inocoop II	18	18	9	15
12/04/2026	Jd. Vila Rica	9	15	10	16
12/04/2026	Jd. Ponte Alta	15	10	6	11
12/04/2026	Pq. Residencial Bambi	13	18	20	23
05/04/2026	Pq. Residencial Bambi	14	15	22	9
12/04/2026	Jd. Novo Portugal	32	14	16	18
12/04/2026	Jd. Ponte Alta II	10	11	5	14
12/04/2026	Vila São João	11	07	10	07
12/04/2026	Jd. Lenize	67	75	30	20
08/03/2026	Pq. Santos Dumont	20	16	12	10
22/03/2026	Pq. Santos Dumont	22	24	10	8
29/03/2026	Pq. Santos Dumont	18	16	12	12
05/04/2026	Pq. Santos Dumont	36	31	12	8
12/04/2026	Pq. Santos Dumont	36	31	12	8
12/04/2026	Vila Carmela	16	21	19	18
05/04/2026	Jd. Lavras	28	35	29	30
12/04/2026	Jd. Lavras	17	24	19	18
12/04/2026	Vila São José	11	12	29	11
12/04/2026	Vila Nova Bonsucesso	0	0	0	0
19/04/2026	Jd. Fortaleza III	5	5	1	4
19/04/2026	Pq. São Luiz	5	2	8	9
19/04/2026	Jd. Vila Rica	7	9	11	16
19/04/2026	Jd. Maria Dirce	5	9	7	3
19/04/2026	Vila São João	11	03	11	12
19/04/2026	Inocoop II	19	26	10	15
19/04/2026	Jd. Fátima	15	13	12	11
19/04/2026	Vila Nova Bonsucesso	19	15	14	15
19/04/2026	Pq. Santos Dumont	10	21	12	11
12/04/2026	Vila União	8	5	9	4
19/04/2026	Vila União	8	4	7	3
19/04/2026	Pq. Residencial Bambi	11	14	28	19
05/04/2026	Jd. Triunfo	08	08	06	04
12/04/2026	Jd. Triunfo	06	08	04	01
19/04/2026	Jd. Ponte Alta II	9	13	2	16
19/04/2026	Maria Paula	7	7	17	23
19/04/2026	Jd. Álamo	21	16	12	8
12/04/2026	Jd. Pres. Dutra	20	26	13	9
19/04/2026	Jd. Pres. Dutra	21	25	16	14
19/04/2026	Jd. Ponte Alta	12	8	5	13
19/04/2026	Vila Carmela	24	28	24	21
12/04/2026	Vila Carmela	26	22	24	22
19/04/2026	Vila Carmela	24	22	25	21
12/04/2026	Soberana I	14	18	9	5
19/04/2026	Soberana I	19	21	11	16
26/04/2026	Jd. Fortaleza III	7	6	1	2
26/04/2026	Jd. Lenize	13	10	15	12
19/04/2026	Jd. Lenize	11	11	14	12
26/04/2026	Jd. Maria Dirce	8	7	7	5
26/04/2026	Jd. Vila Rica	11	13	6	9
26/04/2026	Jd. Fátima	38	31	22	25
26/04/2026	Inocoop II	13	24	9	15
26/04/2026	Maria Paula	6	7	20	14
26/04/2026	Jd. Ponte Alta II	6	3	3	8
26/04/2026	Jd. Ponte Alta	14	12	4	10
26/04/2026	Vila Carmela	20	12	19	13
26/04/2026	Pq. Residencial Bambi	11	19	27	16
26/04/2026	Vila União	8	7	7	6
19/04/2026	Orquidiama	1	1	4	1
26/04/2026	Orquidiama	11	7	3	2
26/04/2026	Vila Nova Bonsucesso	19	17	13	19
26/04/2026	Jd. Lavras	26	41	30	16
19/04/2026	Jd. Lavras	18	26	18	25
26/04/2026	Jd. Hanna	6	9	20	23
19/04/2026	Jd. Hanna	10	10	17	16
19/04/2026	Soberana I	14	18	8	5
26/04/2026	Jd. Álamo	25	26	13	13
26/04/2026	Jd. Fortaleza II	9	13	6	12
19/04/2026	Jd. Fortaleza II	7	7	8	10
26/04/2026	Vila Carmela	26	20	24	19
26/04/2026	Vila Carmela	22	19	25	23
19/04/2026	Jd. Novo Portugal	33	35	13	22
12/04/2026	Jd. Fortaleza	12	15	9	11
19/04/2026	Jd. Fortaleza	15	14	4	9
26/04/2026	Jd. Fortaleza	15	16	9	7
03/05/2026	Pq. São Luiz	3	4	2	4
03/05/2026	Jd. Fortaleza III	07	05	04	02
03/05/2026	Inocoop II	16	25	09	09
03/05/2026	Jd. Fátima	13	14	11	10
03/05/2026	Jd. Maria Dirce	10	8	3	7
03/05/2026	Jd. Álamo	23	22	4	14
03/05/2026	Jd. Hanna	7	13	19	14
03/05/2026	Orquidiama	11	7	2	3
03/05/2026	Pq. Residencial Bambi	8	21	18	7
03/05/2026	Jd. Ponte Alta	16	15	6	12
03/05/2026	Vila Carmela	0	0	0	0
03/05/2026	Maria Paula	10	8	12	22
03/05/2026	Jd. Ponte Alta II	11	11	4	12
03/05/2026	Vila União	6	4	6	5
03/05/2026	Pq. Santos Dumont	14	21	8	6
03/05/2026	Jd. Fortaleza II	10	8	10	8
03/05/2026	Vila Nova Bonsucesso	14	26	10	12
19/04/2026	Jd. Pres. Dutra	21	25	16	14
26/04/2026	Jd. Pres. Dutra	22	34	13	13
03/05/2026	Jd. Pres. Dutra	155	150	20	23
03/05/2026	Vila São José	23	19	42	24
03/05/2026	Inocoop I	28	35	31	38
26/04/2026	Inocoop I	32	30	27	29
19/04/2026	Inocoop I	23	30	35	32
26/04/2026	Inocoop I	25	28	29	27
03/05/2026	Inocoop I	13	16	32	15
03/05/2026	Vila São João	03	08	08	04
26/04/2026	Pq. Santos Dumont	14	12	11	9
22/03/2026	Cid. Nova Soberana	12	13	10	21
29/03/2026	Cid. Nova Soberana	22	18	18	20
12/04/2026	Cid. Nova Soberana	20	17	12	16
26/04/2026	Cid. Nova Soberana	21	8	7	13
03/05/2026	Cid. Nova Soberana	13	17	11	16
10/05/2026	Jd. Maria Dirce	4	6	2	5
03/05/2026	Jd. Maria Dirce	10	8	3	7
10/05/2026	Pq. São Luiz	5	3	4	9
19/04/2026	Cid. Nova Soberana	16	12	12	17
10/05/2026	Jd. Álamo	13	14	1	7
10/05/2026	Jd. Fátima	17	15	11	9
10/05/2026	Pq. Santos Dumont	17	16	0	1
10/05/2026	Vila São João	08	11	06	11
10/05/2026	Inocoop II	16	16	03	07
10/05/2026	Jd. Vila Rica	5	13	7	12
10/05/2026	Orquidiama	8	8	2	5
10/05/2026	Pq. Residencial Bambi	13	11	7	14
10/05/2026	Jd. Hanna	7	9	7	7
10/05/2026	Jd. Ponte Alta	7	8	2	5
10/05/2026	Jd. Ponte Alta II	11	10	4	7
10/05/2026	Vila São José	10	06	05	10
10/05/2026	Vila Carmela	14	19	8	9
10/05/2026	Jd. Triunfo	05	05	02	01
31/05/2026	Jd. Triunfo	06	05	04	02
26/04/2026	Jd. Triunfo	07	08	06	03
19/04/2026	Jd. Triunfo	07	09	02	00
10/05/2026	Jd. Fortaleza III	0	0	0	0
03/05/2026	Vila Carmela	22	20	24	23
10/05/2026	Vila Carmela	25	22	23	20
12/04/2026	Jd. Munira	19	14	9	15
19/04/2026	Jd. Munira	14	15	7	11
26/04/2026	Jd. Munira	14	17	11	18
17/05/2026	Pq. São Luiz	5	3	8	6
17/05/2026	Jd. Maria Dirce	4	8	8	5
17/05/2026	Jd. Vila Rica	8	9	7	18
17/05/2026	Pq. Santos Dumont	13	13	8	4
17/05/2026	Vila Carmela	21	22	11	13
17/05/2026	Jd. Ponte Alta II	9	10	6	15
17/05/2026	Orquidiama	5	6	1	0
17/05/2026	Inocoop II	0	0	0	0
17/05/2026	Jd. Hanna	7	9	12	12
17/05/2026	Jd. Fátima	15	13	12	10
17/05/2026	Maria Paula	8	7	3	12
17/05/2026	Jd. Ponte Alta	6	11	3	5
17/05/2026	Jd. Triunfo	07	10	09	02
10/05/2026	Vila União	6	4	5	4
17/05/2026	Vila União	3	3	8	2
17/05/2026	Vila São João	11	10	12	11
10/05/2026	Jd. Pres. Dutra	17	5	11	39
17/05/2026	Jd. Pres. Dutra	45	12	14	50
17/05/2026	Vila Carmela	24	21	23	22
17/05/2026	Jd. Álamo	18	15	6	13
10/05/2026	Vila Nova Bonsucesso	12	9	10	4
17/05/2026	Vila Nova Bonsucesso	0	0	0	0
24/05/2026	Jd. Fátima	17	12	12	11
17/05/2026	Jd. Fortaleza III	5	3	4	1
24/05/2026	Jd. Fortaleza III	11	7	2	2
24/05/2026	Pq. São Luiz	6	4	9	9
24/05/2026	Jd. Maria Dirce	6	7	6	4
24/05/2026	Vila São João	07	08	07	10
03/05/2026	Jd. Fortaleza	17	17	6	14
10/05/2026	Jd. Fortaleza	30	27	10	25
17/05/2026	Jd. Fortaleza	13	17	5	5
24/05/2026	Jd. Fortaleza	11	14	8	6
24/05/2026	Inocoop II	20	24	10	08
24/05/2026	Vila União	9	3	8	4
24/05/2026	Pq. Santos Dumont	13	15	9	6
24/05/2026	Soberana I	12	19	10	5
24/05/2026	Maria Paula	9	9	16	18
24/05/2026	Jd. Novo Portugal	29	17	12	25
10/05/2026	Jd. Fortaleza II	10	10	14	8
24/05/2026	Jd. Álamo	0	0	0	0
24/05/2026	Jd. Fortaleza II	6	6	4	4
24/05/2026	Vila Carmela	29	40	14	10
24/05/2026	Jd. Ponte Alta II	8	7	3	11
29/03/2026	Jd. St. Paula	8	9	15	25
05/04/2026	Jd. St. Paula	7	9	18	22
12/04/2026	Jd. St. Paula	7	8	15	19
19/04/2026	Jd. St. Paula	6	10	19	23
26/04/2026	Jd. St. Paula	7	9	17	21
03/05/2026	Jd. St. Paula	4	10	15	18
10/05/2026	Jd. St. Paula	6	16	11	15
17/05/2026	Jd. St. Paula	6	11	17	20
24/05/2026	Orquidiama	09	08	06	08
24/05/2026	Jd. Hanna	5	13	12	19
24/05/2026	Vila Carmela	34	50	26	22
24/05/2026	Jd. Pres. Dutra	29	38	17	22
24/05/2026	Jd. Ponte Alta	10	17	4	6
17/05/2026	Soberana I	13	9	11	5
31/05/2026	Pq. São Luiz	6	3	10	5
24/05/2026	Vila Nova Bonsucesso	15	18	9	9
31/05/2026	Jd. Fortaleza III	6	8	6	1
31/05/2026	Jd. Álamo	25	20	12	10
31/05/2026	Jd. Fátima	0	0	0	0
31/05/2026	Vila União	0	0	0	0
05/04/2026	Jd. Lenize	12	10	14	10
17/05/2026	Jd. Lenize	11	5	10	8
31/05/2026	Jd. Lenize	13	7	10	12
31/05/2026	Maria Paula	7	6	15	21
17/05/2026	Pq. Residencial Bambi	6	5	8	12
24/05/2026	Pq. Residencial Bambi	13	8	11	15
31/05/2026	Pq. Residencial Bambi	16	15	14	13
31/05/2026	Jd. Ponte Alta	16	16	6	8
31/05/2026	Orquidiama	8	8	2	8
31/05/2026	Inocoop II	18	23	10	11
31/05/2026	Soberana I	0	0	0	0
31/05/2026	Vila Carmela	19	20	16	18
31/05/2026	Jd. Ponte Alta II	10	10	7	19
31/05/2026	Vila Carmela	28	26	20	18
31/05/2026	Vila Nova Bonsucesso	11	19	15	13
24/05/2026	Jd. Triunfo	07	08	04	01
31/05/2026	Jd. Hanna	8	6	14	10
24/05/2026	Jd. Pres. Dutra	29	38	22	17
31/05/2026	Jd. Pres. Dutra	35	39	13	18
31/05/2026	Jd. Fortaleza II	6	5	9	9
07/06/2026	Jd. Álamo	12	18	4	10
07/06/2026	Jd. Fortaleza III	7	5	7	3
24/05/2026	Jd. Vila Rica	9	13	11	7
31/05/2026	Jd. Vila Rica	14	12	8	9
07/06/2026	Jd. Vila Rica	10	18	12	15
07/06/2026	Jd. Fátima	13	12	17	16
07/06/2026	Vila São José	11	14	18	09
07/06/2026	Inocoop II	25	28	10	10
07/06/2026	Pq. Residencial Bambi	13	9	19	18
07/06/2026	Jd. Hanna	5	10	9	11
07/06/2026	Vila Carmela	19	26	11	20
07/06/2026	Jd. Ponte Alta	14	10	4	5
07/06/2026	Jd. Ponte Alta II	9	14	6	10
07/06/2026	Soberana I	18	27	11	8
31/05/2026	Jd. Triunfo	07	11	07	01
24/05/2026	Jd. Triunfo	07	08	04	01
07/06/2026	Vila União	8	6	10	9
07/06/2026	Jd. Fortaleza II	10	9	9	10
07/06/2026	Orquidiama	11	09	02	07
07/06/2026	Jd. Lenize	0	0	0	0
07/06/2026	Jd. Triunfo	07	10	04	05
07/06/2026	Jd. Pres. Dutra	24	39	17	19
03/05/2026	Inocoop I	13	16	32	15
10/05/2026	Inocoop I	33	40	14	20
17/05/2026	Inocoop I	18	22	24	25
24/05/2026	Inocoop I	20	26	23	24
31/05/2026	Inocoop I	18	23	23	19
07/06/2026	Pq. São Luiz	6	2	7	6
14/06/2026	Jd. Ponte Alta	0	0	0	0
14/06/2026	Jd. Fortaleza III	3	7	2	6
14/06/2026	Orquidiama	08	09	06	07
14/06/2026	Jd. Álamo	26	25	13	14
14/06/2026	Inocoop II	11	18	10	12
14/06/2026	Vila São João	16	08	10	10
14/06/2026	Pq. Residencial Bambi	13	14	17	15
14/06/2026	Jd. Novo Portugal	30	12	10	26
17/05/2026	Vila São José	13	17	15	08
24/05/2026	Vila São José	10	13	22	20
31/05/2026	Vila São José	13	17	15	08
14/06/2026	Vila São José	13	12	18	17
14/06/2026	Jd. Fátima	16	13	12	10
14/06/2026	Vila União	8	2	3	3
14/06/2026	Jd. Ponte Alta II	13	14	10	18
14/06/2026	Vila Carmela	14	25	19	23
14/06/2026	Jd. Hanna	8	12	19	18
07/06/2026	Vila Carmela	22	28	25	23
14/06/2026	Vila Carmela	28	25	24	26
14/06/2026	Pq. São Luiz	5	3	5	7
21/06/2026	Pq. São Luiz	4	2	3	6
21/06/2026	Jd. Fátima	10	9	12	8
21/06/2026	Inocoop II	17	25	12	14
14/06/2026	Jd. Vila Rica	11	12	9	14
21/06/2026	Jd. Vila Rica	7	5	4	14
21/06/2026	Soberana I	15	10	8	6
21/06/2026	Jd. Ponte Alta II	7	6	5	15
21/06/2026	Jd. Novo Portugal	35	16	23	25
21/06/2026	Jd. Ponte Alta	17	15	4	5
21/06/2026	Jd. Hanna	5	9	12	16
21/06/2026	Pq. Santos Dumont	9	12	10	11
31/05/2026	Pq. Santos Dumont	8	18	10	10
14/06/2026	Pq. Santos Dumont	16	14	8	7
07/06/2026	Pq. Santos Dumont	12	11	9	8
21/06/2026	Vila Carmela	16	29	23	23
21/06/2026	Jd. Fortaleza III	09	05	01	03
21/06/2026	Vila São José	21	16	43	32
14/06/2026	Jd. Fortaleza II	15	6	6	8
21/06/2026	Jd. Fortaleza II	0	0	0	0
07/06/2026	Vila Nova Bonsucesso	13	19	8	7
14/06/2026	Vila Nova Bonsucesso	16	16	13	8
21/06/2026	Vila Nova Bonsucesso	14	21	13	11
21/06/2026	Jd. Álamo	15	19	9	10
14/06/2026	Jd. Pres. Dutra	19	38	11	10
21/06/2026	Jd. Pres. Dutra	23	30	11	10
21/06/2026	Jd. Pres. Dutra	23	30	11	10
28/06/2026	Orquidiama	7	6	8	8
28/06/2026	Jd. Fátima	18	17	12	20
28/06/2026	Jd. Ponte Alta	0	0	0	0
28/06/2026	Pq. São Luiz	10	3	5	7
28/06/2026	Jd. Maria Dirce	4	8	11	6
21/06/2026	Jd. Maria Dirce	4	5	7	7
31/05/2026	Maria Paula	7	6	15	21
28/06/2026	Maria Paula	10	5	9	20
28/06/2026	Jd. Fortaleza III	5	7	3	4
28/06/2026	Jd. Vila Rica	8	13	8	10
21/06/2026	Maria Paula	14	6	9	7
07/06/2026	Inocoop I	21	21	34	27
14/06/2026	Inocoop I	17	21	14	15
21/06/2026	Inocoop I	20	37	35	17
28/06/2026	Inocoop I	19	27	18	20
28/06/2026	Pq. Santos Dumont	14	16	5	8
21/06/2026	Pq. Residencial Bambi	18	10	18	14
21/06/2026	Vila União	9	5	10	5
28/06/2026	Pq. Residencial Bambi	12	18	16	12
28/06/2026	Vila União	12	5	10	4
28/06/2026	Jd. Novo Portugal	38	30	16	20
28/06/2026	Jd. Hanna	7	9	11	17
28/06/2026	Inocoop II	20	26	10	13
28/06/2026	Jd. Fortaleza II	5	7	7	5
28/06/2026	Vila Carmela	13	23	17	14
28/06/2026	Jd. Ponte Alta II	12	8	7	32
28/06/2026	Jd. Álamo	13	13	9	7
28/06/2026	Soberana I	13	16	10	8
28/06/2026	Jd. Fortaleza II	5	7	7	5
28/06/2026	Vila Carmela	24	22	21	26
28/06/2026	Vila Nova Bonsucesso	14	15	7	12
05/07/2026	Jd. Lenize	15	13	12	7
31/05/2026	Jd. Lenize	13	7	10	12
05/07/2026	Jd. Maria Dirce	7	6	10	8
05/07/2026	Jd. Fortaleza III	5	4	3	4
05/07/2026	Jd. Álamo	15	20	9	11
05/07/2026	Jd. Fátima	21	19	16	18
05/07/2026	Pq. Residencial Bambi	13	9	12	13
05/07/2026	Jd. Vila Rica	13	14	5	15
28/06/2026	Vila São José	09	10	20	08
05/07/2026	Vila União	10	8	8	4
05/07/2026	Vila São José	19	07	12	13
05/07/2026	Inocoop II	17	23	11	16
05/07/2026	Maria Paula	0	0	0	0
05/07/2026	Vila Carmela	22	20	7	17
05/07/2026	Jd. Ponte Alta	11	10	2	7
05/07/2026	Soberana I	15	17	6	9
05/07/2026	Jd. Hanna	8	4	14	15
05/07/2026	Jd. Ponte Alta II	15	15	1	19
05/07/2026	Jd. Fortaleza II	7	7	10	7
05/07/2026	Pq. Santos Dumont	16	28	8	10
05/07/2026	Vila Carmela	26	25	22	20
05/07/2026	Orquidiama	0	0	0	0
12/07/2026	Jd. Lenize	12	9	8	9
12/07/2026	Jd. Fátima	14	9	16	8
12/07/2026	Jd. Fortaleza III	8	4	5	4
12/07/2026	Jd. Maria Dirce	6	7	5	6
12/07/2026	Inocoop II	11	26	6	10
12/07/2026	Jd. Álamo	21	16	12	8
12/07/2026	Pq. Santos Dumont	14	24	6	4
12/07/2026	Pq. Residencial Bambi	10	15	5	7
12/07/2026	Vila São José	0	0	0	0
12/07/2026	Jd. Vila Rica	10	13	8	17
12/07/2026	Jd. Ponte Alta II	9	6	0	21
12/07/2026	Vila União	10	9	4	4
12/07/2026	Jd. Ponte Alta	8	16	2	4
12/07/2026	Jd. Hanna	23	22	28	40
12/07/2026	Vila Carmela	17	16	15	13
12/07/2026	Vila Carmela	24	22	20	21
12/07/2026	Orquidiama	5	7	1	6
12/07/2026	Pq. São Luiz	6	2	8	7
05/07/2026	Pq. São Luiz	10	10	10	10
12/07/2026	Jd. Maria Dirce	6	7	5	6
05/07/2026	Vila Nova Bonsucesso	17	18	10	8
12/07/2026	Vila Nova Bonsucesso	15	14	14	11
19/07/2026	Jd. Maria Dirce	7	3	3	7
19/07/2026	Jd. Fátima	17	13	7	17
19/07/2026	Jd. Ponte Alta	7	8	1	5
19/07/2026	Inocoop II	17	23	10	17
19/07/2026	Jd. Álamo	21	19	7	4
19/07/2026	Vila União	9	7	7	5
19/07/2026	Vila Carmela	22	25	12	18
19/07/2026	Jd. Fortaleza III	0	0	0	0
12/07/2026	Jd. Fortaleza II	8	10	7	10
12/07/2026	Jd. Triunfo	05	06	01	01
05/07/2026	Jd. Triunfo	06	06	03	01
28/06/2026	Jd. Triunfo	05	06	03	00
21/06/2026	Jd. Triunfo	07	10	08	03
14/06/2026	Jd. Triunfo	05	06	03	03
19/07/2026	Jd. Hanna	6	8	12	15
19/07/2026	Jd. Ponte Alta II	11	11	7	12
19/07/2026	Vila Carmela	28	24	18	23
01/02/2026	Maria Paula	7	9	10	15
08/02/2026	Maria Paula	8	6	12	17
15/02/2026	Maria Paula	10	7	7	10
15/02/2026	Maria Paula	8	7	10	15
22/02/2026	Maria Paula	6	6	10	15
05/04/2026	Maria Paula	14	16	15	20
12/04/2026	Maria Paula	10	7	7	10
19/04/2026	Maria Paula	10	9	10	15
03/05/2026	Maria Paula	10	6	8	10
10/05/2026	Maria Paula	6	7	8	10
07/06/2026	Maria Paula	6	9	8	11
14/06/2026	Maria Paula	6	6	10	10
12/07/2026	Maria Paula	10	8	10	14
19/07/2026	Maria Paula	10	8	19	23
12/07/2026	Jd. Novo Portugal	26	16	9	18
19/07/2026	Jd. Novo Portugal	45	17	23	31
10/05/2026	Jd. Jade	5	7	9	7
17/05/2026	Jd. Jade	6	8	11	8
24/05/2026	Jd. Jade	6	7	14	10
31/05/2026	Jd. Jade	5	7	9	8
07/06/2026	Jd. Jade	5	5	9	8
14/06/2026	Jd. Jade	6	6	8	6
28/06/2026	Jd. Jade	6	7	11	8
05/07/2026	Jd. Jade	5	7	7	5
12/07/2026	Jd. Jade	12	13	15	14
19/07/2026	Jd. Jade	6	8	8	7
04/01/2026	Jd. Vila Rica II	5	5	3	9
11/01/2026	Jd. Vila Rica II	5	3	0	5
18/01/2026	Jd. Vila Rica II	5	5	3	14
25/01/2026	Jd. Vila Rica II	2	3	1	14
01/02/2026	Jd. Vila Rica II	4	5	3	10
08/02/2026	Jd. Vila Rica II	6	6	6	12
15/02/2026	Jd. Vila Rica II	11	14	3	18
22/02/2026	Jd. Vila Rica II	8	25	8	12
19/07/2026	Jd. Vila Rica II	10	7	1	13
12/07/2026	Jd. Vila Rica II	4	8	3	11
05/07/2026	Jd. Vila Rica II	5	6	9	11
28/06/2026	Jd. Vila Rica II	0	0	0	0
21/06/2026	Jd. Vila Rica II	19	20	10	13
14/06/2026	Jd. Vila Rica II	4	7	7	9
07/06/2026	Jd. Vila Rica II	8	5	5	9
31/05/2026	Jd. Vila Rica II	8	7	6	14
24/05/2026	Jd. Vila Rica II	8	8	2	15
17/05/2026	Jd. Vila Rica II	5	4	4	12
10/05/2026	Jd. Vila Rica II	9	6	1	10
03/05/2026	Jd. Vila Rica II	5	4	3	6
26/04/2026	Jd. Vila Rica II	7	8	5	12
19/04/2026	Jd. Vila Rica II	19	18	9	17
12/04/2026	Jd. Vila Rica II	3	8	3	7
05/04/2026	Jd. Vila Rica II	4	6	9	7
29/03/2026	Jd. Vila Rica II	8	4	3	8
22/03/2026	Jd. Vila Rica II	24	34	10	17
15/03/2026	Jd. Vila Rica II	4	5	5	15
08/03/2026	Jd. Vila Rica II	4	7	3	13
01/03/2026	Jd. Vila Rica II	4	6	5	13
28/06/2026	Jd. Pres. Dutra	35	36	6	16
05/07/2026	Jd. Pres. Dutra	17	18	9	11
03/05/2026	Soberana II	13	11	9	9
10/05/2026	Soberana II	8	12	4	8
19/07/2026	Jd. Pres. Dutra	27	46	10	11
05/04/2026	Soberana II	15	12	8	17
12/07/2026	Soberana II	10	7	11	6
19/04/2026	Soberana II	10	9	4	11
26/04/2026	Soberana II	10	10	7	11
03/05/2026	Soberana II	9	10	4	11
10/05/2026	Soberana II	12	11	5	8
17/05/2026	Soberana II	9	8	8	10
31/05/2026	Soberana II	8	10	5	11
07/06/2026	Soberana II	10	9	5	10
14/06/2026	Soberana II	09	9	3	10
21/06/2026	Soberana II	6	7	5	12
19/07/2026	Jd. Vila Rica	9	10	7	10
12/04/2026	Inocoop I	28	35	31	38
12/04/2026	Inocoop I	32	30	27	29
05/07/2026	Inocoop I	15	25	24	23
12/07/2026	Inocoop I	25	15	22	17
19/07/2026	Inocoop I	17	22	23	18
19/07/2026	Pq. Residencial Bambi	13	15	4	8
07/06/2026	Jd. Fortaleza	14	18	7	8
14/06/2026	Jd. Fortaleza	15	118	10	15
28/06/2026	Jd. Fortaleza	10	11	8	7
05/07/2026	Jd. Fortaleza	14	15	3	12
19/07/2026	Jd. Fortaleza	24	30	14	16
31/05/2026	Jd. Fortaleza	22	18	5	8
26/04/2026	Cid. Nova Soberana	21	8	7	13
10/05/2026	Cid. Nova Soberana	13	11	8	9
31/05/2026	Cid. Nova Soberana	18	19	12	15
07/06/2026	Cid. Nova Soberana	21	14	13	14
08/02/2026	Cid. Nova Soberana	16	13	10	12
14/06/2026	Cid. Nova Soberana	22	12	10	15
21/06/2026	Cid. Nova Soberana	18	11	12	10
28/06/2026	Cid. Nova Soberana	20	14	8	12
05/07/2026	Cid. Nova Soberana	0	0	0	0
19/07/2026	Cid. Nova Soberana	13	11	10	10
03/05/2026	Jd. St. Paula	4	10	15	18
10/05/2026	Jd. St. Paula	6	16	11	15
17/05/2026	Jd. St. Paula	6	11	17	20
24/05/2026	Jd. St. Paula	7	13	13	21
31/05/2026	Jd. St. Paula	6	13	12	21
07/06/2026	Jd. St. Paula	7	9	15	16
14/06/2026	Jd. St. Paula	6	11	10	13
21/06/2026	Jd. St. Paula	8	9	15	22
28/06/2026	Jd. St. Paula	7	12	11	19
12/07/2026	Cid. Nova Soberana	17	15	8	8
25/07/2026	Jd. Fortaleza III	10	7	6	7
26/04/2026	Jd. St. Paula	7	9	17	21
05/07/2026	Jd. St. Paula	5	9	7	17
12/07/2026	Jd. St. Paula	6	6	10	10
19/07/2026	Jd. St. Paula	4	7	17	20
19/07/2026	Vila Nova Bonsucesso	13	14	10	8
26/07/2026	Jd. Fortaleza III	8	5	4	5
26/07/2026	Vila Nova Bonsucesso	13	17	10	10
26/07/2026	Inocoop II	13	13	11	11
26/07/2026	Jd. Fátima	14	12	10	12
26/07/2026	Maria Paula	10	08	17	19
26/07/2026	Jd. Ponte Alta	10	14	3	4
19/07/2026	Pq. Residencial Bambi	10	11	7	12
26/07/2026	Pq. Residencial Bambi	19	23	8	18
26/07/2026	Vila São José	12	11	18	18
03/05/2026	Jd. Vila Rica	8	8	9	11
26/07/2026	Jd. Vila Rica	0	0	0	0
26/07/2026	Jd. St. Paula	7	11	14	17
26/07/2026	Vila União	11	6	9	4
26/07/2026	Jd. Hanna	4	7	12	16
26/07/2026	Jd. Vila Rica II	3	3	6	7
26/07/2026	Vila Carmela	20	25	13	15
26/07/2026	Jd. Triunfo	07	06	03	04
19/07/2026	Jd. Triunfo	06	08	03	02
26/07/2026	Orquidiama	6	6	5	6
26/07/2026	Jd. Fortaleza II	8	8	5	5
28/06/2026	Soberana II	11	9	5	18
05/07/2026	Soberana II	9	8	4	10
12/07/2026	Soberana II	10	9	5	10
19/07/2026	Soberana II	9	8	4	11
26/07/2026	Soberana II	14	12	8	15
19/07/2026	Jd. Novo Portugal	45	17	23	31
26/07/2026	Jd. Novo Portugal	35	16	19	23
19/07/2026	Jd. Fortaleza II	6	6	3	3
01/02/2026	Jd. Fortaleza II	7	11	5	5
26/07/2026	Vila Carmela	26	22	21	24
04/01/2026	Vila São José	10	10	15	20
11/01/2026	Vila São José	24	12	27	14
19/04/2026	Vila São José	10	13	24	11
26/04/2026	Vila São José	09	16	29	10
19/07/2026	Vila São José	12	18	17	12
18/01/2026	Jd. Novo Portugal	22	22	20	15
25/01/2026	Jd. Novo Portugal	35	25	11	19
26/04/2026	Jd. Novo Portugal	33	35	13	22
03/05/2026	Jd. Novo Portugal	35	20	14	25
10/05/2026	Jd. Novo Portugal	57	42	19	30
17/05/2026	Jd. Novo Portugal	0	0	0	0
31/05/2026	Jd. Novo Portugal	32	29	16	18
07/06/2026	Jd. Novo Portugal	39	30	17	15
05/07/2026	Jd. Novo Portugal	43	29	12	6
19/07/2026	Jd. Novo Portugal	45	17	23	31
26/07/2026	Jd. Novo Portugal	35	16	19	23
08/02/2026	Orquidiama	8	5	6	6
02/08/2026	Jd. Triunfo	0	0	0	0
02/08/2026	Jd. Fortaleza III	7	4	3	3
02/08/2026	Jd. Fátima	13	10	15	9
02/08/2026	Maria Paula	10	10	18	19
02/08/2026	Inocoop II	16	19	9	11
26/07/2026	Jd. Álamo	22	21	13	13
02/08/2026	Jd. Álamo	18	14	7	10
08/02/2026	Jd. Fortaleza II	08	09	07	05
02/08/2026	Jd. Hanna	17	25	17	32
02/08/2026	Soberana II	10	7	6	11
02/08/2026	Pq. Residencial Bambi	14	15	12	17
02/08/2026	Jd. Vila Rica	8	14	7	17
02/08/2026	Vila Carmela	18	16	13	19
02/08/2026	Jd. Ponte Alta	15	10	6	11
02/08/2026	Pq. Santos Dumont	22	30	7	2
02/08/2026	Vila União	11	14	7	5
02/08/2026	Jd. Vila Rica II	4	8	7	12
02/08/2026	Jd. Novo Portugal	0	0	0	0
02/08/2026	Jd. Ponte Alta II	9	7	5	7
02/08/2026	Vila Nova Bonsucesso	16	19	11	10
02/08/2026	Jd. Novo Portugal	0	0	0	0
02/08/2026	Vila Carmela	26	24	21	24
09/08/2026	Jd. Lenize	14	10	11	6
26/07/2026	Jd. Maria Dirce	6	6	7	6
02/08/2026	Jd. Maria Dirce	10	10	7	10
09/08/2026	Jd. Maria Dirce	5	6	9	7
09/08/2026	Jd. Fortaleza III	6	3	1	1
09/08/2026	Jd. Fátima	5	27	16	9
09/08/2026	Inocoop II	18	20	08	10
09/08/2026	Jd. Vila Rica	10	10	5	8
09/08/2026	Maria Paula	8	10	7	10
09/08/2026	Jd. Álamo	11	14	3	6
09/08/2026	Vila União	8	4	4	8
08/09/2026	Orquidiama	6	10	3	8
08/09/2026	Jd. Fortaleza II	5	8	6	9
09/08/2026	Jd. Ponte Alta II	13	10	8	18
09/08/2026	Jd. Ponte Alta II	13	10	8	18
09/08/2026	Jd. Novo Portugal	31	29	16	16
09/08/2026	Jd. Hanna	6	10	6	14
09/08/2026	Jd. Pres. Dutra	31	37	9	12
09/08/2026	Jd. Ponte Alta	10	16	3	9
14/06/2026	Vila São João	16	08	10	10
21/06/2026	Vila São João	13	03	09	06
02/08/2026	Vila São João	10	05	07	11
09/08/2026	Vila São João	10	06	06	07
26/07/2026	Jd. Jade	6	6	7	8
02/08/2026	Jd. Jade	5	6	11	8
09/08/2026	Jd. Jade	5	7	6	7
05/07/2026	Pq. São Luiz	25	25	26	25
02/08/2026	Pq. São Luiz	0	0	0	0
09/08/2026	Vila Carmela	27	25	23	20
02/08/2026	Vila São José	17	18	12	09
09/08/2026	Vila São José	09	08	25	12
16/08/2026	Pq. São Luiz	7	2	12	9
16/08/2026	Jd. Fortaleza III	8	7	7	7
16/08/2026	Maria Paula	7	6	15	20
16/08/2026	Orquidiama	13	09	5	10
16/08/2026	Jd. Fátima	24	13	16	15
16/08/2026	Jd. Hanna	0	0	0	0
16/08/2026	Jd. Álamo	15	14	12	10
16/08/2026	Inocoop II	16	22	13	10
16/08/2026	Jd. Maria Dirce	8	9	12	5
16/08/2026	Vila São José	12	10	31	28
16/08/2026	Jd. Novo Portugal	49	10	15	25
16/08/2026	Jd. Fortaleza II	9	9	5	4
09/08/2026	Pq. Residencial Bambi	15	16	12	13
16/08/2026	Pq. Residencial Bambi	0	0	0	0
09/08/2026	Vila Carmela	20	19	20	28
16/08/2026	Vila Carmela	27	20	15	19
16/08/2026	Vila União	15	13	17	18
16/08/2026	Jd. Vila Rica II	7	6	11	12
09/08/2026	Jd. Triunfo	04	03	00	01
16/08/2026	Jd. Triunfo	06	06	05	02
16/08/2026	Pq. Santos Dumont	0	0	0	0
16/08/2026	Jd. Ponte Alta II	10	15	5	16
05/07/2026	Orquidiama	7	6	8	8
12/07/2026	Orquidiama	5	7	1	6
19/07/2026	Orquidiama	7	7	7	7
26/07/2026	Orquidiama	6	6	5	6
02/08/2026	Orquidiama	8	5	6	6
16/08/2026	Jd. Pres. Dutra	22	27	10	18
16/08/2026	Soberana I	24	26	10	11
09/08/2026	Soberana I	16	15	9	8
02/08/2026	Soberana I	15	13	6	12
26/07/2026	Soberana I	14	16	7	8
19/07/2026	Soberana I	13	14	15	14
12/07/2026	Soberana I	15	17	11	16
21/06/2026	Soberana I	15	10	8	6
14/06/2026	Soberana I	10	13	9	8
18/08/2026	Jd. Vila Rica	9	13	5	11
02/08/2026	Jd. Fortaleza	8	19	7	9
21/06/2026	Jd. Fortaleza	0	0	0	0
12/07/2026	Jd. Fortaleza	0	0	0	0
26/07/2026	Jd. Fortaleza	0	0	0	0
16/08/2026	Jd. Ponte Alta	12	18	4	13
23/08/2026	Jd. Maria Dirce	7	6	6	9
23/08/2026	Pq. São Luiz	10	7	14	10
23/08/2026	Jd. Fortaleza III	5	7	2	5
23/08/2026	Pq. Santos Dumont	16	16	11	14
23/08/2026	Jd. Fátima	15	17	14	12
23/08/2026	Maria Paula	10	8	10	15
23/08/2026	Orquidiama	7	6	7	6
23/08/2026	Jd. Novo Portugal	32	28	18	14
23/08/2026	Soberana I	19	15	11	13
23/08/2026	Pq. Residencial Bambi	14	14	5	10
23/08/2026	Inocoop II	19	22	11	14
23/08/2026	Vila Carmela	0	0	0	0
23/08/2026	Jd. Ponte Alta	16	22	4	9
23/08/2026	Vila União	8	7	10	9
23/08/2026	Vila São José	11	12	15	16
23/08/2026	Jd. Ponte Alta II	8	11	6	18
23/08/2026	Jd. Álamo	17	15	7	9
23/08/2026	Jd. Vila Rica II	4	5	7	14
23/08/2026	Jd. Hanna	6	8	7	21
09/08/2026	Soberana II	9	7	5	12
16/08/2026	Soberana II	9	6	8	15
30/08/2026	Soberana II	7	10	6	16
23/08/2026	Jd. Triunfo	10	08	04	01
23/08/2026	Jd. Pres. Dutra	41	37	16	9
23/08/2026	Jd. Fortaleza II	7	6	6	7
05/04/2026	Vila São João	16	08	10	10
26/04/2026	Vila São João	16	08	10	10
31/05/2026	Vila São João	12	06	09	12
07/06/2026	Vila São João	13	04	09	06
28/06/2026	Vila São João	14	05	08	06
05/07/2026	Vila São João	07	07	08	09
12/07/2026	Vila São João	07	08	07	10
19/07/2026	Vila São João	07	07	08	09
09/08/2026	Vila Nova Bonsucesso	14	15	8	6
16/08/2026	Vila Nova Bonsucesso	13	23	13	11
23/08/2026	Vila Nova Bonsucesso	25	20	28	27
30/08/2026	Vila Nova Bonsucesso	0	0	0	0
23/08/2026	Vila Carmela	27	25	19	17
30/08/2026	Jd. Lenize	7	9	11	10
30/08/2026	Jd. Hanna	6	3	13	19
30/08/2026	Jd. Maria Dirce	7	9	5	8
30/08/2026	Jd. Fortaleza III	8	4	2	4
30/08/2026	Jd. Fátima	12	14	10	9
30/08/2026	Maria Paula	10	10	13	18
30/08/2026	Jd. Álamo	22	16	13	12
30/08/2026	Inocoop II	16	25	12	13
30/08/2026	Soberana I	14	10	9	14
30/08/2026	Soberana II	9	5	6	11
30/08/2026	Pq. Residencial Bambi	15	15	13	16
30/08/2026	Vila União	11	5	8	8
30/08/2026	Jd. Ponte Alta	12	13	5	9
30/08/2026	Orquidiama	8	7	7	11
30/08/2026	Vila São José	09	14	30	15
30/08/2026	Jd. Ponte Alta II	8	12	8	22
02/08/2026	Jd. Fortaleza	8	19	7	9
09/08/2026	Jd. Fortaleza	11	17	7	7
16/08/2026	Jd. Fortaleza	16	13	4	8
23/08/2026	Jd. Fortaleza	19	20	7	6
30/08/2026	Jd. Fortaleza	11	10	9	11
30/08/2026	Jd. Fortaleza II	8	7	10	10
30/08/2026	Jd. Pres. Dutra	33	36	14	10
30/08/2026	Vila Carmela	30	27	12	13
30/08/2026	Vila Carmela	28	25	24	21
12/04/2026	Vila São João	14	06	10	08
17/05/2026	Vila São João	16	08	10	10
30/08/2026	Vila São João	12	07	10	12
30/08/2026	Jd. Vila Rica II	5	6	11	12
03/05/2026	Jd. Lavras	12	16	20	21
10/05/2026	Jd. Lavras	12	41	13	9
17/05/2026	Jd. Lavras	17	27	18	12
24/05/2026	Jd. Lavras	20	23	17	11
31/05/2026	Jd. Lavras	26	37	24	25
07/06/2026	Jd. Lavras	16	26	23	14
14/06/2026	Jd. Lavras	20	25	17	16
21/06/2026	Jd. Lavras	23	18	22	19
28/06/2026	Jd. Lavras	26	36	15	19
05/07/2026	Jd. Lavras	16	33	17	19
12/07/2026	Jd. Lavras	14	26	26	12
19/07/2026	Jd. Lavras	22	31	30	27
26/07/2026	Jd. Lavras	31	35	22	23
09/08/2026	Jd. Lavras	14	26	17	16
16/08/2026	Jd. Lavras	13	29	13	17
23/08/2026	Jd. Lavras	24	38	21	29
30/08/2026	Jd. Lavras	50	80	25	51
23/08/2026	Jd. Vila Rica	10	11	9	8
30/08/2026	Jd. Vila Rica	10	14	11	12
06/09/2026	Jd. Lenize	10	8	7	5
06/09/2026	Orquidiama	6	8	4	7
06/09/2026	Jd. Fátima	10	14	11	14
06/09/2026	Maria Paula	9	7	4	9
06/09/2026	Jd. Fortaleza III	4	7	4	4
06/09/2026	Jd. Vila Rica	12	15	6	10
06/09/2026	Vila São João	10	05	10	06
06/09/2026	Soberana I	14	12	5	11
06/09/2026	Pq. Residencial Bambi	9	12	1	9
06/09/2026	Vila União	6	5	5	3
06/10/2026	Soberana II	8	7	3	13
06/09/2026	Jd. Hanna	5	7	13	19
06/09/2026	Inocoop II	09	24	05	13
06/09/2026	Jd. Ponte Alta	7	10	3	8
06/09/2026	Vila Carmela	15	16	08	12
06/09/2026	Jd. Lavras	22	28	8	9
06/09/2026	Jd. Ponte Alta II	11	8	7	15
06/09/2026	Jd. Pres. Dutra	15	28	6	6
26/07/2026	Jd. Pres. Dutra	0	0	0	0
02/08/2026	Jd. Pres. Dutra	15	21	17	13
12/07/2026	Jd. Pres. Dutra	23	29	12	10
06/09/2026	Jd. Álamo	14	11	4	5
06/09/2026	Vila Carmela	26	27	21	19
30/08/2026	Jd. Novo Portugal	65	27	14	13
06/09/2026	Jd. Novo Portugal	26	22	8	3
06/09/2026	Maria Paula	9	7	4	9
06/09/2026	Pq. São Luiz	5	4	4	3
26/04/2026	Pq. São Luiz	6	3	5	4
19/07/2026	Pq. São Luiz	8	2	5	8
13/09/2026	Pq. São Luiz	8	3	8	8
13/09/2026	Jd. Maria Dirce	5	8	4	5
30/08/2026	Jd. Maria Dirce	7	9	5	8
06/09/2026	Vila Nova Bonsucesso	24	22	20	12
13/09/2026	Inocoop II	15	21	8	14
13/09/2026	Jd. Ponte Alta	7	11	2	6
13/09/2026	Soberana I	13	14	12	9
13/09/2026	Vila São João	07	06	10	08
13/09/2026	Jd. Fátima	30	39	28	29
13/09/2026	Vila União	10	8	8	3
13/09/2026	Jd. Lavras	25	36	13	19
13/09/2026	Vila Carmela	0	0	0	0
13/09/2026	Jd. Hanna	7	8	11	24
13/09/2026	Soberana II	8	7	3	13
09/08/2026	Pq. Santos Dumont	14	15	9	6
06/09/2026	Pq. Santos Dumont	13	21	9	4
30/08/2026	Pq. Santos Dumont	18	16	8	7
16/08/2026	Pq. Santos Dumont	0	0	0	0
13/09/2026	Jd. Álamo	14	14	8	12
13/09/2026	Jd. Ponte Alta II	10	12	2	20
06/09/2026	Jd. Fortaleza II	7	5	5	6
13/09/2026	Jd. Fortaleza II	5	10	3	5
06/09/2026	Vila São José	10	11	14	07
13/09/2026	Vila São José	12	12	16	09
13/09/2026	Pq. Santos Dumont	20	29	8	8
26/07/2026	Inocoop I	21	22	23	16
02/08/2026	Inocoop I	0	0	0	0
09/08/2026	Inocoop I	14	25	26	22
16/08/2026	Inocoop I	29	23	20	14
23/08/2026	Inocoop I	23	26	28	23
30/08/2026	Inocoop I	20	35	32	28
06/09/2026	Inocoop I	17	26	23	21
13/09/2026	Inocoop I	23	21	17	26
13/09/2026	Jd. Pres. Dutra	19	20	8	8
13/09/2026	Vila Carmela	28	25	21	19
13/09/2026	Jd. Fortaleza III	7	4	2	2
20/09/2026	Jd. Lenize	9	9	9	4
20/09/2026	Jd. Fortaleza III	10	7	6	6
20/09/2026	Jd. Fátima	12	15	9	13
20/09/2026	Pq. São Luiz	7	2	9	9
20/09/2026	Jd. Maria Dirce	5	8	10	6
20/09/2026	Inocoop II	19	17	9	10
20/09/2026	Maria Paula	10	8	8	16
20/09/2026	Jd. Ponte Alta	10	9	1	1
20/09/2026	Jd. Álamo	14	17	8	9
20/09/2026	Vila Carmela	20	17	17	12
20/09/2026	Jd. Vila Rica	30	23	14	17
30/08/2026	Jd. Novo Portugal	65	27	14	13
06/09/2026	Jd. Novo Portugal	26	22	08	03
13/09/2026	Jd. Novo Portugal	22	27	10	14
20/09/2026	Jd. Novo Portugal	26	10	16	36
20/09/2026	Soberana II	05	07	06	14
20/09/2026	Vila União	8	4	7	5
20/09/2026	Jd. Ponte Alta II	10	5	7	15
20/09/2026	Jd. Lavras	20	22	14	19
20/09/2026	Vila Carmela	24	25	21	19
20/09/2026	Vila São João	09	06	07	08
20/09/2026	Jd. Pres. Dutra	26	28	7	13
13/09/2026	Vila Nova Bonsucesso	12	16	9	10
20/09/2026	Vila Nova Bonsucesso	0	0	0	0
27/09/2026	Pq. São Luiz	7	2	7	7
27/09/2026	Jd. Maria Dirce	3	6	4	4
27/09/2026	Inocoop II	14	16	14	16
27/09/2026	Vila União	0	0	0	0
27/09/2026	Jd. Fátima	0	0	0	0
27/09/2026	Orquidiama	3	8	5	6
06/09/2026	Jd. Fortaleza	13	17	4	7
13/09/2026	Jd. Fortaleza	11	11	6	12
20/09/2026	Jd. Fortaleza	13	16	7	12
27/09/2026	Jd. Fortaleza	10	14	8	8
27/09/2026	Vila Nova Bonsucesso	17	11	14	13
26/09/2026	Jd. Álamo	24	15	8	7
27/09/2026	Jd. Novo Portugal	33	20	16	14
27/09/2026	Jd. Ponte Alta	13	11	10	8
27/09/2026	Jd. Fortaleza III	4	6	6	4
27/09/2026	Vila União	5	4	7	2
20/09/2026	Vila São José	12	16	23	17
27/09/2026	Vila São José	20	17	35	34
27/09/2026	Vila Carmela	31	28	21	22
27/09/2026	Jd. Ponte Alta II	15	14	14	20
27/09/2026	Soberana I	14	15	10	8
09/08/2026	Jd. Fortaleza II	5	8	6	2
20/09/2026	Jd. Fortaleza II	11	6	5	6
27/09/2026	Jd. Fortaleza II	7	4	4	4
02/08/2026	Jd. Fortaleza II	8	9	7	5
27/09/2026	Jd. Vila Rica	9	11	3	11
27/09/2026	Jd. Hanna	5	6	10	26
09/08/2026	Cid. Nova Soberana	18	13	11	7
